id,type,date,subject,items,created_by,created,modified_by,modified,file
243,Monthly,2020-03-10,CEO Series March 10 - 2,0,Nadine Javellana,2021-03-10 13:52:41,Nadine Javellana,2021-03-10 13:52:41,Monthly/2020/2020-03-10 - CEO Series March 10 - 2.html
1,Daily,2020-07-05,Template Test,6,Developer Master,2020-07-05 19:07:41,Developer Master,2020-07-06 15:52:08,Daily/2020/2020-07-05 - Template Test.html
4,Weekly,2020-07-06,Template Test,14,Developer Master,2020-07-06 16:40:04,Developer Master,2020-07-06 16:40:04,Weekly/2020/2020-07-06 - Template Test.html
6,Monthly,2020-07-08,Template Test,11,Developer Master,2020-07-08 11:28:41,Inksurge Tester,2020-07-31 18:11:19,Monthly/2020/2020-07-08 - Template Test.html
11,Daily,2020-07-10,Regis Phils Blog (10 Jul): House Committee Vote on ABS-CBN Franchise * Metro Pacific Starts Toll Road Segment Construction * Tourism,3,Inksurge Tester,2020-07-14 09:05:27,Inksurge Tester,2020-07-14 09:07:40,Daily/2020/2020-07-10 - Regis Phils Blog (10 Jul)- House Committee Vote on ABS-CBN Franchise - Metro Pacific Starts Toll Road Segment Construction - Tourism.html
15,Daily,2020-07-21,Regis Phils Blog (21 Jul): AC Energy in India * Charter Change * ABS-CBN * SMC Bulacan Airport and Debt Issuance * Infra Spend,4,Inksurge Tester,2020-07-22 20:05:55,Inksurge Tester,2020-07-23 07:51:28,Daily/2020/2020-07-21 - Regis Phils Blog (21 Jul)- AC Energy in India - Charter Change - ABS-CBN - SMC Bulacan Airport and Debt Issuance - Infra Spend.html
13,Daily,2020-07-22,"Regis Phils Blog (22 Jul): New Report on Alcoholic Beverages - EMP & FB Cut to SELL, AGI Raised to BUY * LTG 2Q Tobacco Volumes Down 26% * Megaworld * Semirara * RRR Cut for Small Banks",3,Inksurge Tester,2020-07-15 09:12:25,Inksurge Tester,2020-07-22 16:56:58,"Daily/2020/2020-07-22 - Regis Phils Blog (22 Jul)- New Report on Alcoholic Beverages - EMP & FB Cut to SELL, AGI Raised to BUY - LTG 2Q Tobacco Volumes Down 26%.html"
20,Daily,2020-08-05,REGIS Report,7,Inksurge Tester,2020-08-05 13:59:50,Inksurge Tester,2020-08-05 17:27:51,Daily/2020/2020-08-05 - REGIS Report.html
21,Daily,2020-08-05,TEST,2,Regis CMS,2020-08-05 23:24:47,Regis CMS,2020-08-05 23:24:47,Daily/2020/2020-08-05 - TEST.html
24,Daily,2020-08-05,Metro Pacific - 2Q profit down 63% YoY; Buyback to resume,0,Klyne Resullar,2020-08-06 09:50:47,Klyne Resullar,2020-08-06 09:50:47,Daily/2020/2020-08-05 - Metro Pacific - 2Q profit down 63% YoY; Buyback to resume.html
18,Weekly,2020-08-06,REGIS: Week in Review,12,Inksurge Tester,2020-07-24 10:34:59,Inksurge Tester,2020-08-06 12:00:12,Weekly/2020/2020-08-06 - REGIS- Week in Review.html
22,Daily,2020-08-06,REGIS REPORT (6 August) -  2Q GDP Out Today * Results - JFC (-) SM (-) MPI (+) CNPF (=) DNL (-) FLI (-) * 2Q Property Prices Drop * Inflation * Trade Deficit * Others,6,Inksurge Tester,2020-08-06 08:23:56,Regis CMS,2020-08-06 10:08:45,Daily/2020/2020-08-06 - REGIS REPORT (6 August) - 2Q GDP Out Today - Results - JFC (-) SM (-) MPI (+) CNPF (=) DNL (-) FLI (-) - 2Q Property Prices Drop - Inflat.html
23,Daily,2020-08-06,image test,2,Inksurge Tester,2020-08-06 08:45:45,Inksurge Tester,2020-08-06 08:45:45,Daily/2020/2020-08-06 - image test.html
25,Daily,2020-08-06,Daily Aug 8,2,Inksurge Tester,2020-08-06 10:02:17,Inksurge Tester,2020-08-06 10:02:17,Daily/2020/2020-08-06 - Daily Aug 8.html
26,Daily,2020-08-07,REGIS REPORT (7 Aug): GDP Shrinks 16.5% in 2Q * Results - TEL (+) ICT (+) FB (-) * SEVN 2Q * Revenue Collections Drop * Others,5,Regis CMS,2020-08-07 18:08:47,Regis CMS,2020-08-07 18:08:47,Daily/2020/2020-08-07 - REGIS REPORT (7 Aug)- GDP Shrinks 16.5% in 2Q - Results - TEL (+) ICT (+) FB (-) - SEVN 2Q - Revenue Collections Drop - Others.html
28,Daily,2020-08-10,REGIS REPORT (10 Aug) - TEST,6,Regis CMS,2020-08-10 08:30:45,Regis CMS,2020-08-10 08:30:45,Daily/2020/2020-08-10 - REGIS REPORT (10 Aug) - TEST.html
29,Daily,2020-08-10,Copy of REGIS REPORT (10 Aug) - TEST,6,Regis CMS,2020-08-10 08:30:45,Regis CMS,2020-08-10 08:30:45,Daily/2020/2020-08-10 - Copy of REGIS REPORT (10 Aug) - TEST.html
30,Daily,2020-08-11,REGIS REPORT (11 Aug),3,Regis CMS,2020-08-11 08:00:56,Regis CMS,2020-08-11 09:49:17,Daily/2020/2020-08-11 - REGIS REPORT (11 Aug).html
31,Daily,2020-08-12,REGIS REPORT (12 AUG),3,Regis CMS,2020-08-12 08:02:57,Regis CMS,2020-08-12 08:02:57,Daily/2020/2020-08-12 - REGIS REPORT (12 AUG).html
32,Daily,2020-08-13,REGIS REPORT (13 AUG),5,Regis CMS,2020-08-13 08:14:00,Regis CMS,2020-08-13 08:14:00,Daily/2020/2020-08-13 - REGIS REPORT (13 AUG).html
33,Daily,2020-08-14,REGIS REPORT (14 Aug),5,Regis CMS,2020-08-13 19:37:23,Regis CMS,2020-08-13 19:37:23,Daily/2020/2020-08-14 - REGIS REPORT (14 Aug).html
35,Weekly,2020-08-14,WEEK,11,Regis CMS,2020-08-14 08:58:31,Regis CMS,2020-08-14 08:58:31,Weekly/2020/2020-08-14 - WEEK.html
36,Daily,2020-08-17,REGIS REPORT (17 AUG),9,Regis CMS,2020-08-17 07:48:06,Regis CMS,2020-08-17 08:01:09,Daily/2020/2020-08-17 - REGIS REPORT (17 AUG).html
37,Daily,2020-08-18,REGIS REPORT (18 AUG),6,Regis CMS,2020-08-18 08:09:44,Regis CMS,2020-08-18 08:09:44,Daily/2020/2020-08-18 - REGIS REPORT (18 AUG).html
40,Weekly,2020-08-18,image test,7,Regis CMS,2020-08-19 09:16:11,Regis CMS,2020-08-19 09:16:11,Weekly/2020/2020-08-18 - image test.html
38,Daily,2020-08-19,REGIS REPORT (19 AUG),4,Regis CMS,2020-08-19 08:16:28,Regis CMS,2020-08-19 08:16:28,Daily/2020/2020-08-19 - REGIS REPORT (19 AUG).html
39,Weekly,2020-08-19,"REGIS: Week in Review (Aug 20, 2020)",10,Regis CMS,2020-08-19 08:56:20,Regis CMS,2020-08-20 13:20:00,"Weekly/2020/2020-08-19 - REGIS- Week in Review (Aug 20, 2020).html"
41,Daily,2020-08-20,REGIS REPORT (20 AUG),3,Regis CMS,2020-08-20 08:17:25,Regis CMS,2020-08-20 08:17:25,Daily/2020/2020-08-20 - REGIS REPORT (20 AUG).html
42,Daily,2020-08-24,REGIS REPORT (24 AUG),8,Regis CMS,2020-08-24 08:14:40,Regis CMS,2020-08-24 08:14:40,Daily/2020/2020-08-24 - REGIS REPORT (24 AUG).html
43,Daily,2020-08-25,REGIS REPORT (25 AUG),4,Regis CMS,2020-08-25 08:00:47,Regis CMS,2020-08-25 08:00:47,Daily/2020/2020-08-25 - REGIS REPORT (25 AUG).html
45,Daily,2020-08-26,REGIS REPORT (26 AUG),5,Regis CMS,2020-08-26 08:13:29,Regis CMS,2020-08-26 08:13:29,Daily/2020/2020-08-26 - REGIS REPORT (26 AUG).html
47,Daily,2020-08-27,REGIS REPORT (27 AUG),5,Regis CMS,2020-08-27 09:05:48,Regis CMS,2020-08-27 09:05:48,Daily/2020/2020-08-27 - REGIS REPORT (27 AUG).html
48,Weekly,2020-08-28,REGIS Week in Review: August 28 2020 - draft,11,Alejandro Molina,2020-08-27 09:10:28,Nadine Javellana,2020-08-28 15:16:09,Weekly/2020/2020-08-28 - REGIS Week in Review- August 28 2020 - draft.html
50,Daily,2020-08-28,REGIS REPORT (28 AUG),3,Regis CMS,2020-08-28 09:44:42,Regis CMS,2020-08-28 09:44:42,Daily/2020/2020-08-28 - REGIS REPORT (28 AUG).html
51,Weekly,2020-08-28,REGIS Week in Review: August 28 2020,11,Alejandro Molina,2020-08-27 09:10:28,Nadine Javellana,2020-08-28 15:16:24,Weekly/2020/2020-08-28 - REGIS Week in Review- August 28 2020.html
52,Monthly,2020-08-31,REGIS: Month in Review - Aug 2020,4,Nadine Javellana,2020-08-31 07:03:54,Nadine Javellana,2020-08-31 07:03:54,Monthly/2020/2020-08-31 - REGIS- Month in Review - Aug 2020.html
53,Daily,2020-09-01,REGIS REPORT (1 SEP),3,Regis CMS,2020-09-01 08:21:09,Regis CMS,2020-09-01 08:21:09,Daily/2020/2020-09-01 - REGIS REPORT (1 SEP).html
54,Daily,2020-09-02,REGIS REPORT (2 SEP),4,Regis CMS,2020-09-02 08:08:18,Regis CMS,2020-09-02 08:08:18,Daily/2020/2020-09-02 - REGIS REPORT (2 SEP).html
55,Monthly,2020-09-02,Copy of REGIS: Month in Review - Aug 2020,4,Nadine Javellana,2020-08-31 07:03:54,Nadine Javellana,2020-08-31 07:03:54,Monthly/2020/2020-09-02 - Copy of REGIS- Month in Review - Aug 2020.html
56,Daily,2020-09-03,REGIS REPORT (3 SEP),4,Regis CMS,2020-09-03 08:10:09,Regis CMS,2020-09-03 08:10:09,Daily/2020/2020-09-03 - REGIS REPORT (3 SEP).html
57,Weekly,2020-09-04,REGIS Week in Review: Sept 4 2020,6,Alejandro Molina,2020-09-03 18:38:26,Alejandro Molina,2020-09-03 18:39:02,Weekly/2020/2020-09-04 - REGIS Week in Review- Sept 4 2020.html
58,Daily,2020-09-04,REGIS REPORT (4 SEP),3,Regis CMS,2020-09-04 09:06:47,Regis CMS,2020-09-04 09:06:47,Daily/2020/2020-09-04 - REGIS REPORT (4 SEP).html
61,Daily,2020-09-06,REGIS REPORT (6 SEP) - TEST,3,Regis CMS,2020-09-08 14:00:00,Regis CMS,2020-09-08 14:10:55,Daily/2020/2020-09-06 - REGIS REPORT (6 SEP) - TEST.html
59,Daily,2020-09-07,REGIS REPORT (7 SEP),5,Regis CMS,2020-09-07 08:28:37,Regis CMS,2020-09-07 08:28:37,Daily/2020/2020-09-07 - REGIS REPORT (7 SEP).html
60,Daily,2020-09-08,REGIS REPORT (8 SEP),4,Regis CMS,2020-09-08 08:19:46,Regis CMS,2020-09-08 08:19:46,Daily/2020/2020-09-08 - REGIS REPORT (8 SEP).html
62,Daily,2020-09-09,REGIS REPORT (9 SEP),6,Regis CMS,2020-09-09 08:14:38,Regis CMS,2020-09-09 08:14:38,Daily/2020/2020-09-09 - REGIS REPORT (9 SEP).html
63,Daily,2020-09-10,REGIS REPORT (10 SEP),5,Regis CMS,2020-09-10 08:18:56,Regis CMS,2020-09-10 08:18:56,Daily/2020/2020-09-10 - REGIS REPORT (10 SEP).html
64,Weekly,2020-09-11,REGIS Week in Review: Sept 11 2020,7,Alejandro Molina,2020-09-10 15:31:02,Alejandro Molina,2020-09-10 15:31:02,Weekly/2020/2020-09-11 - REGIS Week in Review- Sept 11 2020.html
65,Daily,2020-09-11,REGIS REPORT (11 SEP),6,Regis CMS,2020-09-11 08:14:01,Regis CMS,2020-09-11 08:14:01,Daily/2020/2020-09-11 - REGIS REPORT (11 SEP).html
66,Daily,2020-09-14,REGIS REPORT (14 SEP),6,Regis CMS,2020-09-14 08:13:33,Regis CMS,2020-09-14 08:13:33,Daily/2020/2020-09-14 - REGIS REPORT (14 SEP).html
67,Daily,2020-09-15,REGIS REPORT (15 SEP),4,Regis CMS,2020-09-15 08:17:31,Regis CMS,2020-09-15 08:17:31,Daily/2020/2020-09-15 - REGIS REPORT (15 SEP).html
68,Daily,2020-09-16,REGIS REPORT (16 SEP),4,Regis CMS,2020-09-16 08:22:51,Regis CMS,2020-09-16 08:22:51,Daily/2020/2020-09-16 - REGIS REPORT (16 SEP).html
69,Daily,2020-09-17,REGIS REPORT (17 SEP),5,Regis CMS,2020-09-17 08:21:56,Regis CMS,2020-09-17 08:21:56,Daily/2020/2020-09-17 - REGIS REPORT (17 SEP).html
70,Weekly,2020-09-18,REGIS Week in Review: Sept 18 2020,8,Alejandro Molina,2020-09-17 08:34:23,Alejandro Molina,2020-09-17 09:09:29,Weekly/2020/2020-09-18 - REGIS Week in Review- Sept 18 2020.html
71,Daily,2020-09-18,REGIS REPORT (18 SEP),4,Regis CMS,2020-09-18 08:11:44,Regis CMS,2020-09-18 08:11:44,Daily/2020/2020-09-18 - REGIS REPORT (18 SEP).html
72,Weekly,2020-09-18,Copy of REGIS Week in Review: Sept 18 2020,7,Alejandro Molina,2020-09-17 08:34:23,Alejandro Molina,2020-09-17 09:09:29,Weekly/2020/2020-09-18 - Copy of REGIS Week in Review- Sept 18 2020.html
73,Weekly,2020-09-18,Copy of Copy of REGIS Week in Review: Sept 18 2020,8,Alejandro Molina,2020-09-17 08:34:23,Alejandro Molina,2020-09-17 09:09:29,Weekly/2020/2020-09-18 - Copy of Copy of REGIS Week in Review- Sept 18 2020.html
74,Daily,2020-09-21,REGIS REPORT (21 SEP),5,Regis CMS,2020-09-21 08:44:14,Regis CMS,2020-09-21 08:44:14,Daily/2020/2020-09-21 - REGIS REPORT (21 SEP).html
75,Daily,2020-09-22,REGIS REPORT (22 SEP),6,Regis CMS,2020-09-22 08:20:39,Regis CMS,2020-09-22 08:20:39,Daily/2020/2020-09-22 - REGIS REPORT (22 SEP).html
76,Daily,2020-09-23,REGIS REPORT (23 SEP),6,Regis CMS,2020-09-23 08:54:11,Regis CMS,2020-09-23 08:54:11,Daily/2020/2020-09-23 - REGIS REPORT (23 SEP).html
77,Daily,2020-09-24,REGIS REPORT (24 SEP),5,Regis CMS,2020-09-24 08:10:00,Regis CMS,2020-09-24 08:10:00,Daily/2020/2020-09-24 - REGIS REPORT (24 SEP).html
78,Daily,2020-09-25,REGIS REPORT (25 SEP),5,Regis CMS,2020-09-25 08:12:23,Regis CMS,2020-09-25 08:12:23,Daily/2020/2020-09-25 - REGIS REPORT (25 SEP).html
79,Weekly,2020-09-25,REGIS Week in Review: Sept 25 2020,8,Alejandro Molina,2020-09-25 09:16:52,Alejandro Molina,2020-09-25 09:16:52,Weekly/2020/2020-09-25 - REGIS Week in Review- Sept 25 2020.html
80,Weekly,2020-09-25,Copy of REGIS Week in Review: Sept 25 2020,8,Alejandro Molina,2020-09-25 09:16:52,Alejandro Molina,2020-09-25 09:16:52,Weekly/2020/2020-09-25 - Copy of REGIS Week in Review- Sept 25 2020.html
81,Daily,2020-09-28,REGIS REPORT (28 SEP),7,Regis CMS,2020-09-28 08:11:54,Regis CMS,2020-09-28 08:11:54,Daily/2020/2020-09-28 - REGIS REPORT (28 SEP).html
82,Monthly,2020-09-28,Copy of REGIS: Month in Review - Aug 2020,6,Nadine Javellana,2020-08-31 07:03:54,Nadine Javellana,2020-08-31 07:03:54,Monthly/2020/2020-09-28 - Copy of REGIS- Month in Review - Aug 2020.html
83,Daily,2020-09-29,REGIS REPORT (29 SEP),8,Regis CMS,2020-09-29 08:24:04,Regis CMS,2020-09-29 08:24:04,Daily/2020/2020-09-29 - REGIS REPORT (29 SEP).html
84,Daily,2020-09-30,REGIS REPORT (30 SEP),2,Regis CMS,2020-09-30 08:33:03,Regis CMS,2020-09-30 08:33:03,Daily/2020/2020-09-30 - REGIS REPORT (30 SEP).html
86,Monthly,2020-09-30,Month in Review - Sep 2020,5,Nadine Javellana,2020-10-01 12:56:35,Nadine Javellana,2020-10-01 12:56:35,Monthly/2020/2020-09-30 - Month in Review - Sep 2020.html
85,Daily,2020-10-01,REGIS REPORT (1 OCT),6,Regis CMS,2020-10-01 08:20:46,Regis CMS,2020-10-01 08:20:46,Daily/2020/2020-10-01 - REGIS REPORT (1 OCT).html
89,Monthly,2020-10-01,Copy of Month in Review - Sep 2020,10,Nadine Javellana,2020-10-01 12:56:35,Nadine Javellana,2020-10-01 12:56:35,Monthly/2020/2020-10-01 - Copy of Month in Review - Sep 2020.html
87,Weekly,2020-10-02,REGIS Week in Review: Oct 2 2020,7,Alejandro Molina,2020-10-01 15:04:28,Alejandro Molina,2020-10-01 15:04:28,Weekly/2020/2020-10-02 - REGIS Week in Review- Oct 2 2020.html
90,Daily,2020-10-02,REGIS REPORT (2 OCT),7,Regis CMS,2020-10-02 08:58:23,Regis CMS,2020-10-02 08:58:23,Daily/2020/2020-10-02 - REGIS REPORT (2 OCT).html
91,Daily,2020-10-05,REGIS REPORT (5 OCT),3,Regis CMS,2020-10-05 09:04:53,Regis CMS,2020-10-05 09:04:53,Daily/2020/2020-10-05 - REGIS REPORT (5 OCT).html
92,Daily,2020-10-06,REGIS REPORT (6 OCT),6,Regis CMS,2020-10-06 08:18:19,Regis CMS,2020-10-06 08:18:19,Daily/2020/2020-10-06 - REGIS REPORT (6 OCT).html
93,Daily,2020-10-07,REGIS REPORT (7 OCT),4,Regis CMS,2020-10-07 09:04:43,Regis CMS,2020-10-07 09:04:43,Daily/2020/2020-10-07 - REGIS REPORT (7 OCT).html
94,Daily,2020-10-08,REGIS REPORT (8 OCT),8,Regis CMS,2020-10-08 09:04:28,Regis CMS,2020-10-08 09:04:28,Daily/2020/2020-10-08 - REGIS REPORT (8 OCT).html
95,Weekly,2020-10-09,REGIS Week in Review: Oct 9 2020,9,Alejandro Molina,2020-10-08 19:54:34,Alejandro Molina,2020-10-08 20:43:15,Weekly/2020/2020-10-09 - REGIS Week in Review- Oct 9 2020.html
96,Daily,2020-10-09,REGIS REPORT (9 OCT),4,Regis CMS,2020-10-09 09:11:38,Regis CMS,2020-10-09 09:11:38,Daily/2020/2020-10-09 - REGIS REPORT (9 OCT).html
97,Weekly,2020-10-09,Copy of REGIS Week in Review: Oct 9 2020,9,Alejandro Molina,2020-10-08 19:54:34,Alejandro Molina,2020-10-08 20:43:15,Weekly/2020/2020-10-09 - Copy of REGIS Week in Review- Oct 9 2020.html
98,Daily,2020-10-12,REGIS REPORT (12 OCT),5,Regis CMS,2020-10-12 08:59:52,Regis CMS,2020-10-12 08:59:52,Daily/2020/2020-10-12 - REGIS REPORT (12 OCT).html
99,Daily,2020-10-13,REGIS REPORT (13 OCT),7,Regis CMS,2020-10-13 09:30:06,Regis CMS,2020-10-13 09:30:06,Daily/2020/2020-10-13 - REGIS REPORT (13 OCT).html
100,Daily,2020-10-14,REGIS REPORT (14 OCT),5,Regis CMS,2020-10-14 09:00:38,Regis CMS,2020-10-14 09:00:38,Daily/2020/2020-10-14 - REGIS REPORT (14 OCT).html
102,Daily,2020-10-15,REGIS REPORT (15 OCT),5,Regis CMS,2020-10-15 08:19:24,Regis CMS,2020-10-15 08:19:24,Daily/2020/2020-10-15 - REGIS REPORT (15 OCT).html
101,Weekly,2020-10-16,REGIS Week in Review: Oct 16 2020,8,Alejandro Molina,2020-10-14 14:46:21,Alejandro Molina,2020-10-14 14:46:21,Weekly/2020/2020-10-16 - REGIS Week in Review- Oct 16 2020.html
103,Daily,2020-10-16,REGIS REPORT (16 OCT),5,Regis CMS,2020-10-16 09:03:08,Regis CMS,2020-10-16 09:03:08,Daily/2020/2020-10-16 - REGIS REPORT (16 OCT).html
104,Weekly,2020-10-16,Copy of REGIS Week in Review: Oct 16 2020,8,Alejandro Molina,2020-10-14 14:46:21,Alejandro Molina,2020-10-14 14:46:21,Weekly/2020/2020-10-16 - Copy of REGIS Week in Review- Oct 16 2020.html
105,Daily,2020-10-19,REGIS REPORT (19 OCT),8,Regis CMS,2020-10-19 08:10:38,Regis CMS,2020-10-19 08:10:38,Daily/2020/2020-10-19 - REGIS REPORT (19 OCT).html
106,Daily,2020-10-20,REGIS REPORT (20 OCT),4,Regis CMS,2020-10-20 08:35:23,Regis CMS,2020-10-20 08:35:23,Daily/2020/2020-10-20 - REGIS REPORT (20 OCT).html
107,Daily,2020-10-21,REGIS REPORT (21 OCT),6,Regis CMS,2020-10-21 08:29:51,Regis CMS,2020-10-21 08:29:51,Daily/2020/2020-10-21 - REGIS REPORT (21 OCT).html
108,Daily,2020-10-22,REGIS REPORT (22 OCT),3,Regis CMS,2020-10-22 08:04:16,Regis CMS,2020-10-22 08:52:48,Daily/2020/2020-10-22 - REGIS REPORT (22 OCT).html
109,Weekly,2020-10-23,REGIS Week in Review: Oct 23 2020,8,Alejandro Molina,2020-10-22 08:44:56,Alejandro Molina,2020-10-22 08:44:56,Weekly/2020/2020-10-23 - REGIS Week in Review- Oct 23 2020.html
110,Daily,2020-10-23,REGIS REPORT (23 OCT),6,Regis CMS,2020-10-23 08:11:38,Regis CMS,2020-10-23 08:11:38,Daily/2020/2020-10-23 - REGIS REPORT (23 OCT).html
111,Weekly,2020-10-23,Copy of REGIS Week in Review: Oct 23 2020,8,Alejandro Molina,2020-10-22 08:44:56,Alejandro Molina,2020-10-22 08:44:56,Weekly/2020/2020-10-23 - Copy of REGIS Week in Review- Oct 23 2020.html
112,Daily,2020-10-26,REGIS REPORT (26 OCT),5,Regis CMS,2020-10-26 08:33:13,Regis CMS,2020-10-26 08:33:13,Daily/2020/2020-10-26 - REGIS REPORT (26 OCT).html
113,Daily,2020-10-27,REGIS REPORT (27 OCT),3,Regis CMS,2020-10-27 08:45:40,Regis CMS,2020-10-27 08:45:40,Daily/2020/2020-10-27 - REGIS REPORT (27 OCT).html
114,Daily,2020-10-28,REGIS REPORT (28 OCT),6,Regis CMS,2020-10-28 08:19:31,Regis CMS,2020-10-28 09:46:20,Daily/2020/2020-10-28 - REGIS REPORT (28 OCT).html
116,Daily,2020-10-29,REGIS REPORT (29 OCT),3,Regis CMS,2020-10-29 08:36:15,Regis CMS,2020-10-29 08:36:15,Daily/2020/2020-10-29 - REGIS REPORT (29 OCT).html
115,Weekly,2020-10-30,REGIS Week in Review: Oct 30 2020,15,Alejandro Molina,2020-10-28 12:26:38,Alejandro Molina,2020-10-28 12:26:38,Weekly/2020/2020-10-30 - REGIS Week in Review- Oct 30 2020.html
117,Daily,2020-10-30,REGIS REPORT (30 OCT),5,Regis CMS,2020-10-30 08:11:47,Regis CMS,2020-10-30 08:11:47,Daily/2020/2020-10-30 - REGIS REPORT (30 OCT).html
118,Weekly,2020-10-30,Copy of REGIS Week in Review: Oct 30 2020,15,Alejandro Molina,2020-10-28 12:26:38,Alejandro Molina,2020-10-28 12:26:38,Weekly/2020/2020-10-30 - Copy of REGIS Week in Review- Oct 30 2020.html
119,Monthly,2020-10-31,Month in Review: Oct 2020,5,Regis CMS,2020-11-02 16:49:19,Regis CMS,2020-11-02 16:49:19,Monthly/2020/2020-10-31 - Month in Review- Oct 2020.html
120,Daily,2020-11-03,REGIS REPORT (3 NOV),5,Regis CMS,2020-11-03 08:43:26,Regis CMS,2020-11-03 08:43:26,Daily/2020/2020-11-03 - REGIS REPORT (3 NOV).html
121,Monthly,2020-11-03,Copy of Month in Review: Oct 2020,5,Regis CMS,2020-11-02 16:49:19,Regis CMS,2020-11-02 16:49:19,Monthly/2020/2020-11-03 - Copy of Month in Review- Oct 2020.html
122,Daily,2020-11-04,REGIS REPORT (4 NOV),9,Regis CMS,2020-11-04 08:23:37,Regis CMS,2020-11-04 08:23:37,Daily/2020/2020-11-04 - REGIS REPORT (4 NOV).html
124,Daily,2020-11-05,REGIS REPORT (5 NOV),7,Regis CMS,2020-11-05 08:14:24,Regis CMS,2020-11-05 08:14:24,Daily/2020/2020-11-05 - REGIS REPORT (5 NOV).html
123,Weekly,2020-11-06,REGIS Week in Review: Nov 06 2020,18,Alejandro Molina,2020-11-04 12:00:29,Alejandro Molina,2020-11-04 12:00:29,Weekly/2020/2020-11-06 - REGIS Week in Review- Nov 06 2020.html
125,Daily,2020-11-06,REGIS REPORT (6 NOV),4,Regis CMS,2020-11-06 08:32:17,Regis CMS,2020-11-06 08:32:17,Daily/2020/2020-11-06 - REGIS REPORT (6 NOV).html
126,Weekly,2020-11-06,Copy of REGIS Week in Review: Nov 06 2020,18,Alejandro Molina,2020-11-04 12:00:29,Alejandro Molina,2020-11-04 12:00:29,Weekly/2020/2020-11-06 - Copy of REGIS Week in Review- Nov 06 2020.html
127,Daily,2020-11-09,REGIS REPORT (9 NOV),3,Regis CMS,2020-11-09 08:19:48,Regis CMS,2020-11-09 08:19:48,Daily/2020/2020-11-09 - REGIS REPORT (9 NOV).html
128,Daily,2020-11-10,REGIS REPORT (10 NOV),4,Regis CMS,2020-11-10 09:12:59,Regis CMS,2020-11-10 09:12:59,Daily/2020/2020-11-10 - REGIS REPORT (10 NOV).html
129,Daily,2020-11-11,REGIS REPORT (11 NOV),5,Regis CMS,2020-11-11 09:01:43,Regis CMS,2020-11-11 09:01:43,Daily/2020/2020-11-11 - REGIS REPORT (11 NOV).html
131,Weekly,2020-11-13,REGIS Week in Review: Nov 13 2020,17,Alejandro Molina,2020-11-12 13:54:17,Alejandro Molina,2020-11-12 13:54:17,Weekly/2020/2020-11-13 - REGIS Week in Review- Nov 13 2020.html
132,Daily,2020-11-13,REGIS REPORT (13 NOV),6,Regis CMS,2020-11-13 08:50:08,Regis CMS,2020-11-13 08:50:08,Daily/2020/2020-11-13 - REGIS REPORT (13 NOV).html
133,Daily,2020-11-16,REGIS REPORT (16 NOV),12,Regis CMS,2020-11-16 08:11:21,Regis CMS,2020-11-16 08:11:21,Daily/2020/2020-11-16 - REGIS REPORT (16 NOV).html
134,Daily,2020-11-17,REGIS REPORT (17 NOV),8,Regis CMS,2020-11-17 08:49:24,Regis CMS,2020-11-17 08:49:24,Daily/2020/2020-11-17 - REGIS REPORT (17 NOV).html
135,Daily,2020-11-18,REGIS REPORT (18 NOV),4,Regis CMS,2020-11-18 08:26:48,Regis CMS,2020-11-18 08:26:48,Daily/2020/2020-11-18 - REGIS REPORT (18 NOV).html
137,Daily,2020-11-19,REGIS REPORT (19 NOV),3,Regis CMS,2020-11-19 09:21:11,Regis CMS,2020-11-19 09:21:11,Daily/2020/2020-11-19 - REGIS REPORT (19 NOV).html
136,Weekly,2020-11-20,REGIS Week in Review: Nov 20 2020,18,Alejandro Molina,2020-11-18 20:09:30,Alejandro Molina,2020-11-18 20:09:30,Weekly/2020/2020-11-20 - REGIS Week in Review- Nov 20 2020.html
138,Daily,2020-11-20,REGIS REPORT (20 NOV),2,Regis CMS,2020-11-20 09:18:07,Regis CMS,2020-11-20 09:18:07,Daily/2020/2020-11-20 - REGIS REPORT (20 NOV).html
139,Weekly,2020-11-20,Copy of REGIS Week in Review: Nov 20 2020,19,Alejandro Molina,2020-11-18 20:09:30,Alejandro Molina,2020-11-18 20:09:30,Weekly/2020/2020-11-20 - Copy of REGIS Week in Review- Nov 20 2020.html
140,Weekly,2020-11-20,Copy of REGIS Week in Review: Nov 20 2020,19,Alejandro Molina,2020-11-18 20:09:30,Alejandro Molina,2020-11-18 20:09:30,Weekly/2020/2020-11-20 - Copy of REGIS Week in Review- Nov 20 2020 (id 140).html
141,Daily,2020-11-23,REGIS REPORT (23 NOV),4,Regis CMS,2020-11-23 09:00:20,Regis CMS,2020-11-23 09:00:20,Daily/2020/2020-11-23 - REGIS REPORT (23 NOV).html
142,Daily,2020-11-24,REGIS REPORT (24 NOV),4,Regis CMS,2020-11-24 09:36:55,Regis CMS,2020-11-24 09:36:55,Daily/2020/2020-11-24 - REGIS REPORT (24 NOV).html
143,Daily,2020-11-25,REGIS REPORT (25 NOV),3,Regis CMS,2020-11-25 08:21:42,Regis CMS,2020-11-25 08:21:42,Daily/2020/2020-11-25 - REGIS REPORT (25 NOV).html
144,Daily,2020-11-26,REGIS REPORT (26 NOV),4,Regis CMS,2020-11-26 08:13:29,Regis CMS,2020-11-26 08:13:29,Daily/2020/2020-11-26 - REGIS REPORT (26 NOV).html
145,Weekly,2020-11-27,REGIS Week in Review: Nov 27 2020,12,Alejandro Molina,2020-11-26 08:14:04,Alejandro Molina,2020-11-26 08:14:04,Weekly/2020/2020-11-27 - REGIS Week in Review- Nov 27 2020.html
146,Daily,2020-11-27,REGIS REPORT (27 NOV),6,Regis CMS,2020-11-27 08:38:36,Regis CMS,2020-11-27 08:38:36,Daily/2020/2020-11-27 - REGIS REPORT (27 NOV).html
147,Weekly,2020-11-27,Copy of REGIS Week in Review: Nov 27 2020,12,Alejandro Molina,2020-11-26 08:14:04,Alejandro Molina,2020-11-26 08:14:04,Weekly/2020/2020-11-27 - Copy of REGIS Week in Review- Nov 27 2020.html
148,Monthly,2020-11-29,DRAFT Month in Review: Nov 2020,5,Regis CMS,2020-11-02 16:49:19,Regis CMS,2020-11-30 09:34:56,Monthly/2020/2020-11-29 - DRAFT Month in Review- Nov 2020.html
149,Daily,2020-12-01,REGIS REPORT (1 DEC),4,Regis CMS,2020-12-01 09:41:54,Regis CMS,2020-12-01 09:41:54,Daily/2020/2020-12-01 - REGIS REPORT (1 DEC).html
151,Daily,2020-12-02,REGIS REPORT (2 DEC),6,Regis CMS,2020-12-02 08:26:56,Regis CMS,2020-12-02 08:26:56,Daily/2020/2020-12-02 - REGIS REPORT (2 DEC).html
152,Daily,2020-12-03,REGIS REPORT (3 DEC),6,Regis CMS,2020-12-03 09:12:25,Regis CMS,2020-12-03 09:12:25,Daily/2020/2020-12-03 - REGIS REPORT (3 DEC).html
153,Weekly,2020-12-04,REGIS Week in Review: Dec 4 2020,6,Alejandro Molina,2020-12-03 10:10:06,Alejandro Molina,2020-12-03 10:10:06,Weekly/2020/2020-12-04 - REGIS Week in Review- Dec 4 2020.html
154,Daily,2020-12-04,REGIS REPORT (4 DEC),6,Regis CMS,2020-12-04 09:16:53,Regis CMS,2020-12-04 09:16:53,Daily/2020/2020-12-04 - REGIS REPORT (4 DEC).html
155,Weekly,2020-12-04,Copy of REGIS Week in Review: Dec 4 2020,6,Alejandro Molina,2020-12-03 10:10:06,Alejandro Molina,2020-12-03 10:10:06,Weekly/2020/2020-12-04 - Copy of REGIS Week in Review- Dec 4 2020.html
156,Daily,2020-12-07,REGIS REPORT (7 DEC),7,Regis CMS,2020-12-07 08:13:40,Regis CMS,2020-12-07 08:13:40,Daily/2020/2020-12-07 - REGIS REPORT (7 DEC).html
157,Daily,2020-12-09,REGIS REPORT (9 DEC),4,Regis CMS,2020-12-09 09:08:09,Regis CMS,2020-12-09 09:08:09,Daily/2020/2020-12-09 - REGIS REPORT (9 DEC).html
159,Daily,2020-12-10,REGIS REPORT (10 DEC),6,Regis CMS,2020-12-10 08:31:19,Regis CMS,2020-12-10 08:31:19,Daily/2020/2020-12-10 - REGIS REPORT (10 DEC).html
158,Weekly,2020-12-11,REGIS Week in Review: Dec 11 2020,6,Alejandro Molina,2020-12-09 19:45:11,Alejandro Molina,2020-12-09 19:45:11,Weekly/2020/2020-12-11 - REGIS Week in Review- Dec 11 2020.html
160,Daily,2020-12-11,REGIS REPORT (11 DEC),6,Regis CMS,2020-12-11 08:29:17,Regis CMS,2020-12-11 08:29:17,Daily/2020/2020-12-11 - REGIS REPORT (11 DEC).html
161,Daily,2020-12-14,REGIS REPORT (14 DEC),4,Regis CMS,2020-12-14 09:17:40,Regis CMS,2020-12-14 09:17:40,Daily/2020/2020-12-14 - REGIS REPORT (14 DEC).html
162,Daily,2020-12-15,REGIS REPORT (15 DEC),6,Regis CMS,2020-12-15 08:34:26,Regis CMS,2020-12-15 08:34:26,Daily/2020/2020-12-15 - REGIS REPORT (15 DEC).html
163,Daily,2020-12-16,REGIS REPORT (16 DEC),9,Regis CMS,2020-12-16 09:14:36,Regis CMS,2020-12-16 09:14:36,Daily/2020/2020-12-16 - REGIS REPORT (16 DEC).html
165,Daily,2020-12-17,REGIS REPORT (17 DEC),7,Regis CMS,2020-12-17 08:30:42,Regis CMS,2020-12-17 08:30:42,Daily/2020/2020-12-17 - REGIS REPORT (17 DEC).html
166,Weekly,2020-12-18,REGIS Week in Review: Dec 18 2020,6,Alejandro Molina,2020-12-17 09:20:44,Alejandro Molina,2020-12-17 09:20:44,Weekly/2020/2020-12-18 - REGIS Week in Review- Dec 18 2020.html
167,Daily,2020-12-18,REGIS REPORT (18 DEC),7,Regis CMS,2020-12-18 08:23:48,Regis CMS,2020-12-18 08:23:48,Daily/2020/2020-12-18 - REGIS REPORT (18 DEC).html
170,Daily,2020-12-21,REGIS REPORT (21 DEC),5,Regis CMS,2020-12-21 08:23:48,Regis CMS,2020-12-21 08:23:48,Daily/2020/2020-12-21 - REGIS REPORT (21 DEC).html
174,Daily,2020-12-22,REGIS REPORT (22 DEC),9,Regis CMS,2020-12-22 08:28:55,Regis CMS,2020-12-22 09:32:37,Daily/2020/2020-12-22 - REGIS REPORT (22 DEC).html
178,Weekly,2020-12-23,REGIS Week in Review: Dec 23 2020,6,Alejandro Molina,2020-12-17 09:20:44,Regis CMS,2020-12-23 08:09:51,Weekly/2020/2020-12-23 - REGIS Week in Review- Dec 23 2020.html
179,Daily,2020-12-23,REGIS REPORT (23 DEC),4,Regis CMS,2020-12-23 08:41:52,Regis CMS,2020-12-23 08:41:52,Daily/2020/2020-12-23 - REGIS REPORT (23 DEC).html
180,Daily,2020-12-28,REGIS REPORT (28 DEC),3,Regis CMS,2020-12-28 09:39:21,Regis CMS,2020-12-28 09:39:21,Daily/2020/2020-12-28 - REGIS REPORT (28 DEC).html
181,Daily,2020-12-29,REGIS REPORT (29 DEC),6,Regis CMS,2020-12-29 08:21:40,Regis CMS,2020-12-29 08:21:40,Daily/2020/2020-12-29 - REGIS REPORT (29 DEC).html
150,Monthly,2020-12-30,REGIS: Month in Review - Dec 2020,4,Regis CMS,2020-12-01 10:14:16,Regis CMS,2020-12-29 08:57:36,Monthly/2020/2020-12-30 - REGIS- Month in Review - Dec 2020.html
182,Daily,2021-01-04,REGIS REPORT (4 JAN),8,Regis CMS,2021-01-04 09:00:23,Regis CMS,2021-01-04 09:00:23,Daily/2021/2021-01-04 - REGIS REPORT (4 JAN).html
183,Daily,2021-01-05,REGIS REPORT (5 JAN),5,Regis CMS,2021-01-05 08:42:26,Regis CMS,2021-01-05 08:42:26,Daily/2021/2021-01-05 - REGIS REPORT (5 JAN).html
184,Daily,2021-01-06,REGIS REPORT (6 JAN),6,Regis CMS,2021-01-06 09:01:00,Regis CMS,2021-01-06 09:01:00,Daily/2021/2021-01-06 - REGIS REPORT (6 JAN).html
186,Daily,2021-01-07,REGIS REPORT (7 JAN),3,Regis CMS,2021-01-07 08:37:28,Regis CMS,2021-01-07 08:37:28,Daily/2021/2021-01-07 - REGIS REPORT (7 JAN).html
185,Weekly,2021-01-08,REGIS Week in Review: Jan 8 2021,8,Alejandro Molina,2021-01-06 16:32:10,Alejandro Molina,2021-01-06 16:32:10,Weekly/2021/2021-01-08 - REGIS Week in Review- Jan 8 2021.html
187,Daily,2021-01-08,REGIS REPORT (8 JAN),6,Regis CMS,2021-01-08 08:10:09,Regis CMS,2021-01-08 08:10:09,Daily/2021/2021-01-08 - REGIS REPORT (8 JAN).html
188,Daily,2021-01-11,REGIS REPORT (11 JAN),6,Regis CMS,2021-01-11 08:25:18,Regis CMS,2021-01-11 08:25:18,Daily/2021/2021-01-11 - REGIS REPORT (11 JAN).html
189,Daily,2021-01-12,REGIS REPORT (12 JAN),3,Regis CMS,2021-01-12 08:11:58,Regis CMS,2021-01-12 08:11:58,Daily/2021/2021-01-12 - REGIS REPORT (12 JAN).html
190,Daily,2021-01-13,REGIS REPORT (13 JAN),7,Regis CMS,2021-01-13 09:15:05,Regis CMS,2021-01-13 09:15:05,Daily/2021/2021-01-13 - REGIS REPORT (13 JAN).html
191,Daily,2021-01-14,REGIS REPORT (14 JAN),3,Regis CMS,2021-01-14 09:09:14,Regis CMS,2021-01-14 09:09:14,Daily/2021/2021-01-14 - REGIS REPORT (14 JAN).html
192,Weekly,2021-01-15,REGIS Week in Review: Jan 15 2021,6,Alejandro Molina,2021-01-14 11:20:36,Alejandro Molina,2021-01-14 11:20:36,Weekly/2021/2021-01-15 - REGIS Week in Review- Jan 15 2021.html
193,Daily,2021-01-15,REGIS REPORT (15 JAN),4,Regis CMS,2021-01-15 08:25:21,Regis CMS,2021-01-15 08:25:21,Daily/2021/2021-01-15 - REGIS REPORT (15 JAN).html
194,Daily,2021-01-18,REGIS REPORT (18 JAN),4,Regis CMS,2021-01-18 08:20:04,Regis CMS,2021-01-18 08:20:04,Daily/2021/2021-01-18 - REGIS REPORT (18 JAN).html
195,Daily,2021-01-19,REGIS REPORT (19 JAN),6,Regis CMS,2021-01-19 08:14:32,Regis CMS,2021-01-19 08:14:32,Daily/2021/2021-01-19 - REGIS REPORT (19 JAN).html
196,Daily,2021-01-20,REGIS REPORT (20 JAN),6,Regis CMS,2021-01-20 08:14:45,Regis CMS,2021-01-20 08:14:45,Daily/2021/2021-01-20 - REGIS REPORT (20 JAN).html
197,Daily,2021-01-21,REGIS REPORT (21 JAN),7,Carl Sy,2021-01-21 09:11:33,Carl Sy,2021-01-21 09:11:33,Daily/2021/2021-01-21 - REGIS REPORT (21 JAN).html
198,Weekly,2021-01-22,REGIS Week in Review: Jan 22 2021,9,Alejandro Molina,2021-01-21 19:46:45,Alejandro Molina,2021-01-21 19:46:45,Weekly/2021/2021-01-22 - REGIS Week in Review- Jan 22 2021.html
199,Daily,2021-01-22,REGIS REPORT (22 JAN),4,Regis CMS,2021-01-22 09:20:22,Regis CMS,2021-01-22 09:20:22,Daily/2021/2021-01-22 - REGIS REPORT (22 JAN).html
200,Daily,2021-01-25,REGIS REPORT (25 JAN),4,Regis CMS,2021-01-25 08:31:03,Regis CMS,2021-01-25 08:31:03,Daily/2021/2021-01-25 - REGIS REPORT (25 JAN).html
201,Daily,2021-01-26,REGIS REPORT (26 JAN),5,Regis CMS,2021-01-26 08:12:20,Regis CMS,2021-01-26 08:12:20,Daily/2021/2021-01-26 - REGIS REPORT (26 JAN).html
202,Daily,2021-01-27,REGIS REPORT (27 JAN),5,Regis CMS,2021-01-27 08:06:55,Regis CMS,2021-01-27 08:06:55,Daily/2021/2021-01-27 - REGIS REPORT (27 JAN).html
203,Daily,2021-01-28,REGIS REPORT (28 JAN),5,Regis CMS,2021-01-28 09:17:52,Regis CMS,2021-01-28 09:17:52,Daily/2021/2021-01-28 - REGIS REPORT (28 JAN).html
204,Weekly,2021-01-29,REGIS Week in Review: Jan 29 2021,7,Alejandro Molina,2021-01-28 22:49:40,Alejandro Molina,2021-01-28 22:49:40,Weekly/2021/2021-01-29 - REGIS Week in Review- Jan 29 2021.html
205,Daily,2021-01-29,REGIS REPORT (29 JAN),6,Regis CMS,2021-01-29 08:23:44,Regis CMS,2021-01-29 08:23:44,Daily/2021/2021-01-29 - REGIS REPORT (29 JAN).html
206,Monthly,2021-01-29,REGIS: Month in Review - Jan 2021,4,Regis CMS,2020-12-01 10:14:16,Regis CMS,2021-01-29 16:01:54,Monthly/2021/2021-01-29 - REGIS- Month in Review - Jan 2021.html
207,Daily,2021-02-01,REGIS REPORT (1 FEB),6,Regis CMS,2021-02-01 08:26:09,Regis CMS,2021-02-01 08:26:09,Daily/2021/2021-02-01 - REGIS REPORT (1 FEB).html
208,Daily,2021-02-02,REGIS REPORT (2 FEB),6,Regis CMS,2021-02-02 08:27:23,Regis CMS,2021-02-02 08:27:23,Daily/2021/2021-02-02 - REGIS REPORT (2 FEB).html
209,Daily,2021-02-03,REGIS REPORT (3 FEB),6,Regis CMS,2021-02-03 08:22:10,Regis CMS,2021-02-03 08:22:10,Daily/2021/2021-02-03 - REGIS REPORT (3 FEB).html
210,Daily,2021-02-04,REGIS REPORT (4 FEB),4,Regis CMS,2021-02-04 08:54:11,Regis CMS,2021-02-04 08:54:11,Daily/2021/2021-02-04 - REGIS REPORT (4 FEB).html
211,Weekly,2021-02-05,REGIS Week in Review: Feb 5 2021,10,Alejandro Molina,2021-02-04 19:36:36,Alejandro Molina,2021-02-04 19:36:36,Weekly/2021/2021-02-05 - REGIS Week in Review- Feb 5 2021.html
212,Daily,2021-02-05,REGIS REPORT (5 FEB),4,Regis CMS,2021-02-05 08:42:22,Regis CMS,2021-02-05 08:42:22,Daily/2021/2021-02-05 - REGIS REPORT (5 FEB).html
213,Daily,2021-02-08,REGIS REPORT (8 FEB),6,Regis CMS,2021-02-08 09:02:51,Regis CMS,2021-02-08 09:02:51,Daily/2021/2021-02-08 - REGIS REPORT (8 FEB).html
214,Daily,2021-02-09,REGIS REPORT (9 FEB),5,Regis CMS,2021-02-09 09:07:50,Regis CMS,2021-02-09 09:07:50,Daily/2021/2021-02-09 - REGIS REPORT (9 FEB).html
215,Daily,2021-02-10,REGIS REPORT (10 FEB),6,Regis CMS,2021-02-10 09:05:13,Regis CMS,2021-02-10 09:05:13,Daily/2021/2021-02-10 - REGIS REPORT (10 FEB).html
216,Weekly,2021-02-11,REGIS Week in Review: Feb 11 2021,11,Alejandro Molina,2021-02-11 06:28:06,Alejandro Molina,2021-02-11 06:28:06,Weekly/2021/2021-02-11 - REGIS Week in Review- Feb 11 2021.html
217,Daily,2021-02-11,REGIS REPORT (11 FEB),4,Regis CMS,2021-02-11 09:37:43,Regis CMS,2021-02-11 09:37:43,Daily/2021/2021-02-11 - REGIS REPORT (11 FEB).html
218,Daily,2021-02-15,REGIS REPORT (15 FEB),6,Regis CMS,2021-02-15 08:41:09,Regis CMS,2021-02-15 08:41:09,Daily/2021/2021-02-15 - REGIS REPORT (15 FEB).html
219,Daily,2021-02-16,REGIS REPORT (16 FEB),7,Regis CMS,2021-02-16 08:39:43,Regis CMS,2021-02-16 08:39:43,Daily/2021/2021-02-16 - REGIS REPORT (16 FEB).html
220,Daily,2021-02-17,REGIS REPORT (17 FEB),4,Regis CMS,2021-02-17 09:22:57,Regis CMS,2021-02-17 09:22:57,Daily/2021/2021-02-17 - REGIS REPORT (17 FEB).html
222,Daily,2021-02-18,REGIS REPORT (18 FEB),9,Regis CMS,2021-02-18 09:29:09,Regis CMS,2021-02-18 09:29:09,Daily/2021/2021-02-18 - REGIS REPORT (18 FEB).html
221,Weekly,2021-02-19,REGIS Week in Review: Feb 19 2021,11,Alejandro Molina,2021-02-17 20:20:38,Alejandro Molina,2021-02-17 20:20:38,Weekly/2021/2021-02-19 - REGIS Week in Review- Feb 19 2021.html
223,Monthly,2021-02-19,CEO Series,2,Nadine Javellana,2021-02-19 07:41:39,Nadine Javellana,2021-02-19 07:41:39,Monthly/2021/2021-02-19 - CEO Series.html
225,Daily,2021-02-19,REGIS REPORT (19 FEB),3,Regis CMS,2021-02-19 09:14:14,Regis CMS,2021-02-19 09:14:14,Daily/2021/2021-02-19 - REGIS REPORT (19 FEB).html
226,Daily,2021-02-22,REGIS REPORT (22 FEB),5,Regis CMS,2021-02-22 08:31:07,Regis CMS,2021-02-22 08:31:07,Daily/2021/2021-02-22 - REGIS REPORT (22 FEB).html
227,Daily,2021-02-23,REGIS REPORT (23 FEB),8,Regis CMS,2021-02-23 09:32:26,Regis CMS,2021-02-23 09:32:26,Daily/2021/2021-02-23 - REGIS REPORT (23 FEB).html
228,Daily,2021-02-24,REGIS REPORT (24 FEB),6,Regis CMS,2021-02-24 08:32:11,Regis CMS,2021-02-24 08:32:11,Daily/2021/2021-02-24 - REGIS REPORT (24 FEB).html
229,Weekly,2021-02-26,REGIS Week in Review: Feb 26 2021,10,Alejandro Molina,2021-02-25 18:57:30,Alejandro Molina,2021-02-25 18:57:30,Weekly/2021/2021-02-26 - REGIS Week in Review- Feb 26 2021.html
230,Daily,2021-02-26,REGIS REPORTS (26 FEB),5,Regis CMS,2021-02-26 08:37:41,Regis CMS,2021-02-26 09:37:07,Daily/2021/2021-02-26 - REGIS REPORTS (26 FEB).html
231,Monthly,2021-02-26,REGIS: Month in Review - Feb 2021,4,Regis CMS,2020-12-01 10:14:16,Nadine Javellana,2021-02-26 23:49:58,Monthly/2021/2021-02-26 - REGIS- Month in Review - Feb 2021.html
232,Daily,2021-03-01,REGIS REPORT (1 MAR),3,Regis CMS,2021-03-01 08:26:00,Regis CMS,2021-03-01 08:26:00,Daily/2021/2021-03-01 - REGIS REPORT (1 MAR).html
233,Daily,2021-03-02,REGIS REPORT (2 MAR),8,Regis CMS,2021-03-02 08:11:48,Regis CMS,2021-03-02 08:11:48,Daily/2021/2021-03-02 - REGIS REPORT (2 MAR).html
234,Daily,2021-03-03,REGIS REPORT (3 MAR),5,Regis CMS,2021-03-03 08:19:28,Regis CMS,2021-03-03 08:19:28,Daily/2021/2021-03-03 - REGIS REPORT (3 MAR).html
235,Daily,2021-03-04,REGIS REPORT (4 MAR),1,Regis CMS,2021-03-04 08:48:39,Regis CMS,2021-03-04 08:48:39,Daily/2021/2021-03-04 - REGIS REPORT (4 MAR).html
236,Weekly,2021-03-05,REGIS Week in Review: March 5 2021,21,Alejandro Molina,2021-03-04 19:22:44,Alejandro Molina,2021-03-04 19:22:44,Weekly/2021/2021-03-05 - REGIS Week in Review- March 5 2021.html
237,Daily,2021-03-05,REGIS REPORT (5 MAR),4,Regis CMS,2021-03-05 08:17:59,Regis CMS,2021-03-05 08:17:59,Daily/2021/2021-03-05 - REGIS REPORT (5 MAR).html
238,Daily,2021-03-08,REGIS REPORT (8 MAR),8,Regis CMS,2021-03-08 08:12:49,Regis CMS,2021-03-08 08:12:49,Daily/2021/2021-03-08 - REGIS REPORT (8 MAR).html
239,Daily,2021-03-09,REGIS REPORT (9 MAR),6,Regis CMS,2021-03-09 08:18:08,Regis CMS,2021-03-09 08:18:08,Daily/2021/2021-03-09 - REGIS REPORT (9 MAR).html
240,Daily,2021-03-10,REGIS REPORT (10 MAR),4,Regis CMS,2021-03-10 09:08:47,Regis CMS,2021-03-10 09:08:47,Daily/2021/2021-03-10 - REGIS REPORT (10 MAR).html
241,Weekly,2021-03-10,Copy of REGIS Week in Review: March 5 2021,3,Alejandro Molina,2021-03-04 19:22:44,Alejandro Molina,2021-03-04 19:22:44,Weekly/2021/2021-03-10 - Copy of REGIS Week in Review- March 5 2021.html
242,Monthly,2021-03-10,CEO Series -10  Mar,5,Nadine Javellana,2021-02-19 07:41:39,Nadine Javellana,2021-03-10 13:54:44,Monthly/2021/2021-03-10 - CEO Series -10 Mar.html
244,Daily,2021-03-11,REGIS REPORT (11 MAR),7,Regis CMS,2021-03-11 09:08:33,Regis CMS,2021-03-11 09:08:33,Daily/2021/2021-03-11 - REGIS REPORT (11 MAR).html
245,Weekly,2021-03-12,REGIS Week in Review: March 12 2021,14,Alejandro Molina,2021-03-11 11:32:23,Alejandro Molina,2021-03-11 11:32:23,Weekly/2021/2021-03-12 - REGIS Week in Review- March 12 2021.html
246,Daily,2021-03-12,REGIS REPORT (12 MAR),8,Regis CMS,2021-03-12 08:15:04,Regis CMS,2021-03-12 08:15:04,Daily/2021/2021-03-12 - REGIS REPORT (12 MAR).html
247,Daily,2021-03-15,REGIS REPORT (15 MAR),5,Regis CMS,2021-03-15 08:33:24,Regis CMS,2021-03-15 08:33:24,Daily/2021/2021-03-15 - REGIS REPORT (15 MAR).html
248,Daily,2021-03-16,REGIS REPORT (16 MAR),6,Regis CMS,2021-03-16 08:47:37,Regis CMS,2021-03-16 08:47:37,Daily/2021/2021-03-16 - REGIS REPORT (16 MAR).html
249,Daily,2021-03-17,REGIS REPORT (17 MAR),7,Regis CMS,2021-03-17 08:29:24,Regis CMS,2021-03-17 09:33:54,Daily/2021/2021-03-17 - REGIS REPORT (17 MAR).html
250,Monthly,2021-03-17,CEO Series -17  Mar,5,Nadine Javellana,2021-02-19 07:41:39,Regis CMS,2021-03-17 11:04:23,Monthly/2021/2021-03-17 - CEO Series -17 Mar.html
252,Daily,2021-03-18,REGIS REPORT (18 MAR),6,Regis CMS,2021-03-18 08:13:12,Regis CMS,2021-03-18 08:13:12,Daily/2021/2021-03-18 - REGIS REPORT (18 MAR).html
251,Weekly,2021-03-19,REGIS Week in Review: March 19 2021,7,Alejandro Molina,2021-03-17 14:42:09,Alejandro Molina,2021-03-17 14:42:09,Weekly/2021/2021-03-19 - REGIS Week in Review- March 19 2021.html
253,Daily,2021-03-19,REGIS REPORT (19 MAR),5,Regis CMS,2021-03-19 08:17:26,Regis CMS,2021-03-19 08:17:26,Daily/2021/2021-03-19 - REGIS REPORT (19 MAR).html
254,Daily,2021-03-22,REGIS REPORT (22 MAR),6,Regis CMS,2021-03-22 09:31:54,Regis CMS,2021-03-22 09:31:54,Daily/2021/2021-03-22 - REGIS REPORT (22 MAR).html
255,Daily,2021-03-23,REGIS REPORT (23 MAR),3,Regis CMS,2021-03-23 08:49:03,Regis CMS,2021-03-23 08:49:03,Daily/2021/2021-03-23 - REGIS REPORT (23 MAR).html
256,Daily,2021-03-24,REGIS REPORT (24 MAR),8,Regis CMS,2021-03-24 08:41:33,Regis CMS,2021-03-24 08:41:33,Daily/2021/2021-03-24 - REGIS REPORT (24 MAR).html
257,Daily,2021-03-25,REGIS REPORT (25 MAR),5,Regis CMS,2021-03-25 08:54:21,Regis CMS,2021-03-25 08:54:21,Daily/2021/2021-03-25 - REGIS REPORT (25 MAR).html
258,Weekly,2021-03-25,REGIS Week in Review: March 25 2021,9,Alejandro Molina,2021-03-25 16:32:36,Alejandro Molina,2021-03-25 16:32:36,Weekly/2021/2021-03-25 - REGIS Week in Review- March 25 2021.html
259,Daily,2021-03-26,REGIS REPORT (26 MAR),5,Regis CMS,2021-03-26 08:35:28,Regis CMS,2021-03-26 08:35:28,Daily/2021/2021-03-26 - REGIS REPORT (26 MAR).html
260,Daily,2021-03-29,REGIS REPORT (29 MAR),6,Regis CMS,2021-03-29 08:48:38,Regis CMS,2021-03-29 08:48:38,Daily/2021/2021-03-29 - REGIS REPORT (29 MAR).html
261,Weekly,2021-03-29,reverse roadshow,8,Regis CMS,2021-03-29 09:20:38,Regis CMS,2021-03-29 09:20:38,Weekly/2021/2021-03-29 - reverse roadshow.html
263,Daily,2021-03-29,Reverse Roadshow - TT International,9,Regis CMS,2021-03-29 08:48:38,Regis CMS,2021-03-29 13:27:27,Daily/2021/2021-03-29 - Reverse Roadshow - TT International.html
264,Daily,2021-03-29,Reverse Roadshow - TT International Asset Management,12,Regis CMS,2021-03-29 08:48:38,Regis CMS,2021-03-29 13:35:05,Daily/2021/2021-03-29 - Reverse Roadshow - TT International Asset Management.html
265,Daily,2021-03-30,REGIS REPORT (30 MAR),6,Regis CMS,2021-03-30 08:52:39,Regis CMS,2021-03-30 08:52:39,Daily/2021/2021-03-30 - REGIS REPORT (30 MAR).html
266,Weekly,2021-03-30,REGIS Week in Review: March 31 2021,11,Alejandro Molina,2021-03-30 20:12:07,Alejandro Molina,2021-03-30 20:12:07,Weekly/2021/2021-03-30 - REGIS Week in Review- March 31 2021.html
267,Monthly,2021-03-31,REGIS: Month in Review - Mar 2021,5,Regis CMS,2021-03-31 05:40:54,Regis CMS,2021-03-31 05:40:54,Monthly/2021/2021-03-31 - REGIS- Month in Review - Mar 2021.html
268,Daily,2021-03-31,REGIS REPORT (31 MAR),4,Regis CMS,2021-03-31 09:01:08,Regis CMS,2021-03-31 09:01:08,Daily/2021/2021-03-31 - REGIS REPORT (31 MAR).html
269,Daily,2021-04-05,REGIS REPORT (5 APR),5,Regis CMS,2021-04-05 09:06:40,Regis CMS,2021-04-05 09:06:44,Daily/2021/2021-04-05 - REGIS REPORT (5 APR).html
270,Daily,2021-04-06,REGIS REPORT (6 APR),4,Regis CMS,2021-04-06 08:27:58,Regis CMS,2021-04-06 08:27:58,Daily/2021/2021-04-06 - REGIS REPORT (6 APR).html
271,Daily,2021-04-07,REGIS REPORT (7 APR),4,Regis CMS,2021-04-07 08:48:20,Regis CMS,2021-04-07 08:48:20,Daily/2021/2021-04-07 - REGIS REPORT (7 APR).html
272,Weekly,2021-04-08,REGIS Week in Review: April 8 2021,9,Alejandro Molina,2021-04-07 21:34:40,Alejandro Molina,2021-04-07 21:34:40,Weekly/2021/2021-04-08 - REGIS Week in Review- April 8 2021.html
273,Daily,2021-04-08,REGIS REPORT (8 APR),3,Regis CMS,2021-04-08 08:52:34,Regis CMS,2021-04-08 08:52:34,Daily/2021/2021-04-08 - REGIS REPORT (8 APR).html
274,Daily,2021-04-12,REGIS REPORT (12 APR),5,Regis CMS,2021-04-12 08:13:38,Regis CMS,2021-04-12 08:13:38,Daily/2021/2021-04-12 - REGIS REPORT (12 APR).html
276,Daily,2021-04-13,REGIS REPORT (13 APR),4,Regis CMS,2021-04-13 09:23:42,Regis CMS,2021-04-13 09:23:42,Daily/2021/2021-04-13 - REGIS REPORT (13 APR).html
277,Daily,2021-04-14,REGIS REPORT (14 APR),5,Regis CMS,2021-04-14 09:00:13,Regis CMS,2021-04-14 09:00:13,Daily/2021/2021-04-14 - REGIS REPORT (14 APR).html
278,Daily,2021-04-15,REGIS REPORT (15 APR),4,Regis CMS,2021-04-15 09:28:48,Regis CMS,2021-04-15 09:28:48,Daily/2021/2021-04-15 - REGIS REPORT (15 APR).html
275,Weekly,2021-04-16,REGIS Week in Review: April 16 2021,9,Alejandro Molina,2021-04-12 12:15:52,Alejandro Molina,2021-04-13 08:58:31,Weekly/2021/2021-04-16 - REGIS Week in Review- April 16 2021.html
279,Daily,2021-04-16,REGIS REPORT (16 APR),7,Regis CMS,2021-04-16 09:34:50,Regis CMS,2021-04-16 09:34:50,Daily/2021/2021-04-16 - REGIS REPORT (16 APR).html
280,Daily,2021-04-19,REGIS REPORT (19 APR),4,Regis CMS,2021-04-19 08:29:33,Regis CMS,2021-04-19 08:29:33,Daily/2021/2021-04-19 - REGIS REPORT (19 APR).html
281,Daily,2021-04-20,REGIS REPORT (20 APR),3,Regis CMS,2021-04-20 08:42:06,Regis CMS,2021-04-20 08:42:06,Daily/2021/2021-04-20 - REGIS REPORT (20 APR).html
283,Daily,2021-04-21,REGIS REPORT (21 APR),6,Regis CMS,2021-04-21 08:17:34,Regis CMS,2021-04-21 08:17:34,Daily/2021/2021-04-21 - REGIS REPORT (21 APR).html
284,Daily,2021-04-22,REGIS REPORT (22 APR),4,Regis CMS,2021-04-22 08:47:19,Regis CMS,2021-04-22 08:47:19,Daily/2021/2021-04-22 - REGIS REPORT (22 APR).html
282,Weekly,2021-04-23,REGIS Week in Review: April 23 2021,10,Alejandro Molina,2021-04-20 12:17:01,Alejandro Molina,2021-04-20 12:17:01,Weekly/2021/2021-04-23 - REGIS Week in Review- April 23 2021.html
285,Daily,2021-04-23,REGIS REPORT (23 APR),7,Regis CMS,2021-04-23 09:25:08,Regis CMS,2021-04-23 09:25:08,Daily/2021/2021-04-23 - REGIS REPORT (23 APR).html
286,Daily,2021-04-26,REGIS REPORT (26 APR),8,Regis CMS,2021-04-26 09:05:07,Regis CMS,2021-04-26 09:05:07,Daily/2021/2021-04-26 - REGIS REPORT (26 APR).html
287,Daily,2021-04-27,REGIS REPORT (27 APR),2,Regis CMS,2021-04-27 09:33:00,Regis CMS,2021-04-27 09:33:00,Daily/2021/2021-04-27 - REGIS REPORT (27 APR).html
289,Daily,2021-04-28,REGIS REPORT (28 APR),4,Regis CMS,2021-04-28 09:11:05,Regis CMS,2021-04-28 09:11:05,Daily/2021/2021-04-28 - REGIS REPORT (28 APR).html
291,Daily,2021-04-29,REGIS REPORT (29 APR),6,Regis CMS,2021-04-29 08:50:15,Regis CMS,2021-04-29 08:50:15,Daily/2021/2021-04-29 - REGIS REPORT (29 APR).html
288,Weekly,2021-04-30,REGIS Week in Review: April 30 2021,13,Alejandro Molina,2021-04-27 14:34:13,Alejandro Molina,2021-04-27 14:34:13,Weekly/2021/2021-04-30 - REGIS Week in Review- April 30 2021.html
292,Daily,2021-04-30,REGIS REPORT (30 APR),6,Regis CMS,2021-04-30 08:52:32,Regis CMS,2021-04-30 08:52:32,Daily/2021/2021-04-30 - REGIS REPORT (30 APR).html
293,Monthly,2021-05-02,REGIS: Month in Review - Apr 2021,5,Regis CMS,2021-03-31 05:40:54,Regis CMS,2021-05-02 10:30:06,Monthly/2021/2021-05-02 - REGIS- Month in Review - Apr 2021.html
294,Daily,2021-05-03,REGIS REPORT (3 MAY),5,Regis CMS,2021-05-03 09:18:24,Regis CMS,2021-05-03 09:18:24,Daily/2021/2021-05-03 - REGIS REPORT (3 MAY).html
295,Daily,2021-05-04,REGIS REPORT (4 MAY),5,Regis CMS,2021-05-04 09:19:54,Regis CMS,2021-05-04 09:19:54,Daily/2021/2021-05-04 - REGIS REPORT (4 MAY).html
296,Daily,2021-05-05,REGIS REPORT (5 MAY),5,Regis CMS,2021-05-05 08:16:10,Regis CMS,2021-05-05 08:16:10,Daily/2021/2021-05-05 - REGIS REPORT (5 MAY).html
298,Daily,2021-05-06,REGIS REPORT (6 MAY),5,Regis CMS,2021-05-06 09:48:09,Regis CMS,2021-05-06 09:48:09,Daily/2021/2021-05-06 - REGIS REPORT (6 MAY).html
290,Daily,2021-05-07,Reverse Roadshow - Albizia Capital,11,Regis CMS,2021-03-29 08:48:38,Renalyn Chu,2021-04-28 14:35:18,Daily/2021/2021-05-07 - Reverse Roadshow - Albizia Capital.html
297,Weekly,2021-05-07,REGIS Week in Review: May 7 2021,21,Alejandro Molina,2021-05-05 19:56:50,Alejandro Molina,2021-05-05 19:56:50,Weekly/2021/2021-05-07 - REGIS Week in Review- May 7 2021.html
299,Daily,2021-05-07,REGIS REPORT (7 MAY),5,Regis CMS,2021-05-07 09:08:35,Regis CMS,2021-05-07 09:08:35,Daily/2021/2021-05-07 - REGIS REPORT (7 MAY).html
300,Daily,2021-05-10,REGIS REPORT (10 MAY),4,Regis CMS,2021-05-10 09:04:36,Regis CMS,2021-05-10 09:04:36,Daily/2021/2021-05-10 - REGIS REPORT (10 MAY).html
301,Daily,2021-05-11,REGIS REPORT (11 MAY),6,Regis CMS,2021-05-11 08:34:45,Regis CMS,2021-05-11 08:34:45,Daily/2021/2021-05-11 - REGIS REPORT (11 MAY).html
302,Daily,2021-05-12,REGIS REPORT (12 MAY),8,Regis CMS,2021-05-12 09:42:47,Regis CMS,2021-05-12 09:42:47,Daily/2021/2021-05-12 - REGIS REPORT (12 MAY).html
303,Weekly,2021-05-14,REGIS Week in Review: May 14 2021,16,Alejandro Molina,2021-05-14 07:27:33,Alejandro Molina,2021-05-14 07:27:33,Weekly/2021/2021-05-14 - REGIS Week in Review- May 14 2021.html
304,Daily,2021-05-14,REGIS REPORT (14 MAY),9,Regis CMS,2021-05-14 09:03:16,Regis CMS,2021-05-14 09:03:16,Daily/2021/2021-05-14 - REGIS REPORT (14 MAY).html
305,Daily,2021-05-17,REGIS REPORT (17 MAY),9,Regis CMS,2021-05-17 09:11:34,Regis CMS,2021-05-17 09:50:05,Daily/2021/2021-05-17 - REGIS REPORT (17 MAY).html
311,Daily,2021-05-18,REGIS REPORT (18 MAY),7,Regis CMS,2021-05-18 09:38:19,Regis CMS,2021-05-18 09:38:19,Daily/2021/2021-05-18 - REGIS REPORT (18 MAY).html
312,Daily,2021-05-19,REGIS REPORT (19 MAY),5,Regis CMS,2021-05-19 09:36:58,Regis CMS,2021-05-19 09:36:58,Daily/2021/2021-05-19 - REGIS REPORT (19 MAY).html
314,Daily,2021-05-20,REGIS REPORT (20 MAY),4,Regis CMS,2021-05-20 10:02:38,Regis CMS,2021-05-20 10:02:38,Daily/2021/2021-05-20 - REGIS REPORT (20 MAY).html
313,Weekly,2021-05-21,REGIS Week in Review: May 21 2021,10,Alejandro Molina,2021-05-20 07:44:47,Alejandro Molina,2021-05-21 12:16:00,Weekly/2021/2021-05-21 - REGIS Week in Review- May 21 2021.html
315,Daily,2021-05-21,REGIS REPORT (21 MAY),5,Regis CMS,2021-05-21 09:32:29,Regis CMS,2021-05-21 09:32:29,Daily/2021/2021-05-21 - REGIS REPORT (21 MAY).html
316,Daily,2021-05-24,REGIS REPORT (24 MAY),2,Regis CMS,2021-05-24 08:33:42,Regis CMS,2021-05-24 08:33:42,Daily/2021/2021-05-24 - REGIS REPORT (24 MAY).html
317,Daily,2021-05-24,Ayala Corp - Notes from Regis CEO Roundtable Series,0,Gio Dela Rosa,2021-05-24 20:20:59,Gio Dela Rosa,2021-05-24 20:20:59,Daily/2021/2021-05-24 - Ayala Corp - Notes from Regis CEO Roundtable Series.html
318,Daily,2021-05-25,REGIS REPORT (25 MAY),3,Regis CMS,2021-05-25 08:13:43,Regis CMS,2021-05-25 08:13:43,Daily/2021/2021-05-25 - REGIS REPORT (25 MAY).html
310,Daily,2021-05-26,Jefferies l Regis Virtual Company Marketing,10,Regis CMS,2021-03-29 08:48:38,Renalyn Chu,2021-05-17 20:01:32,Daily/2021/2021-05-26 - Jefferies l Regis Virtual Company Marketing.html
320,Daily,2021-05-26,REGIS REPORT (26 MAY),4,Regis CMS,2021-05-26 08:21:17,Regis CMS,2021-05-26 08:21:17,Daily/2021/2021-05-26 - REGIS REPORT (26 MAY).html
321,Daily,2021-05-27,REGIS REPORT (27 MAY),5,Regis CMS,2021-05-27 08:22:34,Regis CMS,2021-05-27 08:22:34,Daily/2021/2021-05-27 - REGIS REPORT (27 MAY).html
319,Weekly,2021-05-28,REGIS Week in Review: May 28 2021,13,Alejandro Molina,2021-05-25 11:17:08,Alejandro Molina,2021-05-25 11:17:08,Weekly/2021/2021-05-28 - REGIS Week in Review- May 28 2021.html
322,Daily,2021-05-28,REGIS REPORT (28 MAY),4,Regis CMS,2021-05-28 08:19:01,Regis CMS,2021-05-28 08:19:01,Daily/2021/2021-05-28 - REGIS REPORT (28 MAY).html
323,Daily,2021-05-31,REGIS REPORT (31 MAY),2,Regis CMS,2021-05-31 08:17:10,Regis CMS,2021-05-31 08:17:10,Daily/2021/2021-05-31 - REGIS REPORT (31 MAY).html
324,Monthly,2021-06-01,MAY,4,Regis CMS,2021-06-01 06:20:08,Regis CMS,2021-06-01 06:20:08,Monthly/2021/2021-06-01 - MAY.html
325,Daily,2021-06-01,REGIS REPORT (1 JUN),8,Regis CMS,2021-06-01 09:11:46,Regis CMS,2021-06-01 09:11:46,Daily/2021/2021-06-01 - REGIS REPORT (1 JUN).html
326,Daily,2021-06-02,REGIS REPORT (2 JUN),5,Regis CMS,2021-06-02 08:44:19,Regis CMS,2021-06-02 08:44:19,Daily/2021/2021-06-02 - REGIS REPORT (2 JUN).html
328,Daily,2021-06-03,REGIS REPORT (3 JUN),5,Regis CMS,2021-06-03 09:21:18,Regis CMS,2021-06-03 09:21:18,Daily/2021/2021-06-03 - REGIS REPORT (3 JUN).html
327,Weekly,2021-06-04,REGIS Week in Review: June 04 2021,8,Alejandro Molina,2021-06-03 05:49:00,Alejandro Molina,2021-06-03 05:49:00,Weekly/2021/2021-06-04 - REGIS Week in Review- June 04 2021.html
329,Daily,2021-06-04,REGIS REPORT (4 JUN),7,Regis CMS,2021-06-04 08:36:25,Regis CMS,2021-06-04 08:36:25,Daily/2021/2021-06-04 - REGIS REPORT (4 JUN).html
330,Daily,2021-06-07,REGIS REPORT (7 JUN),4,Regis CMS,2021-06-07 08:15:03,Regis CMS,2021-06-07 08:15:03,Daily/2021/2021-06-07 - REGIS REPORT (7 JUN).html
331,Daily,2021-06-08,REGIS REPORT (8 JUN),5,Regis CMS,2021-06-08 09:21:09,Regis CMS,2021-06-08 09:21:09,Daily/2021/2021-06-08 - REGIS REPORT (8 JUN).html
332,Daily,2021-06-09,REGIS REPORT (9 JUN),4,Regis CMS,2021-06-09 09:30:24,Regis CMS,2021-06-09 09:30:24,Daily/2021/2021-06-09 - REGIS REPORT (9 JUN).html
334,Daily,2021-06-10,REGIS REPORT (10 JUN),5,Regis CMS,2021-06-10 09:56:49,Regis CMS,2021-06-10 09:56:49,Daily/2021/2021-06-10 - REGIS REPORT (10 JUN).html
333,Weekly,2021-06-11,REGIS Week in Review: June 11 2021,6,Alejandro Molina,2021-06-09 10:27:15,Alejandro Molina,2021-06-09 10:27:15,Weekly/2021/2021-06-11 - REGIS Week in Review- June 11 2021.html
335,Daily,2021-06-11,REGIS REPORT (11 JUN),4,Regis CMS,2021-06-11 08:11:22,Regis CMS,2021-06-11 08:11:22,Daily/2021/2021-06-11 - REGIS REPORT (11 JUN).html
336,Daily,2021-06-14,REGIS REPORT (14 JUN),6,Regis CMS,2021-06-14 09:40:04,Regis CMS,2021-06-14 09:40:04,Daily/2021/2021-06-14 - REGIS REPORT (14 JUN).html
337,Daily,2021-06-15,REGIS REPORT (15 JUN),4,Regis CMS,2021-06-15 09:28:03,Regis CMS,2021-06-15 09:28:03,Daily/2021/2021-06-15 - REGIS REPORT (15 JUN).html
339,Daily,2021-06-16,REGIS REPORT (16 JUN),3,Regis CMS,2021-06-16 09:24:27,Regis CMS,2021-06-16 09:24:27,Daily/2021/2021-06-16 - REGIS REPORT (16 JUN).html
340,Daily,2021-06-17,REGIS REPORT (17 JUN),4,Regis CMS,2021-06-17 08:42:52,Regis CMS,2021-06-17 08:42:52,Daily/2021/2021-06-17 - REGIS REPORT (17 JUN).html
338,Weekly,2021-06-18,REGIS Week in Review: June 18 2021,7,Alejandro Molina,2021-06-15 09:56:58,Alejandro Molina,2021-06-15 09:56:58,Weekly/2021/2021-06-18 - REGIS Week in Review- June 18 2021.html
341,Daily,2021-06-18,REGIS REPORT (18 JUN),5,Regis CMS,2021-06-18 08:56:01,Regis CMS,2021-06-18 08:56:01,Daily/2021/2021-06-18 - REGIS REPORT (18 JUN).html
342,Daily,2021-06-21,REGIS REPORT (21 JUN),3,Regis CMS,2021-06-21 08:19:24,Regis CMS,2021-06-21 08:19:24,Daily/2021/2021-06-21 - REGIS REPORT (21 JUN).html
343,Daily,2021-06-22,REGIS REPORT (22 JUN),5,Regis CMS,2021-06-22 08:44:11,Regis CMS,2021-06-22 08:44:11,Daily/2021/2021-06-22 - REGIS REPORT (22 JUN).html
344,Daily,2021-06-23,REGIS REPORT (23 JUN),3,Regis CMS,2021-06-23 08:46:51,Regis CMS,2021-06-23 08:46:51,Daily/2021/2021-06-23 - REGIS REPORT (23 JUN).html
345,Daily,2021-06-24,REGIS REPORT (24 JUN),3,Regis CMS,2021-06-24 09:04:20,Regis CMS,2021-06-24 09:04:20,Daily/2021/2021-06-24 - REGIS REPORT (24 JUN).html
346,Weekly,2021-06-25,REGIS Week in Review: June 25 2021,7,Alejandro Molina,2021-06-24 11:53:49,Alejandro Molina,2021-06-24 11:53:49,Weekly/2021/2021-06-25 - REGIS Week in Review- June 25 2021.html
347,Daily,2021-06-25,REGIS REPORT (25 JUN),4,Regis CMS,2021-06-25 09:23:53,Regis CMS,2021-06-25 09:23:53,Daily/2021/2021-06-25 - REGIS REPORT (25 JUN).html
348,Daily,2021-06-28,REGIS REPORT (28 JUN),4,Regis CMS,2021-06-28 08:14:19,Regis CMS,2021-06-28 08:14:19,Daily/2021/2021-06-28 - REGIS REPORT (28 JUN).html
349,Daily,2021-06-29,REGIS REPORT (29 JUN),6,Regis CMS,2021-06-29 08:38:22,Regis CMS,2021-06-29 08:38:22,Daily/2021/2021-06-29 - REGIS REPORT (29 JUN).html
350,Daily,2021-06-30,REGIS REPORT (30 JUN),6,Regis CMS,2021-06-30 08:18:18,Regis CMS,2021-06-30 08:18:18,Daily/2021/2021-06-30 - REGIS REPORT (30 JUN).html
352,Monthly,2021-06-30,REGIS: Month in Review - June 2021,5,Regis CMS,2021-03-31 05:40:54,Regis CMS,2021-06-30 18:37:19,Monthly/2021/2021-06-30 - REGIS- Month in Review - June 2021.html
354,Daily,2021-07-01,REGIS REPORT (1 JUL),4,Regis CMS,2021-07-01 09:27:45,Regis CMS,2021-07-01 09:27:45,Daily/2021/2021-07-01 - REGIS REPORT (1 JUL).html
353,Weekly,2021-07-02,REGIS Week in Review: July 2 2021,8,Alejandro Molina,2021-07-01 08:28:21,Alejandro Molina,2021-07-01 08:28:21,Weekly/2021/2021-07-02 - REGIS Week in Review- July 2 2021.html
355,Daily,2021-07-02,REGIS REPORT (2 JUL),3,Regis CMS,2021-07-02 08:29:38,Regis CMS,2021-07-02 08:29:38,Daily/2021/2021-07-02 - REGIS REPORT (2 JUL).html
356,Daily,2021-07-05,REGIS REPORT (5 JUL),3,Regis CMS,2021-07-05 08:24:22,Regis CMS,2021-07-05 08:24:22,Daily/2021/2021-07-05 - REGIS REPORT (5 JUL).html
357,Daily,2021-07-06,REGIS REPORT (6 JUL),5,Regis CMS,2021-07-06 09:56:51,Regis CMS,2021-07-06 09:56:51,Daily/2021/2021-07-06 - REGIS REPORT (6 JUL).html
358,Daily,2021-07-07,REGIS REPORT (7 JUL),5,Regis CMS,2021-07-07 08:26:55,Regis CMS,2021-07-07 08:26:55,Daily/2021/2021-07-07 - REGIS REPORT (7 JUL).html
359,Daily,2021-07-08,REGIS REPORT (8 JUL),5,Regis CMS,2021-07-08 08:26:21,Regis CMS,2021-07-08 08:26:21,Daily/2021/2021-07-08 - REGIS REPORT (8 JUL).html
360,Weekly,2021-07-08,REGIS Week in Review: July 9 2021,7,Alejandro Molina,2021-07-08 12:41:15,Alejandro Molina,2021-07-08 12:41:15,Weekly/2021/2021-07-08 - REGIS Week in Review- July 9 2021.html
361,Daily,2021-07-09,REGIS REPORT (9 JUL),5,Regis CMS,2021-07-09 10:00:08,Regis CMS,2021-07-09 10:00:08,Daily/2021/2021-07-09 - REGIS REPORT (9 JUL).html
362,Weekly,2021-07-11,Copy of REGIS Week in Review: July 9 2021,7,Alejandro Molina,2021-07-08 12:41:15,Alejandro Molina,2021-07-08 12:41:15,Weekly/2021/2021-07-11 - Copy of REGIS Week in Review- July 9 2021.html
363,Daily,2021-07-12,REGIS REPORT (12 JUL),5,Regis CMS,2021-07-12 09:43:08,Regis CMS,2021-07-12 09:43:08,Daily/2021/2021-07-12 - REGIS REPORT (12 JUL).html
364,Daily,2021-07-13,REGIS REPORT (13 JUL),8,Regis CMS,2021-07-13 08:18:55,Regis CMS,2021-07-13 08:18:55,Daily/2021/2021-07-13 - REGIS REPORT (13 JUL).html
365,Daily,2021-07-14,REGIS REPORT (14 JUL),7,Regis CMS,2021-07-14 08:13:36,Regis CMS,2021-07-14 08:13:36,Daily/2021/2021-07-14 - REGIS REPORT (14 JUL).html
366,Daily,2021-07-15,REGIS REPORT (15 JUL),4,Regis CMS,2021-07-15 08:21:19,Regis CMS,2021-07-15 08:21:19,Daily/2021/2021-07-15 - REGIS REPORT (15 JUL).html
367,Weekly,2021-07-16,REGIS Week in Review: July 16 2021,7,Alejandro Molina,2021-07-15 09:17:11,Alejandro Molina,2021-07-15 09:17:11,Weekly/2021/2021-07-16 - REGIS Week in Review- July 16 2021.html
368,Daily,2021-07-16,REGIS REPORT (16 JUL),5,Regis CMS,2021-07-16 08:57:55,Regis CMS,2021-07-16 08:57:55,Daily/2021/2021-07-16 - REGIS REPORT (16 JUL).html
369,Daily,2021-07-19,REGIS REPORT (19 JUL),6,Regis CMS,2021-07-19 09:30:49,Regis CMS,2021-07-19 09:30:49,Daily/2021/2021-07-19 - REGIS REPORT (19 JUL).html
370,Daily,2021-07-21,REGIS REPORT (21 JUL),7,Regis CMS,2021-07-21 08:25:26,Regis CMS,2021-07-21 08:25:26,Daily/2021/2021-07-21 - REGIS REPORT (21 JUL).html
372,Daily,2021-07-22,REGIS REPORT (22 JUL),4,Regis CMS,2021-07-22 08:20:48,Regis CMS,2021-07-22 08:20:48,Daily/2021/2021-07-22 - REGIS REPORT (22 JUL).html
371,Weekly,2021-07-23,REGIS Week in Review: July 23 2021,7,Alejandro Molina,2021-07-21 10:54:15,Alejandro Molina,2021-07-21 10:54:15,Weekly/2021/2021-07-23 - REGIS Week in Review- July 23 2021.html
373,Daily,2021-07-23,REGIS REPORT (23 JUL),4,Regis CMS,2021-07-23 09:00:59,Regis CMS,2021-07-23 09:00:59,Daily/2021/2021-07-23 - REGIS REPORT (23 JUL).html
374,Daily,2021-07-26,REGIS REPORT (26 JUL),6,Regis CMS,2021-07-26 08:21:03,Regis CMS,2021-07-26 08:21:03,Daily/2021/2021-07-26 - REGIS REPORT (26 JUL).html
375,Daily,2021-07-27,REGIS REPORT (27 JUL),6,Regis CMS,2021-07-27 09:53:57,Regis CMS,2021-07-27 09:53:57,Daily/2021/2021-07-27 - REGIS REPORT (27 JUL).html
376,Daily,2021-07-28,REGIS REPORT (28 JUL),5,Regis CMS,2021-07-28 09:29:19,Regis CMS,2021-07-28 09:29:19,Daily/2021/2021-07-28 - REGIS REPORT (28 JUL).html
377,Daily,2021-07-29,REGIS REPORT (29 JUL),4,Regis CMS,2021-07-29 08:55:28,Regis CMS,2021-07-29 08:55:28,Daily/2021/2021-07-29 - REGIS REPORT (29 JUL).html
378,Daily,2021-07-30,REGIS REPORT (30 JUL),6,Regis CMS,2021-07-30 08:53:56,Regis CMS,2021-07-30 08:53:56,Daily/2021/2021-07-30 - REGIS REPORT (30 JUL).html
379,Weekly,2021-07-30,REGIS Week in Review: July 30 02021,9,Alejandro Molina,2021-07-30 10:50:20,Alejandro Molina,2021-07-30 12:25:17,Weekly/2021/2021-07-30 - REGIS Week in Review- July 30 02021.html
380,Daily,2021-08-02,REGIS REPORT (2 AUG),8,Regis CMS,2021-08-02 09:14:41,Regis CMS,2021-08-02 09:14:41,Daily/2021/2021-08-02 - REGIS REPORT (2 AUG).html
381,Monthly,2021-08-02,REGIS: Month in Review - July 2021,5,Regis CMS,2021-03-31 05:40:54,Regis CMS,2021-08-02 12:49:02,Monthly/2021/2021-08-02 - REGIS- Month in Review - July 2021.html
382,Daily,2021-08-03,REGIS REPORT (3 JUL),8,Regis CMS,2021-08-03 08:12:05,Regis CMS,2021-08-03 08:12:05,Daily/2021/2021-08-03 - REGIS REPORT (3 JUL).html
384,Daily,2021-08-04,REGIS REPORT (4 AUG),6,Regis CMS,2021-08-04 08:19:36,Regis CMS,2021-08-04 08:19:36,Daily/2021/2021-08-04 - REGIS REPORT (4 AUG).html
385,Daily,2021-08-05,REGIS REPORT (5 AUG),6,Regis CMS,2021-08-05 08:24:17,Regis CMS,2021-08-05 08:24:17,Daily/2021/2021-08-05 - REGIS REPORT (5 AUG).html
383,Weekly,2021-08-06,REGIS Week in Review: August 06 2021,19,Alejandro Molina,2021-08-03 13:46:29,Alejandro Molina,2021-08-03 13:46:29,Weekly/2021/2021-08-06 - REGIS Week in Review- August 06 2021.html
386,Daily,2021-08-06,REGIS REPORT (6 AUG),5,Regis CMS,2021-08-06 08:14:22,Regis CMS,2021-08-06 08:14:22,Daily/2021/2021-08-06 - REGIS REPORT (6 AUG).html
387,Daily,2021-08-09,REGIS REPORT (9 AUG),4,Regis CMS,2021-08-09 08:13:07,Regis CMS,2021-08-09 08:13:07,Daily/2021/2021-08-09 - REGIS REPORT (9 AUG).html
389,Daily,2021-08-10,REGIS REPORT (10 AUG),6,Regis CMS,2021-08-10 08:58:17,Regis CMS,2021-08-10 08:58:17,Daily/2021/2021-08-10 - REGIS REPORT (10 AUG).html
390,Daily,2021-08-11,REGIS REPORT (11 AUG),6,Regis CMS,2021-08-11 08:20:44,Regis CMS,2021-08-11 08:20:44,Daily/2021/2021-08-11 - REGIS REPORT (11 AUG).html
391,Daily,2021-08-12,REGIS REPORT (12 AUG),6,Regis CMS,2021-08-12 08:13:11,Regis CMS,2021-08-12 08:13:11,Daily/2021/2021-08-12 - REGIS REPORT (12 AUG).html
388,Weekly,2021-08-13,REGIS Week in Review: August 13 2021,19,Alejandro Molina,2021-08-09 09:26:06,Alejandro Molina,2021-08-09 09:26:06,Weekly/2021/2021-08-13 - REGIS Week in Review- August 13 2021.html
392,Daily,2021-08-13,REGIS REPORT (13 AUG),7,Regis CMS,2021-08-13 08:20:21,Regis CMS,2021-08-13 08:20:21,Daily/2021/2021-08-13 - REGIS REPORT (13 AUG).html
393,Daily,2021-08-16,REGIS REPORT (16 AUG),8,Regis CMS,2021-08-16 08:14:43,Regis CMS,2021-08-16 08:14:43,Daily/2021/2021-08-16 - REGIS REPORT (16 AUG).html
395,Daily,2021-08-17,REGIS REPORT (17 AUG),7,Regis CMS,2021-08-17 08:23:07,Regis CMS,2021-08-17 08:23:07,Daily/2021/2021-08-17 - REGIS REPORT (17 AUG).html
396,Daily,2021-08-18,REGIS REPORT (18 AUG),2,Regis CMS,2021-08-18 09:04:57,Regis CMS,2021-08-18 09:04:57,Daily/2021/2021-08-18 - REGIS REPORT (18 AUG).html
397,Daily,2021-08-19,REGIS REPORT (19 AUG),7,Regis CMS,2021-08-19 08:27:58,Regis CMS,2021-08-19 08:27:58,Daily/2021/2021-08-19 - REGIS REPORT (19 AUG).html
394,Weekly,2021-08-20,REGIS Week in Review: August 20 2021,14,Alejandro Molina,2021-08-16 11:32:15,Alejandro Molina,2021-08-19 08:49:56,Weekly/2021/2021-08-20 - REGIS Week in Review- August 20 2021.html
398,Daily,2021-08-20,REGIS REPORT (20 AUG),4,Regis CMS,2021-08-20 08:35:16,Regis CMS,2021-08-20 08:35:16,Daily/2021/2021-08-20 - REGIS REPORT (20 AUG).html
399,Daily,2021-08-23,REGIS REPORT (23 AUG),3,Regis CMS,2021-08-23 09:23:57,Regis CMS,2021-08-23 09:23:57,Daily/2021/2021-08-23 - REGIS REPORT (23 AUG).html
400,Daily,2021-08-24,REGIS REPORT (24 AUG),4,Regis CMS,2021-08-24 09:03:24,Regis CMS,2021-08-24 09:03:24,Daily/2021/2021-08-24 - REGIS REPORT (24 AUG).html
401,Daily,2021-08-25,REGIS REPORT (25 AUG),4,Regis CMS,2021-08-25 09:14:26,Regis CMS,2021-08-25 09:14:26,Daily/2021/2021-08-25 - REGIS REPORT (25 AUG).html
402,Daily,2021-08-26,REGIS REPORT (26 AUG),3,Regis CMS,2021-08-26 09:08:46,Regis CMS,2021-08-26 09:08:46,Daily/2021/2021-08-26 - REGIS REPORT (26 AUG).html
403,Weekly,2021-08-27,REGIS Week in Review: August 27 2021,9,Alejandro Molina,2021-08-26 14:08:10,Alejandro Molina,2021-08-26 14:08:10,Weekly/2021/2021-08-27 - REGIS Week in Review- August 27 2021.html
404,Daily,2021-08-27,REGIS REPORT (27 AUG),5,Regis CMS,2021-08-27 09:10:48,Regis CMS,2021-08-27 09:10:48,Daily/2021/2021-08-27 - REGIS REPORT (27 AUG).html
405,Daily,2021-08-31,REGIS REPORT (31 AUG),7,Regis CMS,2021-08-31 09:09:33,Regis CMS,2021-08-31 09:09:33,Daily/2021/2021-08-31 - REGIS REPORT (31 AUG).html
406,Daily,2021-09-01,REGIS REPORT (1 SEP),6,Regis CMS,2021-09-01 09:11:10,Regis CMS,2021-09-01 09:11:10,Daily/2021/2021-09-01 - REGIS REPORT (1 SEP).html
407,Monthly,2021-09-01,REGIS: Month in Review - August 2021,5,Regis CMS,2021-03-31 05:40:54,Regis CMS,2021-09-01 10:14:59,Monthly/2021/2021-09-01 - REGIS- Month in Review - August 2021.html
408,Daily,2021-09-02,REGIS REPORT (2 SEP),5,Regis CMS,2021-09-02 08:28:19,Regis CMS,2021-09-02 08:28:19,Daily/2021/2021-09-02 - REGIS REPORT (2 SEP).html
409,Weekly,2021-09-03,REGIS Week in Review: September 03 2021,7,Alejandro Molina,2021-09-02 08:39:01,Alejandro Molina,2021-09-02 08:39:01,Weekly/2021/2021-09-03 - REGIS Week in Review- September 03 2021.html
410,Daily,2021-09-03,REGIS REPORT (3 SEP),4,Regis CMS,2021-09-03 08:58:46,Regis CMS,2021-09-03 09:02:16,Daily/2021/2021-09-03 - REGIS REPORT (3 SEP).html
411,Daily,2021-09-06,REGIS REPORT (6 SEP),5,Regis CMS,2021-09-06 09:37:16,Regis CMS,2021-09-06 09:37:16,Daily/2021/2021-09-06 - REGIS REPORT (6 SEP).html
412,Daily,2021-09-07,REGIS REPORT (7 SEP),3,Regis CMS,2021-09-07 08:45:02,Regis CMS,2021-09-07 08:45:02,Daily/2021/2021-09-07 - REGIS REPORT (7 SEP).html
413,Daily,2021-09-08,REGIS REPORT (8 SEP),7,Regis CMS,2021-09-08 08:14:19,Regis CMS,2021-09-08 08:14:19,Daily/2021/2021-09-08 - REGIS REPORT (8 SEP).html
415,Daily,2021-09-09,REGIS REPORT (9 SEP),5,Regis CMS,2021-09-09 08:58:26,Regis CMS,2021-09-09 08:58:26,Daily/2021/2021-09-09 - REGIS REPORT (9 SEP).html
414,Weekly,2021-09-10,REGIS Week in Review: September 10 2021,6,Alejandro Molina,2021-09-08 20:43:39,Alejandro Molina,2021-09-08 20:43:39,Weekly/2021/2021-09-10 - REGIS Week in Review- September 10 2021.html
416,Daily,2021-09-10,REGIS REPORT (10 SEP),6,Regis CMS,2021-09-10 09:14:39,Regis CMS,2021-09-10 09:14:39,Daily/2021/2021-09-10 - REGIS REPORT (10 SEP).html
417,Daily,2021-09-13,REGIS REPORT (13 SEP),6,Regis CMS,2021-09-13 08:34:58,Regis CMS,2021-09-13 08:34:58,Daily/2021/2021-09-13 - REGIS REPORT (13 SEP).html
418,Daily,2021-09-14,REGIS REPORT (14 SEP),4,Regis CMS,2021-09-14 08:52:06,Regis CMS,2021-09-14 08:52:06,Daily/2021/2021-09-14 - REGIS REPORT (14 SEP).html
419,Daily,2021-09-15,REGIS REPORT (15 SEP),6,Regis CMS,2021-09-15 08:29:42,Regis CMS,2021-09-15 08:29:42,Daily/2021/2021-09-15 - REGIS REPORT (15 SEP).html
421,Daily,2021-09-16,REGIS REPORT (16 SEP),4,Regis CMS,2021-09-16 09:43:13,Regis CMS,2021-09-16 09:43:13,Daily/2021/2021-09-16 - REGIS REPORT (16 SEP).html
420,Weekly,2021-09-17,REGIS Week in Review: September 17 2021,6,Alejandro Molina,2021-09-15 13:59:41,Alejandro Molina,2021-09-16 08:31:45,Weekly/2021/2021-09-17 - REGIS Week in Review- September 17 2021.html
422,Daily,2021-09-17,REGIS REPORT (17 SEP),5,Regis CMS,2021-09-17 08:13:46,Regis CMS,2021-09-17 08:13:46,Daily/2021/2021-09-17 - REGIS REPORT (17 SEP).html
423,Daily,2021-09-20,REGIS REPORT (20 SEP),9,Regis CMS,2021-09-20 08:41:27,Regis CMS,2021-09-20 08:41:27,Daily/2021/2021-09-20 - REGIS REPORT (20 SEP).html
424,Daily,2021-09-21,REGIS REPORT (21 SEP),4,Regis CMS,2021-09-21 08:33:08,Regis CMS,2021-09-21 08:33:08,Daily/2021/2021-09-21 - REGIS REPORT (21 SEP).html
425,Daily,2021-09-22,REGIS REPORT (22 SEP),3,Regis CMS,2021-09-22 09:51:28,Regis CMS,2021-09-22 09:51:28,Daily/2021/2021-09-22 - REGIS REPORT (22 SEP).html
426,Daily,2021-09-23,REGIS REPORT (23 SEP),6,Regis CMS,2021-09-23 08:26:33,Regis CMS,2021-09-23 08:26:33,Daily/2021/2021-09-23 - REGIS REPORT (23 SEP).html
427,Weekly,2021-09-24,REGIS Week in Review: September 24 2021,9,Alejandro Molina,2021-09-23 08:35:15,Alejandro Molina,2021-09-23 08:35:15,Weekly/2021/2021-09-24 - REGIS Week in Review- September 24 2021.html
428,Daily,2021-09-24,REGIS REPORT (24 SEP),8,Regis CMS,2021-09-24 08:34:48,Regis CMS,2021-09-24 08:34:48,Daily/2021/2021-09-24 - REGIS REPORT (24 SEP).html
429,Daily,2021-09-27,REGIS REPORT (27 SEP),4,Regis CMS,2021-09-27 09:29:56,Regis CMS,2021-09-27 09:29:56,Daily/2021/2021-09-27 - REGIS REPORT (27 SEP).html
430,Daily,2021-09-28,REGIS REPORT (28 SEP),5,Regis CMS,2021-09-28 08:29:20,Regis CMS,2021-09-28 08:29:20,Daily/2021/2021-09-28 - REGIS REPORT (28 SEP).html
432,Daily,2021-09-29,REGIS REPORT (29 SEP),4,Regis CMS,2021-09-29 08:41:38,Regis CMS,2021-09-29 08:41:38,Daily/2021/2021-09-29 - REGIS REPORT (29 SEP).html
433,Daily,2021-09-30,REGIS REPORT (30 SEP),3,Regis CMS,2021-09-30 08:29:32,Regis CMS,2021-09-30 08:29:32,Daily/2021/2021-09-30 - REGIS REPORT (30 SEP).html
434,Monthly,2021-09-30,REGIS: Month in Review - September 2021,5,Regis CMS,2021-03-31 05:40:54,Regis CMS,2021-09-30 20:47:34,Monthly/2021/2021-09-30 - REGIS- Month in Review - September 2021.html
431,Weekly,2021-10-01,REGIS Week in Review: Oct 1 2021,6,Alejandro Molina,2021-09-28 10:37:33,Alejandro Molina,2021-09-28 10:37:33,Weekly/2021/2021-10-01 - REGIS Week in Review- Oct 1 2021.html
435,Daily,2021-10-01,REGIS REPORT (1 OCT),5,Regis CMS,2021-10-01 08:45:37,Regis CMS,2021-10-01 08:45:37,Daily/2021/2021-10-01 - REGIS REPORT (1 OCT).html
436,Daily,2021-10-04,REGIS REPORT (4 OCT),6,Regis CMS,2021-10-04 09:20:23,Regis CMS,2021-10-04 09:20:23,Daily/2021/2021-10-04 - REGIS REPORT (4 OCT).html
437,Daily,2021-10-05,REGIS REPORT (5 OCT),5,Regis CMS,2021-10-05 08:17:10,Regis CMS,2021-10-05 08:17:10,Daily/2021/2021-10-05 - REGIS REPORT (5 OCT).html
439,Daily,2021-10-06,REGIS REPORT (6 OCT),6,Regis CMS,2021-10-06 08:12:24,Regis CMS,2021-10-06 08:12:24,Daily/2021/2021-10-06 - REGIS REPORT (6 OCT).html
440,Daily,2021-10-07,REGIS REPORT (7 OCT),7,Regis CMS,2021-10-07 08:12:13,Regis CMS,2021-10-07 08:12:13,Daily/2021/2021-10-07 - REGIS REPORT (7 OCT).html
438,Weekly,2021-10-08,REGIS Week in Review: Oct 8 2021,6,Alejandro Molina,2021-10-05 14:23:26,Alejandro Molina,2021-10-05 14:23:26,Weekly/2021/2021-10-08 - REGIS Week in Review- Oct 8 2021.html
441,Daily,2021-10-08,REGIS REPORT (8 OCT),5,Regis CMS,2021-10-08 08:22:00,Regis CMS,2021-10-08 08:22:00,Daily/2021/2021-10-08 - REGIS REPORT (8 OCT).html
442,Daily,2021-10-11,REGIS REPORT (11 OCT),4,Regis CMS,2021-10-11 08:56:57,Regis CMS,2021-10-11 08:56:57,Daily/2021/2021-10-11 - REGIS REPORT (11 OCT).html
443,Daily,2021-10-11,test,1,Regis CMS,2021-10-11 14:47:33,Regis CMS,2021-10-11 14:47:33,Daily/2021/2021-10-11 - test.html
445,Daily,2021-10-12,REGIS REPORT (12 OCT),5,Regis CMS,2021-10-12 07:32:55,Regis CMS,2021-10-12 07:32:55,Daily/2021/2021-10-12 - REGIS REPORT (12 OCT).html
447,Daily,2021-10-13,REGIS REPORT (13 OCT),4,Regis CMS,2021-10-13 07:36:51,Regis CMS,2021-10-13 07:36:51,Daily/2021/2021-10-13 - REGIS REPORT (13 OCT).html
448,Daily,2021-10-14,REGIS REPORT (14 OCT),4,Regis CMS,2021-10-14 08:35:01,Regis CMS,2021-10-14 08:35:01,Daily/2021/2021-10-14 - REGIS REPORT (14 OCT).html
446,Weekly,2021-10-15,REGIS Week in Review: Oct 15 2021,6,Alejandro Molina,2021-10-12 19:09:41,Alejandro Molina,2021-10-12 19:09:41,Weekly/2021/2021-10-15 - REGIS Week in Review- Oct 15 2021.html
449,Daily,2021-10-15,REGIS REPORT (15 OCT),3,Regis CMS,2021-10-15 08:19:12,Regis CMS,2021-10-15 08:19:12,Daily/2021/2021-10-15 - REGIS REPORT (15 OCT).html
450,Daily,2021-10-18,REGIS REPORT (18 OCT),4,Regis CMS,2021-10-18 09:43:43,Regis CMS,2021-10-18 09:43:43,Daily/2021/2021-10-18 - REGIS REPORT (18 OCT).html
451,Daily,2021-10-19,REGIS REPORT (19 OCT),5,Regis CMS,2021-10-19 08:51:47,Regis CMS,2021-10-19 08:51:47,Daily/2021/2021-10-19 - REGIS REPORT (19 OCT).html
452,Daily,2021-10-20,REGIS REPORT (20 OCT),7,Regis CMS,2021-10-20 08:32:50,Regis CMS,2021-10-20 08:32:50,Daily/2021/2021-10-20 - REGIS REPORT (20 OCT).html
454,Daily,2021-10-21,REGIS REPORT (21 OCT),5,Regis CMS,2021-10-21 09:24:17,Regis CMS,2021-10-21 09:24:17,Daily/2021/2021-10-21 - REGIS REPORT (21 OCT).html
453,Weekly,2021-10-22,REGIS Week in Review: Oct 22 2021,7,Alejandro Molina,2021-10-20 08:47:49,Alejandro Molina,2021-10-20 08:47:49,Weekly/2021/2021-10-22 - REGIS Week in Review- Oct 22 2021.html
455,Daily,2021-10-22,REGIS REPORT (22 OCT),3,Regis CMS,2021-10-22 09:49:30,Regis CMS,2021-10-22 09:49:30,Daily/2021/2021-10-22 - REGIS REPORT (22 OCT).html
456,Daily,2021-10-25,REGIS REPORT (25 OCT),5,Regis CMS,2021-10-25 09:35:48,Regis CMS,2021-10-25 09:35:48,Daily/2021/2021-10-25 - REGIS REPORT (25 OCT).html
457,Daily,2021-10-26,REGIS REPORT (26 OCT),4,Regis CMS,2021-10-26 08:34:21,Regis CMS,2021-10-26 08:34:21,Daily/2021/2021-10-26 - REGIS REPORT (26 OCT).html
458,Daily,2021-10-27,REGIS REPORT (27 OCT),7,Regis CMS,2021-10-27 08:20:48,Regis CMS,2021-10-27 08:20:48,Daily/2021/2021-10-27 - REGIS REPORT (27 OCT).html
459,Daily,2021-10-28,REGIS REPORT (28 OCT),4,Regis CMS,2021-10-28 09:27:38,Regis CMS,2021-10-28 09:27:38,Daily/2021/2021-10-28 - REGIS REPORT (28 OCT).html
460,Weekly,2021-10-29,REGIS Week in Review: Oct 29 2021,6,Alejandro Molina,2021-10-28 13:29:37,Alejandro Molina,2021-10-28 13:29:37,Weekly/2021/2021-10-29 - REGIS Week in Review- Oct 29 2021.html
461,Daily,2021-10-29,REGIS REPORT (29 OCT),5,Regis CMS,2021-10-29 09:10:30,Regis CMS,2021-10-29 09:10:30,Daily/2021/2021-10-29 - REGIS REPORT (29 OCT).html
462,Monthly,2021-10-29,REGIS: Month in Review - October 2021,5,Regis CMS,2021-03-31 05:40:54,Regis CMS,2021-10-29 20:39:57,Monthly/2021/2021-10-29 - REGIS- Month in Review - October 2021.html
463,Daily,2021-11-02,REGIS REPORT (2 NOV),6,Regis CMS,2021-11-02 08:30:10,Regis CMS,2021-11-02 08:30:10,Daily/2021/2021-11-02 - REGIS REPORT (2 NOV).html
464,Daily,2021-11-03,REGIS REPORT (3 NOV),7,Regis CMS,2021-11-03 07:56:37,Regis CMS,2021-11-03 07:56:37,Daily/2021/2021-11-03 - REGIS REPORT (3 NOV).html
465,Daily,2021-11-04,REGIS REPORT (4 NOV),5,Regis CMS,2021-11-04 08:07:09,Regis CMS,2021-11-04 08:07:09,Daily/2021/2021-11-04 - REGIS REPORT (4 NOV).html
467,Weekly,2021-11-04,REGIS Week in Review: Nov 5 2021,17,Alejandro Molina,2021-08-26 14:08:10,Regis CMS,2021-11-05 12:33:46,Weekly/2021/2021-11-04 - REGIS Week in Review- Nov 5 2021.html
468,Daily,2021-11-05,REGIS REPORT (5 NOV),6,Regis CMS,2021-11-05 08:13:32,Regis CMS,2021-11-05 08:13:32,Daily/2021/2021-11-05 - REGIS REPORT (5 NOV).html
469,Daily,2021-11-08,REGIS REPORT (8 NOV),6,Regis CMS,2021-11-08 07:53:11,Regis CMS,2021-11-08 07:53:11,Daily/2021/2021-11-08 - REGIS REPORT (8 NOV).html
470,Daily,2021-11-09,REGIS REPORT (9 NOV),4,Regis CMS,2021-11-09 08:44:52,Regis CMS,2021-11-09 08:44:52,Daily/2021/2021-11-09 - REGIS REPORT (9 NOV).html
472,Daily,2021-11-10,REGIS REPORT (10 NOV),6,Regis CMS,2021-11-10 08:43:08,Regis CMS,2021-11-10 08:43:08,Daily/2021/2021-11-10 - REGIS REPORT (10 NOV).html
473,Daily,2021-11-11,REGIS REPORT (11 NOV),7,Regis CMS,2021-11-11 07:58:43,Regis CMS,2021-11-11 07:58:43,Daily/2021/2021-11-11 - REGIS REPORT (11 NOV).html
471,Weekly,2021-11-12,REGIS Week in Review: Nov 12 2021,19,Alejandro Molina,2021-11-09 18:23:42,Alejandro Molina,2021-11-09 18:23:42,Weekly/2021/2021-11-12 - REGIS Week in Review- Nov 12 2021.html
474,Daily,2021-11-12,REGIS REPORT (12 NOV),7,Regis CMS,2021-11-12 08:02:14,Regis CMS,2021-11-12 08:02:14,Daily/2021/2021-11-12 - REGIS REPORT (12 NOV).html
475,Daily,2021-11-15,REGIS REPORT (15 NOV),11,Regis CMS,2021-11-15 08:14:18,Regis CMS,2021-11-15 08:14:18,Daily/2021/2021-11-15 - REGIS REPORT (15 NOV).html
477,Daily,2021-11-16,REGIS REPORT (16 NOV),8,Regis CMS,2021-11-16 07:54:56,Regis CMS,2021-11-16 07:54:56,Daily/2021/2021-11-16 - REGIS REPORT (16 NOV).html
478,Daily,2021-11-17,REGIS REPORT (17 NOV),2,Regis CMS,2021-11-17 08:38:14,Regis CMS,2021-11-17 08:38:14,Daily/2021/2021-11-17 - REGIS REPORT (17 NOV).html
479,Daily,2021-11-18,REGIS REPORT (18 NOV),5,Regis CMS,2021-11-18 08:15:44,Regis CMS,2021-11-18 08:15:44,Daily/2021/2021-11-18 - REGIS REPORT (18 NOV).html
476,Weekly,2021-11-19,REGIS Week in Review: Nov 19 2021,11,Alejandro Molina,2021-11-15 12:26:22,Alejandro Molina,2021-11-15 12:26:22,Weekly/2021/2021-11-19 - REGIS Week in Review- Nov 19 2021.html
480,Daily,2021-11-19,REGIS REPORT (19 NOV),3,Regis CMS,2021-11-19 08:08:14,Regis CMS,2021-11-19 09:47:55,Daily/2021/2021-11-19 - REGIS REPORT (19 NOV).html
481,Daily,2021-11-22,REGIS REPORT (22 NOV),5,Regis CMS,2021-11-22 08:45:22,Regis CMS,2021-11-22 08:45:22,Daily/2021/2021-11-22 - REGIS REPORT (22 NOV).html
482,Daily,2021-11-23,REGIS REPORT (23 NOV),5,Regis CMS,2021-11-23 07:59:07,Regis CMS,2021-11-23 07:59:07,Daily/2021/2021-11-23 - REGIS REPORT (23 NOV).html
483,Daily,2021-11-24,REGIS REPORT (24 NOV),3,Regis CMS,2021-11-24 07:58:37,Regis CMS,2021-11-24 07:58:37,Daily/2021/2021-11-24 - REGIS REPORT (24 NOV).html
484,Daily,2021-11-25,REGIS REPORT (25 NOV),2,Regis CMS,2021-11-25 08:46:43,Regis CMS,2021-11-25 08:46:43,Daily/2021/2021-11-25 - REGIS REPORT (25 NOV).html
485,Weekly,2021-11-26,REGIS Week in Review: Nov 26 2021,10,Alejandro Molina,2021-11-25 11:11:13,Alejandro Molina,2021-11-25 11:11:13,Weekly/2021/2021-11-26 - REGIS Week in Review- Nov 26 2021.html
486,Daily,2021-11-26,REGIS REPORT (26 NOV),5,Regis CMS,2021-11-26 09:23:37,Regis CMS,2021-11-26 09:23:37,Daily/2021/2021-11-26 - REGIS REPORT (26 NOV).html
487,Daily,2021-11-29,REGIS REPORT (29 NOV),3,Regis CMS,2021-11-29 08:00:53,Regis CMS,2021-11-29 08:00:53,Daily/2021/2021-11-29 - REGIS REPORT (29 NOV).html
488,Monthly,2021-11-29,REGIS: Month in Review - November 2021,5,Regis CMS,2021-03-31 05:40:54,Regis CMS,2021-11-29 17:53:46,Monthly/2021/2021-11-29 - REGIS- Month in Review - November 2021.html
489,Daily,2021-12-01,REGIS REPORT (1 DEC),4,Regis CMS,2021-12-01 07:45:40,Regis CMS,2021-12-01 07:45:40,Daily/2021/2021-12-01 - REGIS REPORT (1 DEC).html
490,Daily,2021-12-02,REGIS REPORT (2 DEC),6,Regis CMS,2021-12-02 08:15:41,Regis CMS,2021-12-02 08:15:41,Daily/2021/2021-12-02 - REGIS REPORT (2 DEC).html
509,Daily,2021-12-02,REGIS REPORT (24 DEC),6,Regis CMS,2021-12-24 08:50:19,Regis CMS,2021-12-24 08:50:19,Daily/2021/2021-12-02 - REGIS REPORT (24 DEC).html
491,Weekly,2021-12-03,REGIS Week in Review Dec 03 2021,11,Alejandro Molina,2021-12-02 21:08:36,Alejandro Molina,2021-12-02 21:08:36,Weekly/2021/2021-12-03 - REGIS Week in Review Dec 03 2021.html
492,Daily,2021-12-03,REGIS REPORT (3 DEC),4,Regis CMS,2021-12-03 07:56:07,Regis CMS,2021-12-03 07:56:07,Daily/2021/2021-12-03 - REGIS REPORT (3 DEC).html
493,Daily,2021-12-06,REGIS REPORT (6 DEC),4,Regis CMS,2021-12-06 08:35:45,Regis CMS,2021-12-06 08:35:45,Daily/2021/2021-12-06 - REGIS REPORT (6 DEC).html
494,Daily,2021-12-07,REGIS REPORT (7 DEC),5,Regis CMS,2021-12-07 08:02:04,Regis CMS,2021-12-07 08:02:04,Daily/2021/2021-12-07 - REGIS REPORT (7 DEC).html
495,Daily,2021-12-09,REGIS REPORT (9 DEC),4,Regis CMS,2021-12-09 08:12:17,Regis CMS,2021-12-09 08:12:17,Daily/2021/2021-12-09 - REGIS REPORT (9 DEC).html
496,Weekly,2021-12-10,REGIS Week in Review Dec 10 2021,8,Alejandro Molina,2021-12-09 22:26:00,Alejandro Molina,2021-12-14 12:53:28,Weekly/2021/2021-12-10 - REGIS Week in Review Dec 10 2021.html
497,Daily,2021-12-10,REGIS REPORT (10 DEC),4,Regis CMS,2021-12-10 08:19:23,Regis CMS,2021-12-10 08:19:23,Daily/2021/2021-12-10 - REGIS REPORT (10 DEC).html
498,Daily,2021-12-13,REGIS REPORT (13 DEC),7,Regis CMS,2021-12-13 08:06:34,Regis CMS,2021-12-13 08:06:34,Daily/2021/2021-12-13 - REGIS REPORT (13 DEC).html
499,Daily,2021-12-14,REGIS REPORT (14 DEC),4,Regis CMS,2021-12-14 08:23:18,Regis CMS,2021-12-14 08:23:18,Daily/2021/2021-12-14 - REGIS REPORT (14 DEC).html
501,Daily,2021-12-15,REGIS REPORT (15 DEC),5,Regis CMS,2021-12-15 08:20:22,Regis CMS,2021-12-15 08:20:22,Daily/2021/2021-12-15 - REGIS REPORT (15 DEC).html
502,Daily,2021-12-16,REGIS REPORT (16 DEC),6,Regis CMS,2021-12-16 07:59:12,Regis CMS,2021-12-16 07:59:12,Daily/2021/2021-12-16 - REGIS REPORT (16 DEC).html
500,Weekly,2021-12-17,REGIS Week in Review Dec 17 2021,8,Alejandro Molina,2021-12-14 12:53:02,Alejandro Molina,2021-12-14 12:53:02,Weekly/2021/2021-12-17 - REGIS Week in Review Dec 17 2021.html
503,Daily,2021-12-17,REGIS REPORT (17 DEC),4,Regis CMS,2021-12-17 08:29:21,Regis CMS,2021-12-17 08:29:21,Daily/2021/2021-12-17 - REGIS REPORT (17 DEC).html
504,Daily,2021-12-20,REGIS REPORT (20 DEC),2,Regis CMS,2021-12-20 08:05:24,Regis CMS,2021-12-20 08:05:24,Daily/2021/2021-12-20 - REGIS REPORT (20 DEC).html
505,Daily,2021-12-21,REGIS REPORT (21 DEC),4,Regis CMS,2021-12-21 08:10:32,Regis CMS,2021-12-21 08:10:32,Daily/2021/2021-12-21 - REGIS REPORT (21 DEC).html
507,Daily,2021-12-22,REGIS REPORT (22 DEC),4,Regis CMS,2021-12-22 07:53:41,Regis CMS,2021-12-22 07:53:41,Daily/2021/2021-12-22 - REGIS REPORT (22 DEC).html
508,Daily,2021-12-23,REGIS REPORT (23 DEC),3,Regis CMS,2021-12-23 08:36:29,Regis CMS,2021-12-23 08:36:29,Daily/2021/2021-12-23 - REGIS REPORT (23 DEC).html
506,Weekly,2021-12-24,REGIS Week in Review Dec 24 2021,9,Alejandro Molina,2021-12-21 08:32:35,Alejandro Molina,2021-12-24 10:57:57,Weekly/2021/2021-12-24 - REGIS Week in Review Dec 24 2021.html
510,Daily,2021-12-27,REGIS REPORT (27 DEC),4,Regis CMS,2021-12-27 07:58:24,Regis CMS,2021-12-27 07:58:24,Daily/2021/2021-12-27 - REGIS REPORT (27 DEC).html
511,Daily,2021-12-28,REGIS REPORT (28 DEC),4,Regis CMS,2021-12-28 07:58:04,Regis CMS,2021-12-28 07:58:04,Daily/2021/2021-12-28 - REGIS REPORT (28 DEC).html
512,Daily,2021-12-29,REGIS REPORT (29 DEC),3,Regis CMS,2021-12-29 09:08:03,Regis CMS,2021-12-29 09:08:03,Daily/2021/2021-12-29 - REGIS REPORT (29 DEC).html
513,Weekly,2021-12-31,REGIS Week in Review Dec 31 2021,9,Alejandro Molina,2021-12-31 08:29:24,Alejandro Molina,2021-12-31 08:29:24,Weekly/2021/2021-12-31 - REGIS Week in Review Dec 31 2021.html
514,Daily,2021-12-31,REGIS REPORT (31 DEC),4,Regis CMS,2021-12-31 09:18:31,Regis CMS,2021-12-31 09:18:31,Daily/2021/2021-12-31 - REGIS REPORT (31 DEC).html
515,Monthly,2021-12-31,REGIS: Month in Review - December 2021,6,Regis CMS,2021-03-31 05:40:54,Regis CMS,2021-12-31 10:58:15,Monthly/2021/2021-12-31 - REGIS- Month in Review - December 2021.html
516,Daily,2022-01-03,REGIS REPORT (3 JAN),5,Regis CMS,2022-01-03 09:21:34,Regis CMS,2022-01-03 09:21:34,Daily/2022/2022-01-03 - REGIS REPORT (3 JAN).html
517,Daily,2022-01-04,REGIS REPORT (4 JAN),5,Regis CMS,2022-01-04 08:25:24,Regis CMS,2022-01-04 08:25:24,Daily/2022/2022-01-04 - REGIS REPORT (4 JAN).html
518,Daily,2022-01-05,REGIS REPORT (5 JAN),3,Regis CMS,2022-01-05 08:23:18,Regis CMS,2022-01-05 08:23:18,Daily/2022/2022-01-05 - REGIS REPORT (5 JAN).html
520,Daily,2022-01-06,REGIS REPORT (6 JAN),5,Regis CMS,2022-01-06 08:33:49,Regis CMS,2022-01-06 08:33:49,Daily/2022/2022-01-06 - REGIS REPORT (6 JAN).html
519,Weekly,2022-01-07,REGIS Week in Review Jan 07 2022,8,Alejandro Molina,2022-01-05 13:05:50,Alejandro Molina,2022-01-05 13:05:50,Weekly/2022/2022-01-07 - REGIS Week in Review Jan 07 2022.html
521,Daily,2022-01-07,REGIS REPORT (7 JAN),3,Regis CMS,2022-01-07 08:31:12,Regis CMS,2022-01-07 08:31:12,Daily/2022/2022-01-07 - REGIS REPORT (7 JAN).html
522,Daily,2022-01-10,REGIS REPORT (10 JAN),6,Regis CMS,2022-01-10 08:40:39,Regis CMS,2022-01-10 08:40:39,Daily/2022/2022-01-10 - REGIS REPORT (10 JAN).html
523,Daily,2022-01-11,REGIS REPORT (11 JAN),6,Regis CMS,2022-01-11 08:42:07,Regis CMS,2022-01-11 08:42:07,Daily/2022/2022-01-11 - REGIS REPORT (11 JAN).html
524,Daily,2022-01-12,REGIS REPORT (12 JAN),3,Regis CMS,2022-01-12 09:19:13,Regis CMS,2022-01-12 09:19:13,Daily/2022/2022-01-12 - REGIS REPORT (12 JAN).html
526,Daily,2022-01-13,REGIS REPORT (13 JAN),2,Regis CMS,2022-01-13 09:42:09,Regis CMS,2022-01-13 09:42:09,Daily/2022/2022-01-13 - REGIS REPORT (13 JAN).html
525,Weekly,2022-01-14,REGIS Week in Review Jan 14 2022,8,Alejandro Molina,2022-01-12 09:28:29,Alejandro Molina,2022-01-12 09:28:29,Weekly/2022/2022-01-14 - REGIS Week in Review Jan 14 2022.html
527,Daily,2022-01-14,REGIS REPORT (14 JAN),5,Regis CMS,2022-01-14 09:27:08,Regis CMS,2022-01-14 09:29:15,Daily/2022/2022-01-14 - REGIS REPORT (14 JAN).html
528,Daily,2022-01-17,REGIS REPORT (17 JAN),4,Regis CMS,2022-01-17 08:24:41,Regis CMS,2022-01-17 08:24:41,Daily/2022/2022-01-17 - REGIS REPORT (17 JAN).html
529,Daily,2022-01-18,REGIS REPORT (18 JAN),3,Regis CMS,2022-01-18 08:11:50,Regis CMS,2022-01-18 08:11:50,Daily/2022/2022-01-18 - REGIS REPORT (18 JAN).html
530,Daily,2022-01-19,REGIS REPORT (19 JAN),3,Regis CMS,2022-01-19 09:20:45,Regis CMS,2022-01-19 09:20:45,Daily/2022/2022-01-19 - REGIS REPORT (19 JAN).html
531,Daily,2022-01-20,REGIS REPORT (20 JAN),3,Regis CMS,2022-01-20 07:54:25,Regis CMS,2022-01-20 07:54:25,Daily/2022/2022-01-20 - REGIS REPORT (20 JAN).html
532,Weekly,2022-01-21,REGIS Week in Review Jan 21 2022,8,Alejandro Molina,2022-01-20 19:54:43,Alejandro Molina,2022-01-20 19:54:43,Weekly/2022/2022-01-21 - REGIS Week in Review Jan 21 2022.html
533,Daily,2022-01-21,REGIS REPORT (21 JAN),4,Regis CMS,2022-01-21 08:52:03,Regis CMS,2022-01-21 08:52:03,Daily/2022/2022-01-21 - REGIS REPORT (21 JAN).html
534,Daily,2022-01-24,REGIS REPORT (24 JAN),3,Regis CMS,2022-01-24 08:49:52,Regis CMS,2022-01-24 08:49:52,Daily/2022/2022-01-24 - REGIS REPORT (24 JAN).html
535,Daily,2022-01-25,REGIS REPORT (25 JAN),5,Regis CMS,2022-01-25 09:00:34,Regis CMS,2022-01-25 09:00:34,Daily/2022/2022-01-25 - REGIS REPORT (25 JAN).html
536,Daily,2022-01-26,REGIS REPORT (26 JAN),4,Regis CMS,2022-01-26 08:20:07,Regis CMS,2022-01-26 08:20:07,Daily/2022/2022-01-26 - REGIS REPORT (26 JAN).html
537,Daily,2022-01-27,REGIS REPORT (27 JAN),5,Regis CMS,2022-01-27 08:30:52,Regis CMS,2022-01-27 08:30:52,Daily/2022/2022-01-27 - REGIS REPORT (27 JAN).html
538,Weekly,2022-01-28,REGIS Week in Review Jan 28 2022,9,Alejandro Molina,2022-01-28 00:01:28,Alejandro Molina,2022-01-28 00:01:28,Weekly/2022/2022-01-28 - REGIS Week in Review Jan 28 2022.html
539,Daily,2022-01-28,REGIS REPORT (28 JAN),5,Regis CMS,2022-01-28 08:39:42,Regis CMS,2022-01-28 08:39:42,Daily/2022/2022-01-28 - REGIS REPORT (28 JAN).html
540,Daily,2022-01-31,REGIS REPORT (31 JAN),6,Regis CMS,2022-01-31 08:53:03,Regis CMS,2022-01-31 08:53:03,Daily/2022/2022-01-31 - REGIS REPORT (31 JAN).html
541,Daily,2022-02-02,REGIS REPORT (2 FEB),6,Regis CMS,2022-02-02 08:53:00,Regis CMS,2022-02-02 08:53:00,Daily/2022/2022-02-02 - REGIS REPORT (2 FEB).html
542,Monthly,2022-02-02,REGIS: Month in Review - January 2022,5,Regis CMS,2021-03-31 05:40:54,Regis CMS,2022-02-02 12:07:59,Monthly/2022/2022-02-02 - REGIS- Month in Review - January 2022.html
543,Daily,2022-02-03,REGIS REPORT (3 FEB),6,Regis CMS,2022-02-03 08:44:43,Regis CMS,2022-02-03 08:44:43,Daily/2022/2022-02-03 - REGIS REPORT (3 FEB).html
545,Daily,2022-02-03,Invitation,1,Regis CMS,2022-02-03 08:44:43,Regis CMS,2022-02-03 15:05:15,Daily/2022/2022-02-03 - Invitation.html
544,Weekly,2022-02-04,REGIS Week in Review Feb 04 2022,8,Alejandro Molina,2022-02-03 11:38:59,Alejandro Molina,2022-02-03 11:38:59,Weekly/2022/2022-02-04 - REGIS Week in Review Feb 04 2022.html
546,Daily,2022-02-04,REGIS REPORT (4 FEB),5,Regis CMS,2022-02-04 08:36:49,Regis CMS,2022-02-04 08:36:49,Daily/2022/2022-02-04 - REGIS REPORT (4 FEB).html
547,Daily,2022-02-07,REGIS REPORT (7 FEB),5,Regis CMS,2022-02-07 08:54:41,Regis CMS,2022-02-07 08:54:41,Daily/2022/2022-02-07 - REGIS REPORT (7 FEB).html
548,Daily,2022-02-08,REGIS REPORT (8 FEB),3,Regis CMS,2022-02-08 09:13:24,Regis CMS,2022-02-08 09:13:24,Daily/2022/2022-02-08 - REGIS REPORT (8 FEB).html
549,Daily,2022-02-09,REGIS REPORT (9 FEB),3,Regis CMS,2022-02-09 09:14:02,Regis CMS,2022-02-09 09:14:02,Daily/2022/2022-02-09 - REGIS REPORT (9 FEB).html
551,Daily,2022-02-10,REGIS REPORT (10 FEB),6,Regis CMS,2022-02-10 09:22:27,Regis CMS,2022-02-10 09:22:27,Daily/2022/2022-02-10 - REGIS REPORT (10 FEB).html
550,Weekly,2022-02-11,REGIS Week in Review Feb 11 2022,8,Alejandro Molina,2022-02-09 11:20:00,Alejandro Molina,2022-02-09 11:20:00,Weekly/2022/2022-02-11 - REGIS Week in Review Feb 11 2022.html
552,Daily,2022-02-11,REGIS REPORT (11 FEB),7,Regis CMS,2022-02-11 08:04:28,Regis CMS,2022-02-11 08:04:28,Daily/2022/2022-02-11 - REGIS REPORT (11 FEB).html
553,Daily,2022-02-14,REGIS REPORT (14 FEB),5,Regis CMS,2022-02-14 09:02:38,Regis CMS,2022-02-14 09:02:38,Daily/2022/2022-02-14 - REGIS REPORT (14 FEB).html
554,Daily,2022-02-14,Invitation,5,Regis CMS,2022-02-14 09:02:38,Regis CMS,2022-02-14 20:32:21,Daily/2022/2022-02-14 - Invitation.html
555,Weekly,2022-02-14,Copy of REGIS Week in Review Feb 11 2022,11,Alejandro Molina,2022-02-09 11:20:00,Alejandro Molina,2022-02-09 11:20:00,Weekly/2022/2022-02-14 - Copy of REGIS Week in Review Feb 11 2022.html
556,Daily,2022-02-15,REGIS REPORT (15 FEB),4,Regis CMS,2022-02-15 08:57:35,Regis CMS,2022-02-15 08:57:35,Daily/2022/2022-02-15 - REGIS REPORT (15 FEB).html
557,Daily,2022-02-16,REGIS REPORT (16 FEB),3,Regis CMS,2022-02-16 07:37:49,Regis CMS,2022-02-16 07:37:49,Daily/2022/2022-02-16 - REGIS REPORT (16 FEB).html
558,Daily,2022-02-17,REGIS REPORT (17 FEB),5,Regis CMS,2022-02-17 09:02:49,Regis CMS,2022-02-17 09:02:49,Daily/2022/2022-02-17 - REGIS REPORT (17 FEB).html
559,Weekly,2022-02-18,REGIS Week in Review Feb 18 2022,10,Alejandro Molina,2022-02-17 09:23:37,Alejandro Molina,2022-02-17 09:23:37,Weekly/2022/2022-02-18 - REGIS Week in Review Feb 18 2022.html
560,Daily,2022-02-18,REGIS REPORT (18 FEB),3,Regis CMS,2022-02-18 08:26:40,Regis CMS,2022-02-18 08:26:40,Daily/2022/2022-02-18 - REGIS REPORT (18 FEB).html
561,Daily,2022-02-21,REGIS REPORT (21 FEB),5,Regis CMS,2022-02-21 08:23:24,Regis CMS,2022-02-21 08:23:24,Daily/2022/2022-02-21 - REGIS REPORT (21 FEB).html
562,Daily,2022-02-22,REGIS REPORT (22 FEB),2,Regis CMS,2022-02-22 09:37:41,Regis CMS,2022-02-22 09:37:41,Daily/2022/2022-02-22 - REGIS REPORT (22 FEB).html
564,Daily,2022-02-23,REGIS REPORT (23 FEB),3,Regis CMS,2022-02-23 09:06:11,Regis CMS,2022-02-23 09:06:11,Daily/2022/2022-02-23 - REGIS REPORT (23 FEB).html
563,Weekly,2022-02-24,REGIS Week in Review Feb 24 2022,11,Alejandro Molina,2022-02-22 10:17:19,Alejandro Molina,2022-02-22 10:17:19,Weekly/2022/2022-02-24 - REGIS Week in Review Feb 24 2022.html
565,Daily,2022-02-24,REGIS REPORT (24 FEB),5,Regis CMS,2022-02-24 08:30:40,Regis CMS,2022-02-24 08:30:40,Daily/2022/2022-02-24 - REGIS REPORT (24 FEB).html
566,Daily,2022-02-28,REGIS REPORT (28 FEB),6,Regis CMS,2022-02-28 07:59:19,Regis CMS,2022-02-28 07:59:19,Daily/2022/2022-02-28 - REGIS REPORT (28 FEB).html
567,Daily,2022-03-01,REGIS REPORT (1 MAR),6,Regis CMS,2022-03-01 08:10:35,Regis CMS,2022-03-01 08:10:35,Daily/2022/2022-03-01 - REGIS REPORT (1 MAR).html
568,Monthly,2022-03-01,REGIS: Month in Review - February 2022,5,Regis CMS,2021-03-31 05:40:54,Regis CMS,2022-03-01 08:14:45,Monthly/2022/2022-03-01 - REGIS- Month in Review - February 2022.html
569,Daily,2022-03-02,REGIS REPORT (2 MAR),5,Regis CMS,2022-03-02 08:04:07,Regis CMS,2022-03-02 08:04:07,Daily/2022/2022-03-02 - REGIS REPORT (2 MAR).html
571,Daily,2022-03-03,REGIS REPORT (3 MAR),3,Regis CMS,2022-03-03 08:31:39,Regis CMS,2022-03-03 08:31:39,Daily/2022/2022-03-03 - REGIS REPORT (3 MAR).html
570,Weekly,2022-03-04,REGIS Week in Review March 04 2022,14,Alejandro Molina,2022-03-02 10:54:57,Alejandro Molina,2022-03-02 10:54:57,Weekly/2022/2022-03-04 - REGIS Week in Review March 04 2022.html
572,Daily,2022-03-04,REGIS REPORT (4 MAR),5,Regis CMS,2022-03-04 08:06:35,Regis CMS,2022-03-04 08:06:35,Daily/2022/2022-03-04 - REGIS REPORT (4 MAR).html
573,Daily,2022-03-07,REGIS REPORT (7 MAR),4,Regis CMS,2022-03-07 08:03:58,Regis CMS,2022-03-07 08:03:58,Daily/2022/2022-03-07 - REGIS REPORT (7 MAR).html
574,Daily,2022-03-08,REGIS REPORT (8 MAR),5,Regis CMS,2022-03-08 08:17:10,Regis CMS,2022-03-08 08:17:10,Daily/2022/2022-03-08 - REGIS REPORT (8 MAR).html
575,Daily,2022-03-09,REGIS REPORT (9 MAR),7,Regis CMS,2022-03-09 08:11:11,Regis CMS,2022-03-09 08:11:11,Daily/2022/2022-03-09 - REGIS REPORT (9 MAR).html
576,Daily,2022-03-10,REGIS REPORT (10 MAR),4,Regis CMS,2022-03-10 07:55:23,Regis CMS,2022-03-10 07:55:23,Daily/2022/2022-03-10 - REGIS REPORT (10 MAR).html
577,Weekly,2022-03-11,REGIS Week in Review March 11 2022,14,Alejandro Molina,2022-03-10 08:07:40,Alejandro Molina,2022-03-10 08:07:40,Weekly/2022/2022-03-11 - REGIS Week in Review March 11 2022.html
578,Daily,2022-03-11,REGIS REPORT (11 MAR),6,Regis CMS,2022-03-11 08:10:04,Regis CMS,2022-03-11 08:10:04,Daily/2022/2022-03-11 - REGIS REPORT (11 MAR).html
579,Daily,2022-03-14,REGIS REPORT (14 MAR),3,Regis CMS,2022-03-14 08:06:55,Regis CMS,2022-03-14 08:06:55,Daily/2022/2022-03-14 - REGIS REPORT (14 MAR).html
580,Daily,2022-03-15,REGIS REPORT (15 MAR),5,Regis CMS,2022-03-15 08:40:01,Regis CMS,2022-03-15 08:40:01,Daily/2022/2022-03-15 - REGIS REPORT (15 MAR).html
581,Daily,2022-03-16,REGIS REPORT (16 MAR),3,Regis CMS,2022-03-16 07:56:58,Regis CMS,2022-03-16 07:56:58,Daily/2022/2022-03-16 - REGIS REPORT (16 MAR).html
582,Daily,2022-03-17,REGIS REPORT (17 MAR),4,Regis CMS,2022-03-17 07:56:04,Regis CMS,2022-03-17 07:56:04,Daily/2022/2022-03-17 - REGIS REPORT (17 MAR).html
583,Weekly,2022-03-18,REGIS Week in Review March 18 2022,10,Alejandro Molina,2022-03-17 08:15:33,Alejandro Molina,2022-03-17 08:15:33,Weekly/2022/2022-03-18 - REGIS Week in Review March 18 2022.html
584,Daily,2022-03-18,REGIS REPORT (18 MAR),3,Regis CMS,2022-03-18 09:28:17,Regis CMS,2022-03-18 09:28:17,Daily/2022/2022-03-18 - REGIS REPORT (18 MAR).html
585,Daily,2022-03-21,REGIS REPORT (21 MAR),6,Regis CMS,2022-03-21 08:12:45,Regis CMS,2022-03-21 08:12:45,Daily/2022/2022-03-21 - REGIS REPORT (21 MAR).html
587,Daily,2022-03-22,REGIS REPORT (22 MAR),5,Regis CMS,2022-03-22 08:01:16,Regis CMS,2022-03-22 08:01:16,Daily/2022/2022-03-22 - REGIS REPORT (22 MAR).html
588,Daily,2022-03-23,REGIS REPORT (23 MAR),4,Regis CMS,2022-03-23 08:07:23,Regis CMS,2022-03-23 08:07:23,Daily/2022/2022-03-23 - REGIS REPORT (23 MAR).html
589,Daily,2022-03-24,REGIS REPORT (24 MAR),4,Regis CMS,2022-03-24 08:28:25,Regis CMS,2022-03-24 08:28:25,Daily/2022/2022-03-24 - REGIS REPORT (24 MAR).html
586,Weekly,2022-03-25,REGIS Week in Review March 25 2022,10,Alejandro Molina,2022-03-21 13:56:28,Alejandro Molina,2022-03-21 13:56:28,Weekly/2022/2022-03-25 - REGIS Week in Review March 25 2022.html
590,Daily,2022-03-25,REGIS REPORT (25 MAR),4,Regis CMS,2022-03-25 09:30:08,Regis CMS,2022-03-25 09:30:08,Daily/2022/2022-03-25 - REGIS REPORT (25 MAR).html
591,Daily,2022-03-28,REGIS REPORT (28 MAR),5,Regis CMS,2022-03-28 08:13:02,Regis CMS,2022-03-28 08:13:02,Daily/2022/2022-03-28 - REGIS REPORT (28 MAR).html
592,Daily,2022-03-29,REGIS REPORT (29 MAR),3,Regis CMS,2022-03-29 08:01:47,Regis CMS,2022-03-29 08:01:47,Daily/2022/2022-03-29 - REGIS REPORT (29 MAR).html
593,Daily,2022-03-30,REGIS REPORT (30 MAR),3,Regis CMS,2022-03-30 07:57:03,Regis CMS,2022-03-30 07:57:03,Daily/2022/2022-03-30 - REGIS REPORT (30 MAR).html
595,Daily,2022-03-31,REGIS REPORT (31 MAR),3,Regis CMS,2022-03-31 08:11:36,Regis CMS,2022-03-31 08:11:36,Daily/2022/2022-03-31 - REGIS REPORT (31 MAR).html
594,Weekly,2022-04-01,REGIS Week in Review April 1 2022,11,Alejandro Molina,2022-03-30 11:24:11,Alejandro Molina,2022-03-30 11:24:11,Weekly/2022/2022-04-01 - REGIS Week in Review April 1 2022.html
596,Monthly,2022-04-01,REGIS: Month in Review - March 2022,5,Regis CMS,2021-03-31 05:40:54,Regis CMS,2022-04-01 05:47:26,Monthly/2022/2022-04-01 - REGIS- Month in Review - March 2022.html
597,Daily,2022-04-01,REGIS REPORT (1 APR),8,Regis CMS,2022-04-01 08:28:22,Regis CMS,2022-04-01 08:28:22,Daily/2022/2022-04-01 - REGIS REPORT (1 APR).html
598,Daily,2022-04-04,REGIS REPORT (4 APR),6,Regis CMS,2022-04-04 08:12:42,Regis CMS,2022-04-04 08:12:42,Daily/2022/2022-04-04 - REGIS REPORT (4 APR).html
599,Daily,2022-04-05,REGIS REPORT (5 APR),3,Regis CMS,2022-04-05 08:52:14,Regis CMS,2022-04-05 08:52:14,Daily/2022/2022-04-05 - REGIS REPORT (5 APR).html
600,Daily,2022-04-06,REGIS REPORT (6 APR),3,Regis CMS,2022-04-06 08:07:50,Regis CMS,2022-04-06 08:07:50,Daily/2022/2022-04-06 - REGIS REPORT (6 APR).html
602,Daily,2022-04-07,REGIS REPORT (7 APR),3,Regis CMS,2022-04-07 08:35:09,Regis CMS,2022-04-07 08:35:09,Daily/2022/2022-04-07 - REGIS REPORT (7 APR).html
601,Weekly,2022-04-08,REGIS Week in Review April 8 2022,12,Alejandro Molina,2022-04-06 13:26:39,Alejandro Molina,2022-04-06 13:26:39,Weekly/2022/2022-04-08 - REGIS Week in Review April 8 2022.html
603,Daily,2022-04-08,REGIS REPORT (8 APR),5,Regis CMS,2022-04-08 08:48:21,Regis CMS,2022-04-08 08:48:21,Daily/2022/2022-04-08 - REGIS REPORT (8 APR).html
604,Daily,2022-04-11,REGIS REPORT (11 APR),4,Regis CMS,2022-04-11 07:53:07,Regis CMS,2022-04-11 07:53:07,Daily/2022/2022-04-11 - REGIS REPORT (11 APR).html
605,Daily,2022-04-12,REGIS REPORT (12 APR),3,Regis CMS,2022-04-12 08:01:04,Regis CMS,2022-04-12 08:01:04,Daily/2022/2022-04-12 - REGIS REPORT (12 APR).html
606,Weekly,2022-04-12,REGIS Week in Review April 12 2022,9,Alejandro Molina,2022-04-06 13:26:39,Regis CMS,2022-04-12 17:09:27,Weekly/2022/2022-04-12 - REGIS Week in Review April 12 2022.html
607,Daily,2022-04-13,REGIS REPORT (13 APR),3,Regis CMS,2022-04-13 08:35:18,Regis CMS,2022-04-13 08:35:18,Daily/2022/2022-04-13 - REGIS REPORT (13 APR).html
608,Daily,2022-04-18,REGIS REPORT (18 APR),7,Regis CMS,2022-04-18 08:45:59,Regis CMS,2022-04-18 08:45:59,Daily/2022/2022-04-18 - REGIS REPORT (18 APR).html
609,Daily,2022-04-19,REGIS REPORT (19 APR),4,Regis CMS,2022-04-19 08:01:01,Regis CMS,2022-04-19 08:01:01,Daily/2022/2022-04-19 - REGIS REPORT (19 APR).html
610,Daily,2022-04-20,REGIS REPORT (20 APR),5,Regis CMS,2022-04-20 08:55:52,Regis CMS,2022-04-20 08:55:52,Daily/2022/2022-04-20 - REGIS REPORT (20 APR).html
612,Daily,2022-04-21,REGIS REPORT (21 APR),4,Regis CMS,2022-04-21 08:34:06,Regis CMS,2022-04-21 08:34:06,Daily/2022/2022-04-21 - REGIS REPORT (21 APR).html
611,Weekly,2022-04-22,REGIS Week in Review April 22 2022,9,Alejandro Molina,2022-04-20 09:50:05,Alejandro Molina,2022-04-20 09:50:05,Weekly/2022/2022-04-22 - REGIS Week in Review April 22 2022.html
613,Daily,2022-04-22,REGIS REPORT (22 APR),4,Regis CMS,2022-04-22 09:00:54,Regis CMS,2022-04-22 09:00:54,Daily/2022/2022-04-22 - REGIS REPORT (22 APR).html
614,Daily,2022-04-25,REGIS REPORT (25 APR),7,Regis CMS,2022-04-25 08:16:11,Regis CMS,2022-04-25 08:16:11,Daily/2022/2022-04-25 - REGIS REPORT (25 APR).html
615,Daily,2022-04-26,REGIS REPORT (26 APR),4,Regis CMS,2022-04-26 08:02:13,Regis CMS,2022-04-26 08:02:13,Daily/2022/2022-04-26 - REGIS REPORT (26 APR).html
617,Daily,2022-04-27,REGIS REPORT (27 APR),4,Regis CMS,2022-04-27 07:59:28,Regis CMS,2022-04-27 07:59:28,Daily/2022/2022-04-27 - REGIS REPORT (27 APR).html
618,Daily,2022-04-28,REGIS REPORT (28 APR),5,Regis CMS,2022-04-28 08:11:13,Regis CMS,2022-04-28 08:11:13,Daily/2022/2022-04-28 - REGIS REPORT (28 APR).html
616,Weekly,2022-04-29,REGIS Week in Review April 29 2022,15,Alejandro Molina,2022-04-26 15:47:22,Alejandro Molina,2022-04-26 15:47:22,Weekly/2022/2022-04-29 - REGIS Week in Review April 29 2022.html
619,Daily,2022-04-29,REGIS REPORT (29 APR),5,Regis CMS,2022-04-29 07:54:28,Regis CMS,2022-04-29 07:54:28,Daily/2022/2022-04-29 - REGIS REPORT (29 APR).html
620,Daily,2022-05-02,REGIS REPORT (2 MAY),6,Regis CMS,2022-05-02 08:50:10,Regis CMS,2022-05-02 08:50:10,Daily/2022/2022-05-02 - REGIS REPORT (2 MAY).html
621,Monthly,2022-05-02,REGIS: Month in Review - April 2022,5,Regis CMS,2021-03-31 05:40:54,Regis CMS,2022-05-02 14:06:13,Monthly/2022/2022-05-02 - REGIS- Month in Review - April 2022.html
623,Daily,2022-05-04,REGIS REPORT (4 MAY),7,Regis CMS,2022-05-04 09:24:31,Regis CMS,2022-05-04 09:24:31,Daily/2022/2022-05-04 - REGIS REPORT (4 MAY).html
624,Daily,2022-05-05,REGIS REPORT (5 MAY),8,Regis CMS,2022-05-05 08:08:58,Regis CMS,2022-05-05 08:08:58,Daily/2022/2022-05-05 - REGIS REPORT (5 MAY).html
622,Weekly,2022-05-06,REGIS Week in Review May 06 2022,16,Alejandro Molina,2022-05-04 08:44:56,Alejandro Molina,2022-05-04 08:44:56,Weekly/2022/2022-05-06 - REGIS Week in Review May 06 2022.html
625,Daily,2022-05-06,REGIS REPORT (6 MAY),5,Regis CMS,2022-05-06 08:56:03,Regis CMS,2022-05-06 08:56:03,Daily/2022/2022-05-06 - REGIS REPORT (6 MAY).html
626,Daily,2022-05-10,REGIS REPORT (10 MAY),6,Regis CMS,2022-05-10 06:46:37,Regis CMS,2022-05-10 06:46:37,Daily/2022/2022-05-10 - REGIS REPORT (10 MAY).html
627,Daily,2022-05-11,REGIS REPORT (11 MAY),6,Regis CMS,2022-05-11 08:53:19,Regis CMS,2022-05-11 08:53:19,Daily/2022/2022-05-11 - REGIS REPORT (11 MAY).html
629,Daily,2022-05-12,REGIS REPORT (12 MAY),4,Regis CMS,2022-05-12 08:10:13,Regis CMS,2022-05-12 08:10:13,Daily/2022/2022-05-12 - REGIS REPORT (12 MAY).html
628,Weekly,2022-05-13,REGIS Week in Review May 13 2022,20,Alejandro Molina,2022-05-11 19:49:50,Alejandro Molina,2022-05-11 19:49:50,Weekly/2022/2022-05-13 - REGIS Week in Review May 13 2022.html
630,Daily,2022-05-13,REGIS REPORT (13 MAY),5,Regis CMS,2022-05-13 07:57:12,Regis CMS,2022-05-13 07:57:12,Daily/2022/2022-05-13 - REGIS REPORT (13 MAY).html
631,Daily,2022-05-16,REGIS REPORT (16 MAY),5,Regis CMS,2022-05-16 08:47:05,Regis CMS,2022-05-16 08:47:05,Daily/2022/2022-05-16 - REGIS REPORT (16 MAY).html
632,Daily,2022-05-17,REGIS REPORT (17 MAY),5,Regis CMS,2022-05-17 08:34:46,Regis CMS,2022-05-17 08:34:46,Daily/2022/2022-05-17 - REGIS REPORT (17 MAY).html
634,Daily,2022-05-18,REGIS REPORT (18 MAY),4,Regis CMS,2022-05-18 08:54:20,Regis CMS,2022-05-18 08:54:20,Daily/2022/2022-05-18 - REGIS REPORT (18 MAY).html
635,Daily,2022-05-19,REGIS REPORT (19 MAY),4,Regis CMS,2022-05-19 09:11:04,Regis CMS,2022-05-19 09:11:04,Daily/2022/2022-05-19 - REGIS REPORT (19 MAY).html
633,Weekly,2022-05-20,REGIS Week in Review May 20 2022,15,Alejandro Molina,2022-05-11 19:49:50,Bea Gonzales,2022-05-20 16:06:52,Weekly/2022/2022-05-20 - REGIS Week in Review May 20 2022.html
636,Daily,2022-05-20,REGIS REPORT (20 MAY),7,Regis CMS,2022-05-20 09:07:41,Regis CMS,2022-05-20 09:07:41,Daily/2022/2022-05-20 - REGIS REPORT (20 MAY).html
637,Daily,2022-05-23,REGIS REPORT (23 MAY),2,Regis CMS,2022-05-23 08:43:55,Regis CMS,2022-05-23 08:43:55,Daily/2022/2022-05-23 - REGIS REPORT (23 MAY).html
638,Daily,2022-05-24,REGIS REPORT (24 MAY),6,Regis CMS,2022-05-24 09:05:13,Regis CMS,2022-05-24 09:05:13,Daily/2022/2022-05-24 - REGIS REPORT (24 MAY).html
639,Daily,2022-05-25,REGIS REPORT (25 MAY),5,Regis CMS,2022-05-25 08:49:37,Regis CMS,2022-05-25 08:49:37,Daily/2022/2022-05-25 - REGIS REPORT (25 MAY).html
640,Daily,2022-05-26,REGIS REPORT (26 MAY),8,Regis CMS,2022-05-26 08:44:44,Regis CMS,2022-05-26 08:44:44,Daily/2022/2022-05-26 - REGIS REPORT (26 MAY).html
641,Weekly,2022-05-27,REGIS Week in Review May 27 2022,11,Alejandro Molina,2022-05-27 07:42:00,Alejandro Molina,2022-05-27 07:42:00,Weekly/2022/2022-05-27 - REGIS Week in Review May 27 2022.html
642,Daily,2022-05-27,REGIS REPORT (27 MAY),4,Regis CMS,2022-05-27 09:05:16,Regis CMS,2022-05-27 09:05:16,Daily/2022/2022-05-27 - REGIS REPORT (27 MAY).html
643,Daily,2022-05-30,REGIS REPORT (30 MAY),5,Regis CMS,2022-05-30 08:30:23,Regis CMS,2022-05-30 08:30:23,Daily/2022/2022-05-30 - REGIS REPORT (30 MAY).html
644,Daily,2022-05-31,REGIS REPORT (31 MAY),3,Regis CMS,2022-05-31 08:56:12,Regis CMS,2022-05-31 08:56:12,Daily/2022/2022-05-31 - REGIS REPORT (31 MAY).html
645,Daily,2022-06-01,REGIS REPORT (1 JUN),3,Regis CMS,2022-06-01 09:13:06,Regis CMS,2022-06-01 09:13:06,Daily/2022/2022-06-01 - REGIS REPORT (1 JUN).html
646,Monthly,2022-06-01,REGIS: Month in Review - May 2022,5,Regis CMS,2021-03-31 05:40:54,Regis CMS,2022-06-01 15:56:32,Monthly/2022/2022-06-01 - REGIS- Month in Review - May 2022.html
647,Daily,2022-06-02,REGIS REPORT (2 JUN),7,Regis CMS,2022-06-02 08:49:53,Regis CMS,2022-06-02 08:49:53,Daily/2022/2022-06-02 - REGIS REPORT (2 JUN).html
648,Weekly,2022-06-02,REGIS Week in Review June 03 2022,11,Alejandro Molina,2022-06-03 07:36:32,Alejandro Molina,2022-06-03 07:36:32,Weekly/2022/2022-06-02 - REGIS Week in Review June 03 2022.html
649,Daily,2022-06-03,REGIS REPORT (3 JUN),3,Regis CMS,2022-06-03 08:42:33,Regis CMS,2022-06-03 08:42:33,Daily/2022/2022-06-03 - REGIS REPORT (3 JUN).html
650,Daily,2022-06-06,REGIS REPORT (6 JUN),4,Regis CMS,2022-06-06 08:57:56,Regis CMS,2022-06-06 08:57:56,Daily/2022/2022-06-06 - REGIS REPORT (6 JUN).html
651,Daily,2022-06-07,REGIS REPORT (7 JUN),5,Regis CMS,2022-06-07 08:42:19,Regis CMS,2022-06-07 08:42:19,Daily/2022/2022-06-07 - REGIS REPORT (7 JUN).html
653,Daily,2022-06-08,REGIS REPORT (8 JUN),7,Regis CMS,2022-06-08 08:42:36,Regis CMS,2022-06-08 08:42:36,Daily/2022/2022-06-08 - REGIS REPORT (8 JUN).html
654,Daily,2022-06-09,REGIS REPORT (9 JUN),6,Regis CMS,2022-06-09 08:56:10,Regis CMS,2022-06-09 08:56:10,Daily/2022/2022-06-09 - REGIS REPORT (9 JUN).html
652,Weekly,2022-06-10,REGIS Week in Review June 10 2022,8,Alejandro Molina,2022-06-03 07:36:32,Regis CMS,2022-06-07 15:57:28,Weekly/2022/2022-06-10 - REGIS Week in Review June 10 2022.html
655,Daily,2022-06-10,REGIS REPORT (10 JUN),2,Regis CMS,2022-06-10 09:03:29,Regis CMS,2022-06-10 09:03:29,Daily/2022/2022-06-10 - REGIS REPORT (10 JUN).html
656,Daily,2022-06-13,REGIS REPORT (13 JUN),3,Regis CMS,2022-06-13 09:24:32,Regis CMS,2022-06-13 09:24:32,Daily/2022/2022-06-13 - REGIS REPORT (13 JUN).html
657,Daily,2022-06-14,REGIS REPORT (14 JUN),5,Regis CMS,2022-06-14 08:46:11,Regis CMS,2022-06-14 08:46:11,Daily/2022/2022-06-14 - REGIS REPORT (14 JUN).html
658,Daily,2022-06-15,REGIS REPORT (15 JUN),3,Regis CMS,2022-06-15 08:25:42,Regis CMS,2022-06-15 08:25:42,Daily/2022/2022-06-15 - REGIS REPORT (15 JUN).html
659,Daily,2022-06-16,REGIS REPORT (16 JUN),3,Regis CMS,2022-06-16 09:19:18,Regis CMS,2022-06-16 09:19:18,Daily/2022/2022-06-16 - REGIS REPORT (16 JUN).html
660,Weekly,2022-06-17,REGIS Week in Review June 17 2022,11,Alejandro Molina,2022-06-16 19:28:11,Alejandro Molina,2022-06-16 19:28:11,Weekly/2022/2022-06-17 - REGIS Week in Review June 17 2022.html
661,Daily,2022-06-17,REGIS REPORT (17 JUN),3,Regis CMS,2022-06-17 08:51:55,Regis CMS,2022-06-17 08:51:55,Daily/2022/2022-06-17 - REGIS REPORT (17 JUN).html
662,Daily,2022-06-20,REGIS REPORT (20 JUN),4,Regis CMS,2022-06-20 09:08:29,Regis CMS,2022-06-20 09:08:29,Daily/2022/2022-06-20 - REGIS REPORT (20 JUN).html
663,Daily,2022-06-21,REGIS REPORT (21 JUN),5,Regis CMS,2022-06-21 08:46:22,Regis CMS,2022-06-21 08:46:22,Daily/2022/2022-06-21 - REGIS REPORT (21 JUN).html
664,Daily,2022-06-22,REGIS REPORT (22 JUN),6,Regis CMS,2022-06-22 09:04:48,Regis CMS,2022-06-22 09:04:48,Daily/2022/2022-06-22 - REGIS REPORT (22 JUN).html
666,Daily,2022-06-23,REGIS REPORT (23 JUN),3,Regis CMS,2022-06-23 08:51:06,Regis CMS,2022-06-23 08:51:06,Daily/2022/2022-06-23 - REGIS REPORT (23 JUN).html
665,Weekly,2022-06-24,REGIS Week in Review June 24 2022,10,Alejandro Molina,2022-06-22 12:45:37,Alejandro Molina,2022-06-22 12:45:37,Weekly/2022/2022-06-24 - REGIS Week in Review June 24 2022.html
667,Daily,2022-06-24,REGIS REPORT (24 JUN),4,Regis CMS,2022-06-24 08:36:58,Regis CMS,2022-06-24 08:36:58,Daily/2022/2022-06-24 - REGIS REPORT (24 JUN).html
668,Daily,2022-06-27,REGIS REPORT (27 JUN),3,Regis CMS,2022-06-27 08:30:21,Regis CMS,2022-06-27 08:30:21,Daily/2022/2022-06-27 - REGIS REPORT (27 JUN).html
669,Daily,2022-06-28,REGIS REPORT (28 JUN),6,Regis CMS,2022-06-28 08:19:22,Regis CMS,2022-06-28 08:19:22,Daily/2022/2022-06-28 - REGIS REPORT (28 JUN).html
670,Daily,2022-06-29,REGIS REPORT (29 JUN),6,Regis CMS,2022-06-29 09:13:41,Regis CMS,2022-06-29 09:13:41,Daily/2022/2022-06-29 - REGIS REPORT (29 JUN).html
671,Daily,2022-06-30,REGIS REPORT (30 JUN),5,Regis CMS,2022-06-30 08:21:31,Regis CMS,2022-06-30 08:21:31,Daily/2022/2022-06-30 - REGIS REPORT (30 JUN).html
672,Weekly,2022-07-01,REGIS Week in Review July 1 2022,8,Alejandro Molina,2022-06-30 12:47:49,Alejandro Molina,2022-06-30 12:47:49,Weekly/2022/2022-07-01 - REGIS Week in Review July 1 2022.html
673,Monthly,2022-07-01,REGIS: Month in Review - June 2022,5,Regis CMS,2021-03-31 05:40:54,Regis CMS,2022-07-01 08:27:32,Monthly/2022/2022-07-01 - REGIS- Month in Review - June 2022.html
674,Daily,2022-07-01,REGIS REPORT (1 JUL),5,Regis CMS,2022-07-01 09:29:42,Regis CMS,2022-07-01 09:29:42,Daily/2022/2022-07-01 - REGIS REPORT (1 JUL).html
675,Daily,2022-07-04,REGIS REPORT (4 JUL),5,Regis CMS,2022-07-04 08:35:25,Regis CMS,2022-07-04 08:35:25,Daily/2022/2022-07-04 - REGIS REPORT (4 JUL).html
676,Daily,2022-07-05,REGIS REPORT (5 JUL),3,Regis CMS,2022-07-05 09:17:08,Regis CMS,2022-07-05 09:17:08,Daily/2022/2022-07-05 - REGIS REPORT (5 JUL).html
678,Daily,2022-07-06,REGIS REPORT (6 JUL),7,Regis CMS,2022-07-06 08:31:14,Regis CMS,2022-07-06 08:31:14,Daily/2022/2022-07-06 - REGIS REPORT (6 JUL).html
679,Daily,2022-07-07,REGIS REPORT (7 JUL),3,Regis CMS,2022-07-07 09:03:50,Regis CMS,2022-07-07 09:03:50,Daily/2022/2022-07-07 - REGIS REPORT (7 JUL).html
677,Weekly,2022-07-08,REGIS Week in Review July 8 2022,8,Alejandro Molina,2022-07-05 11:08:21,Alejandro Molina,2022-07-05 11:08:21,Weekly/2022/2022-07-08 - REGIS Week in Review July 8 2022.html
680,Daily,2022-07-08,REGIS REPORT (8 JUL),4,Regis CMS,2022-07-08 09:11:37,Regis CMS,2022-07-08 09:11:37,Daily/2022/2022-07-08 - REGIS REPORT (8 JUL).html
683,Daily,2022-07-11,REGIS REPORT (11 JUL),4,Regis CMS,2022-07-11 08:59:42,Regis CMS,2022-07-11 08:59:42,Daily/2022/2022-07-11 - REGIS REPORT (11 JUL).html
684,Daily,2022-07-12,REGIS REPORT (12 JUL),6,Regis CMS,2022-07-12 08:29:00,Regis CMS,2022-07-12 08:29:00,Daily/2022/2022-07-12 - REGIS REPORT (12 JUL).html
686,Daily,2022-07-13,REGIS REPORT (13 JUL),4,Regis CMS,2022-07-13 08:55:30,Regis CMS,2022-07-13 08:55:30,Daily/2022/2022-07-13 - REGIS REPORT (13 JUL).html
687,Daily,2022-07-14,REGIS REPORT (14 JUL),4,Regis CMS,2022-07-14 09:10:50,Regis CMS,2022-07-14 09:10:50,Daily/2022/2022-07-14 - REGIS REPORT (14 JUL).html
685,Weekly,2022-07-15,REGIS Week in Review July 15 2022,8,Alejandro Molina,2022-07-12 13:33:27,Alejandro Molina,2022-07-12 13:33:27,Weekly/2022/2022-07-15 - REGIS Week in Review July 15 2022.html
688,Daily,2022-07-15,REGIS REPORT (15 JUL),4,Regis CMS,2022-07-15 08:49:34,Regis CMS,2022-07-15 08:49:34,Daily/2022/2022-07-15 - REGIS REPORT (15 JUL).html
689,Daily,2022-07-18,REGIS REPORT (18 JUL),3,Regis CMS,2022-07-18 08:42:16,Regis CMS,2022-07-18 08:42:16,Daily/2022/2022-07-18 - REGIS REPORT (18 JUL).html
690,Daily,2022-07-19,REGIS REPORT (19 JUL),2,Regis CMS,2022-07-19 08:57:22,Regis CMS,2022-07-19 08:57:22,Daily/2022/2022-07-19 - REGIS REPORT (19 JUL).html
691,Daily,2022-07-20,REGIS REPORT (20 JUL),4,Regis CMS,2022-07-20 09:30:00,Regis CMS,2022-07-20 09:30:00,Daily/2022/2022-07-20 - REGIS REPORT (20 JUL).html
692,Daily,2022-07-21,REGIS REPORT (21 JUL),4,Regis CMS,2022-07-21 09:33:12,Regis CMS,2022-07-21 09:33:12,Daily/2022/2022-07-21 - REGIS REPORT (21 JUL).html
693,Daily,2022-07-22,REGIS REPORT (22 JUL),5,Regis CMS,2022-07-22 08:41:27,Regis CMS,2022-07-22 08:41:27,Daily/2022/2022-07-22 - REGIS REPORT (22 JUL).html
694,Weekly,2022-07-22,REGIS Week in Review July 22 2022,9,Alejandro Molina,2022-07-22 10:29:27,Alejandro Molina,2022-07-22 10:29:27,Weekly/2022/2022-07-22 - REGIS Week in Review July 22 2022.html
695,Daily,2022-07-25,REGIS REPORT (25 JUL),2,Regis CMS,2022-07-25 09:24:31,Regis CMS,2022-07-25 09:24:31,Daily/2022/2022-07-25 - REGIS REPORT (25 JUL).html
696,Daily,2022-07-26,REGIS REPORT (26 JUL),3,Regis CMS,2022-07-26 08:56:27,Regis CMS,2022-07-26 08:56:27,Daily/2022/2022-07-26 - REGIS REPORT (26 JUL).html
697,Daily,2022-07-27,REGIS REPORT (27 JUL),4,Regis CMS,2022-07-27 08:18:15,Regis CMS,2022-07-27 08:18:15,Daily/2022/2022-07-27 - REGIS REPORT (27 JUL).html
698,Daily,2022-07-28,REGIS REPORT (28 JUL),4,Regis CMS,2022-07-28 08:32:13,Regis CMS,2022-07-28 08:32:13,Daily/2022/2022-07-28 - REGIS REPORT (28 JUL).html
699,Daily,2022-07-29,REGIS REPORT (29 JUL),4,Regis CMS,2022-07-29 08:38:31,Regis CMS,2022-07-29 08:38:31,Daily/2022/2022-07-29 - REGIS REPORT (29 JUL).html
700,Weekly,2022-07-29,REGIS Week in Review July 29 2022,11,Alejandro Molina,2022-07-29 10:24:56,Alejandro Molina,2022-07-29 10:24:56,Weekly/2022/2022-07-29 - REGIS Week in Review July 29 2022.html
701,Daily,2022-08-01,REGIS REPORT (1 AUG),6,Regis CMS,2022-08-01 08:33:29,Regis CMS,2022-08-01 08:33:29,Daily/2022/2022-08-01 - REGIS REPORT (1 AUG).html
702,Monthly,2022-08-01,REGIS: Month in Review - July 2022,5,Regis CMS,2021-03-31 05:40:54,Regis CMS,2022-08-01 09:03:07,Monthly/2022/2022-08-01 - REGIS- Month in Review - July 2022.html
703,Daily,2022-08-02,REGIS REPORT (2 AUG),5,Regis CMS,2022-08-02 08:27:21,Regis CMS,2022-08-02 08:27:21,Daily/2022/2022-08-02 - REGIS REPORT (2 AUG).html
704,Daily,2022-08-03,REGIS REPORT (3 AUG),5,Regis CMS,2022-08-03 08:52:09,Regis CMS,2022-08-03 08:52:09,Daily/2022/2022-08-03 - REGIS REPORT (3 AUG).html
705,Daily,2022-08-04,REGIS REPORT (4 AUG),4,Regis CMS,2022-08-04 08:04:44,Regis CMS,2022-08-04 08:04:44,Daily/2022/2022-08-04 - REGIS REPORT (4 AUG).html
706,Daily,2022-08-05,REGIS REPORT (5 AUG),2,Regis CMS,2022-08-05 08:06:01,Regis CMS,2022-08-05 08:06:01,Daily/2022/2022-08-05 - REGIS REPORT (5 AUG).html
707,Weekly,2022-08-05,REGIS Week in Review August 5 2022,21,Alejandro Molina,2022-07-29 10:24:56,Regis CMS,2022-08-05 11:29:06,Weekly/2022/2022-08-05 - REGIS Week in Review August 5 2022.html
708,Daily,2022-08-08,REGIS REPORT (8 AUG),5,Regis CMS,2022-08-08 08:50:38,Regis CMS,2022-08-08 08:50:38,Daily/2022/2022-08-08 - REGIS REPORT (8 AUG).html
709,Daily,2022-08-09,REGIS REPORT (9 AUG),7,Regis CMS,2022-08-09 09:17:52,Regis CMS,2022-08-09 09:17:52,Daily/2022/2022-08-09 - REGIS REPORT (9 AUG).html
710,Daily,2022-08-10,REGIS REPORT (10 AUG),7,Regis CMS,2022-08-10 08:58:40,Regis CMS,2022-08-10 08:58:40,Daily/2022/2022-08-10 - REGIS REPORT (10 AUG).html
712,Daily,2022-08-11,REGIS REPORT (11 AUG),3,Regis CMS,2022-08-11 08:49:58,Regis CMS,2022-08-11 08:49:58,Daily/2022/2022-08-11 - REGIS REPORT (11 AUG).html
711,Weekly,2022-08-12,REGIS Week in Review August 12 2022,21,Alejandro Molina,2022-08-11 08:49:30,Alejandro Molina,2022-08-11 08:49:30,Weekly/2022/2022-08-12 - REGIS Week in Review August 12 2022.html
713,Daily,2022-08-12,REGIS REPORT (12 AUG),5,Regis CMS,2022-08-12 09:17:15,Regis CMS,2022-08-12 09:17:15,Daily/2022/2022-08-12 - REGIS REPORT (12 AUG).html
714,Daily,2022-08-15,REGIS REPORT (15 AUG),5,Regis CMS,2022-08-15 09:07:19,Regis CMS,2022-08-15 09:07:19,Daily/2022/2022-08-15 - REGIS REPORT (15 AUG).html
715,Daily,2022-08-16,REGIS REPORT (16 AUG),5,Regis CMS,2022-08-16 08:53:46,Regis CMS,2022-08-16 08:53:46,Daily/2022/2022-08-16 - REGIS REPORT (16 AUG).html
716,Daily,2022-08-17,REGIS REPORT (17 AUG),5,Regis CMS,2022-08-17 08:58:59,Regis CMS,2022-08-17 08:58:59,Daily/2022/2022-08-17 - REGIS REPORT (17 AUG).html
718,Daily,2022-08-18,REGIS REPORT (18 AUG),3,Regis CMS,2022-08-18 08:32:58,Regis CMS,2022-08-18 08:32:58,Daily/2022/2022-08-18 - REGIS REPORT (18 AUG).html
717,Weekly,2022-08-19,REGIS Week in Review August 19 2022,16,Alejandro Molina,2022-08-17 13:55:06,Alejandro Molina,2022-08-17 13:55:06,Weekly/2022/2022-08-19 - REGIS Week in Review August 19 2022.html
719,Daily,2022-08-19,REGIS REPORT (19 AUG),5,Regis CMS,2022-08-19 08:53:25,Regis CMS,2022-08-19 10:09:14,Daily/2022/2022-08-19 - REGIS REPORT (19 AUG).html
720,Daily,2022-08-22,REGIS REPORT (22 AUG),4,Carl Sy,2022-08-22 08:24:31,Carl Sy,2022-08-22 08:24:31,Daily/2022/2022-08-22 - REGIS REPORT (22 AUG).html
721,Daily,2022-08-23,REGIS REPORT (23 AUG),3,Regis CMS,2022-08-23 08:42:33,Regis CMS,2022-08-23 08:42:33,Daily/2022/2022-08-23 - REGIS REPORT (23 AUG).html
722,Daily,2022-08-24,REGIS REPORT (24 AUG),7,Regis CMS,2022-08-24 08:52:42,Regis CMS,2022-08-24 08:52:42,Daily/2022/2022-08-24 - REGIS REPORT (24 AUG).html
724,Daily,2022-08-25,REGIS REPORT (25 AUG),4,Regis CMS,2022-08-25 09:13:18,Regis CMS,2022-08-25 09:13:18,Daily/2022/2022-08-25 - REGIS REPORT (25 AUG).html
723,Weekly,2022-08-26,REGIS Week in Review August 26 2022,10,Alejandro Molina,2022-08-24 13:46:50,Alejandro Molina,2022-08-24 13:46:50,Weekly/2022/2022-08-26 - REGIS Week in Review August 26 2022.html
725,Daily,2022-08-26,REGIS REPORT (26 AUG),4,Regis CMS,2022-08-26 08:43:30,Regis CMS,2022-08-26 08:43:30,Daily/2022/2022-08-26 - REGIS REPORT (26 AUG).html
726,Daily,2022-08-30,REGIS REPORT (30 AUG),2,Regis CMS,2022-08-30 09:01:12,Regis CMS,2022-08-30 09:01:12,Daily/2022/2022-08-30 - REGIS REPORT (30 AUG).html
727,Daily,2022-08-31,REGIS REPORT (31 AUG),4,Regis CMS,2022-08-31 08:32:39,Regis CMS,2022-08-31 08:32:39,Daily/2022/2022-08-31 - REGIS REPORT (31 AUG).html
728,Monthly,2022-08-31,REGIS: Month in Review - August 2022,5,Regis CMS,2021-03-31 05:40:54,Regis CMS,2022-08-31 15:25:51,Monthly/2022/2022-08-31 - REGIS- Month in Review - August 2022.html
729,Daily,2022-09-01,REGIS REPORT (1 SEP),3,Regis CMS,2022-09-01 08:38:25,Regis CMS,2022-09-01 08:38:25,Daily/2022/2022-09-01 - REGIS REPORT (1 SEP).html
730,Weekly,2022-09-02,REGIS Week in Review September 2 2022,10,Alejandro Molina,2022-09-01 09:12:03,Alejandro Molina,2022-09-01 09:12:03,Weekly/2022/2022-09-02 - REGIS Week in Review September 2 2022.html
731,Daily,2022-09-02,REGIS REPORT (2 SEP),3,Regis CMS,2022-09-02 08:14:32,Regis CMS,2022-09-02 08:14:32,Daily/2022/2022-09-02 - REGIS REPORT (2 SEP).html
732,Daily,2022-09-05,REGIS REPORT (5 SEP),7,Regis CMS,2022-09-05 08:54:29,Regis CMS,2022-09-05 08:54:29,Daily/2022/2022-09-05 - REGIS REPORT (5 SEP).html
733,Daily,2022-09-06,REGIS REPORT (6 SEP),3,Regis CMS,2022-09-06 09:17:19,Regis CMS,2022-09-06 09:17:19,Daily/2022/2022-09-06 - REGIS REPORT (6 SEP).html
734,Daily,2022-09-07,REGIS REPORT (7 SEP),2,Regis CMS,2022-09-07 08:50:55,Regis CMS,2022-09-07 08:50:55,Daily/2022/2022-09-07 - REGIS REPORT (7 SEP).html
736,Daily,2022-09-08,REGIS REPORT (8 SEP),3,Regis CMS,2022-09-08 08:54:44,Regis CMS,2022-09-08 08:54:44,Daily/2022/2022-09-08 - REGIS REPORT (8 SEP).html
735,Weekly,2022-09-09,REGIS Week in Review September 9 2022,10,Alejandro Molina,2022-09-07 14:17:28,Alejandro Molina,2022-09-07 14:17:28,Weekly/2022/2022-09-09 - REGIS Week in Review September 9 2022.html
737,Daily,2022-09-09,REGIS REPORT (9 SEP),3,Regis CMS,2022-09-09 09:06:29,Regis CMS,2022-09-09 09:06:29,Daily/2022/2022-09-09 - REGIS REPORT (9 SEP).html
738,Daily,2022-09-12,REGIS REPORT (12 SEP),5,Regis CMS,2022-09-12 09:03:25,Regis CMS,2022-09-12 09:03:25,Daily/2022/2022-09-12 - REGIS REPORT (12 SEP).html
739,Daily,2022-09-13,REGIS REPORT (13 SEP),5,Regis CMS,2022-09-13 09:26:49,Regis CMS,2022-09-13 09:26:49,Daily/2022/2022-09-13 - REGIS REPORT (13 SEP).html
740,Daily,2022-09-14,REGIS REPORT (14 SEP),7,Regis CMS,2022-09-14 08:58:13,Regis CMS,2022-09-14 08:58:13,Daily/2022/2022-09-14 - REGIS REPORT (14 SEP).html
741,Daily,2022-09-15,REGIS REPORT (15 SEP),4,Regis CMS,2022-09-15 08:12:50,Regis CMS,2022-09-15 08:17:40,Daily/2022/2022-09-15 - REGIS REPORT (15 SEP).html
742,Weekly,2022-09-16,REGIS Week in Review September 16 2022,8,Alejandro Molina,2022-09-15 11:27:53,Alejandro Molina,2022-09-15 11:27:53,Weekly/2022/2022-09-16 - REGIS Week in Review September 16 2022.html
743,Daily,2022-09-16,REGIS REPORT (16 SEP),5,Regis CMS,2022-09-16 09:01:23,Regis CMS,2022-09-16 09:01:23,Daily/2022/2022-09-16 - REGIS REPORT (16 SEP).html
744,Daily,2022-09-19,REGIS REPORT (19 SEP),5,Regis CMS,2022-09-19 08:24:26,Regis CMS,2022-09-19 08:24:26,Daily/2022/2022-09-19 - REGIS REPORT (19 SEP).html
745,Daily,2022-09-20,REGIS REPORT (20 SEP),3,Regis CMS,2022-09-20 08:33:13,Regis CMS,2022-09-20 08:33:13,Daily/2022/2022-09-20 - REGIS REPORT (20 SEP).html
746,Daily,2022-09-21,REGIS REPORT (21 SEP),4,Regis CMS,2022-09-21 08:35:44,Regis CMS,2022-09-21 08:35:44,Daily/2022/2022-09-21 - REGIS REPORT (21 SEP).html
747,Daily,2022-09-22,REGIS REPORT (22 SEP),4,Regis CMS,2022-09-22 08:45:42,Regis CMS,2022-09-22 08:45:42,Daily/2022/2022-09-22 - REGIS REPORT (22 SEP).html
748,Weekly,2022-09-23,REGIS Week in Review September 23 2022,9,Alejandro Molina,2022-09-22 14:00:16,Alejandro Molina,2022-09-22 14:00:16,Weekly/2022/2022-09-23 - REGIS Week in Review September 23 2022.html
749,Daily,2022-09-23,REGIS REPORT (23 SEP),4,Regis CMS,2022-09-23 08:28:23,Regis CMS,2022-09-23 08:28:23,Daily/2022/2022-09-23 - REGIS REPORT (23 SEP).html
750,Daily,2022-09-27,REGIS REPORT (27 SEP),3,Regis CMS,2022-09-27 08:52:23,Regis CMS,2022-09-27 08:52:23,Daily/2022/2022-09-27 - REGIS REPORT (27 SEP).html
751,Daily,2022-09-28,REGIS REPORT (28 SEP),4,Regis CMS,2022-09-28 08:49:06,Regis CMS,2022-09-28 08:49:06,Daily/2022/2022-09-28 - REGIS REPORT (28 SEP).html
752,Daily,2022-09-29,REGIS REPORT (29 SEP),6,Regis CMS,2022-09-29 07:59:49,Regis CMS,2022-09-29 07:59:49,Daily/2022/2022-09-29 - REGIS REPORT (29 SEP).html
753,Weekly,2022-09-30,REGIS Week in Review September 30 2022,9,Alejandro Molina,2022-09-30 07:58:12,Alejandro Molina,2022-09-30 07:58:12,Weekly/2022/2022-09-30 - REGIS Week in Review September 30 2022.html
754,Daily,2022-09-30,REGIS REPORT (30 SEP),4,Regis CMS,2022-09-30 08:26:16,Regis CMS,2022-09-30 09:13:51,Daily/2022/2022-09-30 - REGIS REPORT (30 SEP).html
755,Daily,2022-10-03,REGIS REPORT (3 OCT),4,Regis CMS,2022-10-03 08:49:30,Regis CMS,2022-10-03 08:49:30,Daily/2022/2022-10-03 - REGIS REPORT (3 OCT).html
756,Monthly,2022-10-03,OLD REGIS: Month in Review - September 2022,5,Regis CMS,2021-03-31 05:40:54,Regis CMS,2022-10-03 14:40:52,Monthly/2022/2022-10-03 - OLD REGIS- Month in Review - September 2022.html
757,Monthly,2022-10-03,REGIS: Month in Review - September 2022*,5,Regis CMS,2021-03-31 05:40:54,Regis CMS,2022-10-03 14:41:29,Monthly/2022/2022-10-03 - REGIS- Month in Review - September 2022.html
758,Daily,2022-10-04,REGIS REPORT (4 OCT),4,Regis CMS,2022-10-04 08:44:00,Regis CMS,2022-10-04 08:44:00,Daily/2022/2022-10-04 - REGIS REPORT (4 OCT).html
759,Daily,2022-10-05,REGIS REPORT (5 OCT),4,Regis CMS,2022-10-05 08:30:21,Regis CMS,2022-10-05 08:30:21,Daily/2022/2022-10-05 - REGIS REPORT (5 OCT).html
760,Daily,2022-10-06,REGIS REPORT (6 OCT),5,Regis CMS,2022-10-06 08:26:29,Regis CMS,2022-10-06 08:26:29,Daily/2022/2022-10-06 - REGIS REPORT (6 OCT).html
761,Weekly,2022-10-07,REGIS Week in Review October 7 2022,9,Alejandro Molina,2022-10-06 09:16:03,Alejandro Molina,2022-10-06 09:16:03,Weekly/2022/2022-10-07 - REGIS Week in Review October 7 2022.html
762,Daily,2022-10-07,REGIS REPORT (7 OCT),5,Regis CMS,2022-10-07 08:46:33,Regis CMS,2022-10-07 08:46:33,Daily/2022/2022-10-07 - REGIS REPORT (7 OCT).html
763,Daily,2022-10-10,REGIS REPORT (10 OCT),4,Regis CMS,2022-10-10 08:38:37,Regis CMS,2022-10-10 08:38:37,Daily/2022/2022-10-10 - REGIS REPORT (10 OCT).html
764,Daily,2022-10-11,REGIS REPORT (11 OCT),4,Regis CMS,2022-10-11 09:13:54,Regis CMS,2022-10-11 09:13:54,Daily/2022/2022-10-11 - REGIS REPORT (11 OCT).html
765,Daily,2022-10-12,REGIS REPORT (12 OCT),6,Regis CMS,2022-10-12 08:08:44,Regis CMS,2022-10-12 08:08:44,Daily/2022/2022-10-12 - REGIS REPORT (12 OCT).html
766,Daily,2022-10-13,REGIS REPORT (13 OCT),4,Regis CMS,2022-10-13 07:52:14,Regis CMS,2022-10-13 07:52:14,Daily/2022/2022-10-13 - REGIS REPORT (13 OCT).html
767,Weekly,2022-10-14,REGIS Week in Review October 14 2022,9,Alejandro Molina,2022-10-13 09:16:11,Alejandro Molina,2022-10-13 09:16:11,Weekly/2022/2022-10-14 - REGIS Week in Review October 14 2022.html
768,Daily,2022-10-14,REGIS REPORT (14 OCT),4,Regis CMS,2022-10-14 08:02:30,Regis CMS,2022-10-14 08:02:30,Daily/2022/2022-10-14 - REGIS REPORT (14 OCT).html
769,Daily,2022-10-17,REGIS REPORT (17 OCT),4,Regis CMS,2022-10-17 09:13:38,Regis CMS,2022-10-17 09:13:38,Daily/2022/2022-10-17 - REGIS REPORT (17 OCT).html
770,Daily,2022-10-18,REGIS REPORT (18 OCT),6,Regis CMS,2022-10-18 08:59:38,Regis CMS,2022-10-18 08:59:38,Daily/2022/2022-10-18 - REGIS REPORT (18 OCT).html
771,Daily,2022-10-19,REGIS REPORT (19 OCT),3,Regis CMS,2022-10-19 09:05:44,Regis CMS,2022-10-19 09:05:44,Daily/2022/2022-10-19 - REGIS REPORT (19 OCT).html
773,Daily,2022-10-20,REGIS REPORT (20 OCT),5,Regis CMS,2022-10-20 09:22:59,Regis CMS,2022-10-20 09:22:59,Daily/2022/2022-10-20 - REGIS REPORT (20 OCT).html
772,Weekly,2022-10-21,REGIS Week in Review October 21 2022,8,Alejandro Molina,2022-10-20 09:17:35,Alejandro Molina,2022-10-20 09:17:35,Weekly/2022/2022-10-21 - REGIS Week in Review October 21 2022.html
774,Daily,2022-10-21,REGIS REPORT (21 OCT),4,Regis CMS,2022-10-21 08:57:46,Regis CMS,2022-10-21 08:57:46,Daily/2022/2022-10-21 - REGIS REPORT (21 OCT).html
775,Daily,2022-10-24,REGIS REPORT (24 OCT),3,Regis CMS,2022-10-24 09:15:31,Regis CMS,2022-10-24 09:15:31,Daily/2022/2022-10-24 - REGIS REPORT (24 OCT).html
776,Daily,2022-10-25,REGIS REPORT (25 OCT),4,Regis CMS,2022-10-25 08:17:05,Regis CMS,2022-10-25 08:17:05,Daily/2022/2022-10-25 - REGIS REPORT (25 OCT).html
777,Daily,2022-10-26,REGIS REPORT (26 OCT),4,Regis CMS,2022-10-26 09:09:23,Regis CMS,2022-10-26 09:09:23,Daily/2022/2022-10-26 - REGIS REPORT (26 OCT).html
778,Daily,2022-10-27,REGIS REPORT (27 OCT),3,Regis CMS,2022-10-27 08:21:59,Regis CMS,2022-10-27 08:21:59,Daily/2022/2022-10-27 - REGIS REPORT (27 OCT).html
779,Weekly,2022-10-27,REGIS Week in Review October 28 2022,10,Alejandro Molina,2022-10-20 09:17:35,Regis CMS,2022-10-28 11:16:01,Weekly/2022/2022-10-27 - REGIS Week in Review October 28 2022.html
780,Daily,2022-10-28,REGIS REPORT (28 OCT),4,Regis CMS,2022-10-28 08:36:10,Regis CMS,2022-10-28 08:36:10,Daily/2022/2022-10-28 - REGIS REPORT (28 OCT).html
781,Daily,2022-11-02,REGIS REPORT (2 NOV),4,Regis CMS,2022-11-02 08:45:33,Regis CMS,2022-11-02 08:45:33,Daily/2022/2022-11-02 - REGIS REPORT (2 NOV).html
782,Monthly,2022-11-02,REGIS: Month in Review - October 2022,5,Regis CMS,2021-03-31 05:40:54,Regis CMS,2022-11-02 15:27:25,Monthly/2022/2022-11-02 - REGIS- Month in Review - October 2022.html
783,Daily,2022-11-03,REGIS REPORT (3 NOV),5,Regis CMS,2022-11-03 09:14:15,Regis CMS,2022-11-03 09:14:15,Daily/2022/2022-11-03 - REGIS REPORT (3 NOV).html
784,Weekly,2022-11-04,REGIS Week in Review November 04 2022,14,Alejandro Molina,2022-11-03 14:34:19,Alejandro Molina,2022-11-03 14:34:19,Weekly/2022/2022-11-04 - REGIS Week in Review November 04 2022.html
785,Daily,2022-11-04,REGIS REPORT (4 NOV),4,Regis CMS,2022-11-04 08:49:09,Regis CMS,2022-11-04 08:49:09,Daily/2022/2022-11-04 - REGIS REPORT (4 NOV).html
786,Daily,2022-11-07,REGIS REPORT (7 NOV),4,Regis CMS,2022-11-07 08:47:39,Regis CMS,2022-11-07 08:47:39,Daily/2022/2022-11-07 - REGIS REPORT (7 NOV).html
788,Daily,2022-11-08,REGIS REPORT (8 NOV),3,Regis CMS,2022-11-08 09:04:06,Regis CMS,2022-11-08 09:04:06,Daily/2022/2022-11-08 - REGIS REPORT (8 NOV).html
789,Daily,2022-11-09,REGIS REPORT (9 NOV),4,Regis CMS,2022-11-09 09:09:43,Regis CMS,2022-11-09 09:09:43,Daily/2022/2022-11-09 - REGIS REPORT (9 NOV).html
790,Daily,2022-11-10,REGIS REPORT (10 NOV),4,Regis CMS,2022-11-10 08:58:23,Regis CMS,2022-11-10 08:58:23,Daily/2022/2022-11-10 - REGIS REPORT (10 NOV).html
787,Weekly,2022-11-11,REGIS Week in Review November 11 2022,23,Alejandro Molina,2022-11-08 08:00:44,Alejandro Molina,2022-11-08 08:00:44,Weekly/2022/2022-11-11 - REGIS Week in Review November 11 2022.html
791,Daily,2022-11-11,REGIS REPORT (11 NOV),3,Regis CMS,2022-11-11 08:51:33,Regis CMS,2022-11-11 08:51:33,Daily/2022/2022-11-11 - REGIS REPORT (11 NOV).html
792,Daily,2022-11-14,REGIS REPORT (14 NOV),6,Regis CMS,2022-11-14 08:51:32,Regis CMS,2022-11-14 08:51:32,Daily/2022/2022-11-14 - REGIS REPORT (14 NOV).html
794,Daily,2022-11-15,REGIS REPORT (15 NOV),4,Regis CMS,2022-11-15 08:55:59,Regis CMS,2022-11-15 08:55:59,Daily/2022/2022-11-15 - REGIS REPORT (15 NOV).html
796,Daily,2022-11-16,REGIS REPORT (16 NOV),7,Regis CMS,2022-11-16 08:52:44,Regis CMS,2022-11-16 08:52:44,Daily/2022/2022-11-16 - REGIS REPORT (16 NOV).html
797,Daily,2022-11-17,REGIS REPORT (17 NOV),5,Regis CMS,2022-11-17 08:21:47,Regis CMS,2022-11-17 08:21:47,Daily/2022/2022-11-17 - REGIS REPORT (17 NOV).html
795,Weekly,2022-11-18,REGIS Week in Review November 18 2022,22,Alejandro Molina,2022-11-15 09:38:49,Alejandro Molina,2022-11-15 09:38:49,Weekly/2022/2022-11-18 - REGIS Week in Review November 18 2022.html
798,Daily,2022-11-18,REGIS REPORT (18 NOV),3,Regis CMS,2022-11-18 09:20:03,Regis CMS,2022-11-18 09:20:03,Daily/2022/2022-11-18 - REGIS REPORT (18 NOV).html
800,Daily,2022-11-23,REGIS REPORT (23 NOV),6,Regis CMS,2022-11-23 08:53:53,Regis CMS,2022-11-23 08:53:53,Daily/2022/2022-11-23 - REGIS REPORT (23 NOV).html
802,Daily,2022-11-24,REGIS REPORT (24 NOV),3,Regis CMS,2022-11-24 09:09:09,Regis CMS,2022-11-24 09:09:09,Daily/2022/2022-11-24 - REGIS REPORT (24 NOV).html
801,Weekly,2022-11-25,REGIS Week in Review November 25 2022,8,Alejandro Molina,2022-11-23 17:14:29,Alejandro Molina,2022-11-23 17:14:29,Weekly/2022/2022-11-25 - REGIS Week in Review November 25 2022.html
803,Daily,2022-11-25,REGIS REPORT (25 NOV),5,Regis CMS,2022-11-25 09:05:06,Regis CMS,2022-11-25 09:05:06,Daily/2022/2022-11-25 - REGIS REPORT (25 NOV).html
804,Daily,2022-11-28,REGIS REPORT (28 NOV),3,Regis CMS,2022-11-28 07:44:46,Regis CMS,2022-11-28 07:44:46,Daily/2022/2022-11-28 - REGIS REPORT (28 NOV).html
805,Daily,2022-11-29,REGIS REPORT (29 NOV),4,Regis CMS,2022-11-29 08:34:10,Regis CMS,2022-11-29 08:34:10,Daily/2022/2022-11-29 - REGIS REPORT (29 NOV).html
806,Monthly,2022-11-29,REGIS: Month in Review - November 2022,5,Regis CMS,2021-03-31 05:40:54,Regis CMS,2022-11-29 16:19:35,Monthly/2022/2022-11-29 - REGIS- Month in Review - November 2022.html
808,Daily,2022-12-01,REGIS REPORT (1 DEC),6,Regis CMS,2022-12-01 09:09:27,Regis CMS,2022-12-01 09:09:27,Daily/2022/2022-12-01 - REGIS REPORT (1 DEC).html
807,Weekly,2022-12-02,REGIS Week in Review December 2 2022,9,Alejandro Molina,2022-12-01 08:46:30,Alejandro Molina,2022-12-01 08:46:30,Weekly/2022/2022-12-02 - REGIS Week in Review December 2 2022.html
809,Daily,2022-12-02,REGIS REPORT (2 DEC),4,Regis CMS,2022-12-02 08:55:19,Regis CMS,2022-12-02 08:55:19,Daily/2022/2022-12-02 - REGIS REPORT (2 DEC).html
810,Daily,2022-12-05,REGIS REPORT (5 DEC),2,Regis CMS,2022-12-05 09:11:07,Regis CMS,2022-12-05 09:11:07,Daily/2022/2022-12-05 - REGIS REPORT (5 DEC).html
811,Daily,2022-12-06,REGIS REPORT (6 DEC),7,Regis CMS,2022-12-06 08:39:55,Regis CMS,2022-12-06 08:39:55,Daily/2022/2022-12-06 - REGIS REPORT (6 DEC).html
812,Daily,2022-12-07,REGIS REPORT (7 DEC),6,Regis CMS,2022-12-07 09:07:17,Regis CMS,2022-12-07 09:07:17,Daily/2022/2022-12-07 - REGIS REPORT (7 DEC).html
813,Weekly,2022-12-09,REGIS Week in Review December 09 2022,13,Alejandro Molina,2022-12-07 09:29:37,Alejandro Molina,2022-12-07 09:29:37,Weekly/2022/2022-12-09 - REGIS Week in Review December 09 2022.html
814,Daily,2022-12-09,REGIS REPORT (9 DEC),4,Regis CMS,2022-12-09 08:42:12,Regis CMS,2022-12-09 08:42:12,Daily/2022/2022-12-09 - REGIS REPORT (9 DEC).html
815,Daily,2022-12-12,REGIS REPORT (12 DEC),5,Regis CMS,2022-12-12 09:13:11,Regis CMS,2022-12-12 09:13:11,Daily/2022/2022-12-12 - REGIS REPORT (12 DEC).html
816,Daily,2022-12-13,REGIS REPORT (13 DEC),6,Regis CMS,2022-12-13 08:58:20,Regis CMS,2022-12-13 08:58:20,Daily/2022/2022-12-13 - REGIS REPORT (13 DEC).html
817,Daily,2022-12-14,REGIS REPORT (14 DEC),4,Regis CMS,2022-12-14 08:53:30,Regis CMS,2022-12-14 08:53:30,Daily/2022/2022-12-14 - REGIS REPORT (14 DEC).html
818,Daily,2022-12-15,REGIS REPORT (15 DEC),4,Regis CMS,2022-12-15 09:09:10,Regis CMS,2022-12-15 09:09:10,Daily/2022/2022-12-15 - REGIS REPORT (15 DEC).html
819,Weekly,2022-12-16,REGIS Week in Review December 16 2022,10,Alejandro Molina,2022-12-15 09:31:19,Alejandro Molina,2022-12-15 09:31:19,Weekly/2022/2022-12-16 - REGIS Week in Review December 16 2022.html
820,Daily,2022-12-16,REGIS REPORT (16 DEC),6,Regis CMS,2022-12-16 08:39:02,Regis CMS,2022-12-16 08:39:02,Daily/2022/2022-12-16 - REGIS REPORT (16 DEC).html
821,Daily,2022-12-19,REGIS REPORT (19 DEC),4,Regis CMS,2022-12-19 09:25:25,Regis CMS,2022-12-19 09:25:25,Daily/2022/2022-12-19 - REGIS REPORT (19 DEC).html
822,Daily,2022-12-20,REGIS REPORT (20 DEC),3,Regis CMS,2022-12-20 09:10:20,Regis CMS,2022-12-20 09:10:20,Daily/2022/2022-12-20 - REGIS REPORT (20 DEC).html
823,Daily,2022-12-21,REGIS REPORT (21 DEC),6,Regis CMS,2022-12-21 09:00:04,Regis CMS,2022-12-21 09:00:04,Daily/2022/2022-12-21 - REGIS REPORT (21 DEC).html
824,Daily,2022-12-22,REGIS REPORT (22 DEC),2,Regis CMS,2022-12-20 09:10:20,Regis CMS,2022-12-22 08:46:40,Daily/2022/2022-12-22 - REGIS REPORT (22 DEC).html
825,Weekly,2022-12-22,REGIS Week in Review December 23 2022,11,Alejandro Molina,2022-12-22 09:36:16,Alejandro Molina,2022-12-22 09:36:16,Weekly/2022/2022-12-22 - REGIS Week in Review December 23 2022.html
826,Daily,2022-12-23,REGIS REPORT (23 DEC),4,Regis CMS,2022-12-23 08:08:33,Regis CMS,2022-12-23 08:08:33,Daily/2022/2022-12-23 - REGIS REPORT (23 DEC).html
827,Daily,2022-12-27,REGIS REPORT (27 DEC),4,Regis CMS,2022-12-27 08:35:18,Regis CMS,2022-12-27 08:35:18,Daily/2022/2022-12-27 - REGIS REPORT (27 DEC).html
829,Daily,2022-12-28,REGIS REPORT (28 DEC),4,Regis CMS,2022-12-28 08:40:00,Regis CMS,2022-12-28 08:40:00,Daily/2022/2022-12-28 - REGIS REPORT (28 DEC).html
828,Weekly,2022-12-29,REGIS Week in Review December 29 2022,8,Alejandro Molina,2022-12-28 08:32:20,Alejandro Molina,2022-12-28 08:32:20,Weekly/2022/2022-12-29 - REGIS Week in Review December 29 2022.html
830,Daily,2022-12-29,REGIS REPORT (29 DEC),4,Regis CMS,2022-12-29 08:39:55,Regis CMS,2022-12-29 09:24:44,Daily/2022/2022-12-29 - REGIS REPORT (29 DEC).html
831,Daily,2023-01-03,REGIS REPORT (3 JAN),6,Regis CMS,2023-01-03 08:50:46,Regis CMS,2023-01-03 08:50:46,Daily/2023/2023-01-03 - REGIS REPORT (3 JAN).html
832,Monthly,2023-01-03,REGIS: Month in Review - December 2022,5,Regis CMS,2021-03-31 05:40:54,Regis CMS,2023-01-03 10:43:24,Monthly/2023/2023-01-03 - REGIS- Month in Review - December 2022.html
833,Daily,2023-01-04,REGIS REPORT (4 JAN),4,Regis CMS,2023-01-04 09:15:41,Regis CMS,2023-01-04 09:15:41,Daily/2023/2023-01-04 - REGIS REPORT (4 JAN).html
834,Daily,2023-01-05,REGIS REPORT (5 JAN),5,Regis CMS,2023-01-05 09:24:13,Regis CMS,2023-01-05 09:24:13,Daily/2023/2023-01-05 - REGIS REPORT (5 JAN).html
835,Weekly,2023-01-06,REGIS Week in Review January 6 2023,9,Alejandro Molina,2023-01-05 11:46:46,Alejandro Molina,2023-01-05 11:46:46,Weekly/2023/2023-01-06 - REGIS Week in Review January 6 2023.html
836,Daily,2023-01-06,REGIS REPORT (6 JAN),2,Regis CMS,2023-01-06 09:11:33,Regis CMS,2023-01-06 09:11:33,Daily/2023/2023-01-06 - REGIS REPORT (6 JAN).html
837,Daily,2023-01-09,REGIS REPORT (9 JAN),3,Regis CMS,2023-01-09 08:41:41,Regis CMS,2023-01-09 08:41:41,Daily/2023/2023-01-09 - REGIS REPORT (9 JAN).html
838,Daily,2023-01-10,REGIS REPORT (10 JAN),2,Regis CMS,2023-01-10 08:54:04,Regis CMS,2023-01-10 08:54:04,Daily/2023/2023-01-10 - REGIS REPORT (10 JAN).html
839,Daily,2023-01-11,REGIS REPORT (11 JAN),4,Regis CMS,2023-01-11 09:04:58,Regis CMS,2023-01-11 09:04:58,Daily/2023/2023-01-11 - REGIS REPORT (11 JAN).html
841,Daily,2023-01-12,REGIS REPORT (12 JAN),3,Regis CMS,2023-01-12 09:22:42,Regis CMS,2023-01-12 09:23:24,Daily/2023/2023-01-12 - REGIS REPORT (12 JAN).html
840,Weekly,2023-01-13,REGIS Week in Review January 13 2023,11,Alejandro Molina,2023-01-11 09:48:11,Alejandro Molina,2023-01-11 09:48:11,Weekly/2023/2023-01-13 - REGIS Week in Review January 13 2023.html
842,Daily,2023-01-13,REGIS REPORT (13 JAN),4,Regis CMS,2023-01-13 08:41:01,Regis CMS,2023-01-13 08:41:01,Daily/2023/2023-01-13 - REGIS REPORT (13 JAN).html
843,Daily,2023-01-16,REGIS REPORT (16 JAN),2,Regis CMS,2023-01-16 09:11:21,Regis CMS,2023-01-16 09:11:21,Daily/2023/2023-01-16 - REGIS REPORT (16 JAN).html
844,Daily,2023-01-17,REGIS REPORT (17 JAN),5,Regis CMS,2023-01-17 09:29:34,Regis CMS,2023-01-17 09:29:34,Daily/2023/2023-01-17 - REGIS REPORT (17 JAN).html
846,Daily,2023-01-18,REGIS REPORT (18 JAN),4,Regis CMS,2023-01-18 09:10:28,Regis CMS,2023-01-18 09:10:28,Daily/2023/2023-01-18 - REGIS REPORT (18 JAN).html
847,Daily,2023-01-19,REGIS REPORT (19 JAN),7,Regis CMS,2023-01-19 08:35:15,Regis CMS,2023-01-19 08:35:15,Daily/2023/2023-01-19 - REGIS REPORT (19 JAN).html
845,Weekly,2023-01-20,REGIS Week in Review January 20 2023,13,Alejandro Molina,2023-01-17 13:10:42,Alejandro Molina,2023-01-17 13:10:42,Weekly/2023/2023-01-20 - REGIS Week in Review January 20 2023.html
848,Daily,2023-01-20,REGIS REPORT (20 JAN),3,Regis CMS,2023-01-20 09:10:38,Regis CMS,2023-01-20 09:10:38,Daily/2023/2023-01-20 - REGIS REPORT (20 JAN).html
849,Daily,2023-01-23,REGIS REPORT (23 JAN),6,Regis CMS,2023-01-23 09:18:31,Regis CMS,2023-01-23 09:18:31,Daily/2023/2023-01-23 - REGIS REPORT (23 JAN).html
850,Daily,2023-01-24,REGIS REPORT (24 JAN),4,Regis CMS,2023-01-24 09:12:56,Regis CMS,2023-01-24 09:12:56,Daily/2023/2023-01-24 - REGIS REPORT (24 JAN).html
851,Daily,2023-01-25,REGIS REPORT (25 JAN),3,Regis CMS,2023-01-25 08:55:09,Regis CMS,2023-01-25 08:55:09,Daily/2023/2023-01-25 - REGIS REPORT (25 JAN).html
853,Daily,2023-01-26,REGIS REPORT (26 JAN),5,Regis CMS,2023-01-26 09:05:10,Regis CMS,2023-01-26 09:05:10,Daily/2023/2023-01-26 - REGIS REPORT (26 JAN).html
852,Weekly,2023-01-27,REGIS Week in Review January 27 2023,9,Alejandro Molina,2023-01-25 13:36:20,Alejandro Molina,2023-01-25 13:36:20,Weekly/2023/2023-01-27 - REGIS Week in Review January 27 2023.html
854,Daily,2023-01-27,REGIS REPORT (27 JAN),5,Regis CMS,2023-01-27 09:14:48,Regis CMS,2023-01-27 09:14:48,Daily/2023/2023-01-27 - REGIS REPORT (27 JAN).html
855,Daily,2023-01-30,REGIS REPORT (30 JAN),4,Regis CMS,2023-01-30 09:10:16,Regis CMS,2023-01-30 09:10:16,Daily/2023/2023-01-30 - REGIS REPORT (30 JAN).html
856,Daily,2023-01-31,REGIS REPORT (31 JAN),5,Regis CMS,2023-01-31 09:22:05,Regis CMS,2023-01-31 09:22:05,Daily/2023/2023-01-31 - REGIS REPORT (31 JAN).html
857,Daily,2023-02-01,REGIS REPORT (1 FEB),5,Regis CMS,2023-02-01 08:54:54,Regis CMS,2023-02-01 08:54:54,Daily/2023/2023-02-01 - REGIS REPORT (1 FEB).html
859,Monthly,2023-02-01,REGIS: Month in Review - January 2023,5,Regis CMS,2021-03-31 05:40:54,Regis CMS,2023-02-01 15:31:04,Monthly/2023/2023-02-01 - REGIS- Month in Review - January 2023.html
860,Daily,2023-02-02,REGIS REPORT (2 FEB),3,Regis CMS,2023-02-02 09:09:24,Regis CMS,2023-02-02 09:09:24,Daily/2023/2023-02-02 - REGIS REPORT (2 FEB).html
858,Weekly,2023-02-03,REGIS Week in Review February 03 2023,12,Alejandro Molina,2023-02-01 13:50:51,Alejandro Molina,2023-02-01 13:50:51,Weekly/2023/2023-02-03 - REGIS Week in Review February 03 2023.html
861,Daily,2023-02-03,REGIS REPORT (3 FEB),5,Regis CMS,2023-02-03 08:43:45,Regis CMS,2023-02-03 08:44:14,Daily/2023/2023-02-03 - REGIS REPORT (3 FEB).html
862,Daily,2023-02-06,REGIS REPORT (6 FEB),5,Regis CMS,2023-02-06 08:45:26,Regis CMS,2023-02-06 08:45:26,Daily/2023/2023-02-06 - REGIS REPORT (6 FEB).html
863,Daily,2023-02-07,REGIS REPORT (7 FEB),3,Regis CMS,2023-02-07 09:13:26,Regis CMS,2023-02-07 09:13:26,Daily/2023/2023-02-07 - REGIS REPORT (7 FEB).html
864,Daily,2023-02-08,REGIS REPORT (8 FEB),6,Regis CMS,2023-02-08 09:34:57,Regis CMS,2023-02-08 09:34:57,Daily/2023/2023-02-08 - REGIS REPORT (8 FEB).html
866,Daily,2023-02-09,REGIS REPORT (9 FEB),3,Regis CMS,2023-02-09 08:51:36,Regis CMS,2023-02-09 08:51:36,Daily/2023/2023-02-09 - REGIS REPORT (9 FEB).html
865,Weekly,2023-02-10,REGIS Week in Review February 10 2023,12,Alejandro Molina,2023-02-08 11:10:03,Alejandro Molina,2023-02-08 11:10:03,Weekly/2023/2023-02-10 - REGIS Week in Review February 10 2023.html
867,Daily,2023-02-10,REGIS REPORT (10 FEB),3,Regis CMS,2023-02-10 08:59:00,Regis CMS,2023-02-10 08:59:00,Daily/2023/2023-02-10 - REGIS REPORT (10 FEB).html
868,Daily,2023-02-13,REGIS REPORT (13 FEB),12,Regis CMS,2023-02-13 09:00:11,Regis CMS,2023-02-13 09:00:11,Daily/2023/2023-02-13 - REGIS REPORT (13 FEB).html
869,Daily,2023-02-14,REGIS REPORT (14 FEB),5,Regis CMS,2023-02-14 08:24:24,Regis CMS,2023-02-14 08:24:24,Daily/2023/2023-02-14 - REGIS REPORT (14 FEB).html
870,Daily,2023-02-15,REGIS REPORT (15 FEB),4,Regis CMS,2023-02-15 09:06:57,Regis CMS,2023-02-15 09:06:57,Daily/2023/2023-02-15 - REGIS REPORT (15 FEB).html
872,Daily,2023-02-16,REGIS REPORT (16 FEB),3,Regis CMS,2023-02-16 09:08:16,Regis CMS,2023-02-16 09:08:16,Daily/2023/2023-02-16 - REGIS REPORT (16 FEB).html
871,Weekly,2023-02-17,REGIS Week in Review February 17 2023,12,Alejandro Molina,2023-02-15 12:24:28,Alejandro Molina,2023-02-15 12:24:28,Weekly/2023/2023-02-17 - REGIS Week in Review February 17 2023.html
873,Daily,2023-02-17,REGIS REPORT (17 FEB),6,Regis CMS,2023-02-17 08:46:13,Regis CMS,2023-02-17 08:46:13,Daily/2023/2023-02-17 - REGIS REPORT (17 FEB).html
874,Daily,2023-02-20,REGIS REPORT (20 FEB),4,Regis CMS,2023-02-20 09:05:30,Regis CMS,2023-02-20 09:05:30,Daily/2023/2023-02-20 - REGIS REPORT (20 FEB).html
875,Daily,2023-02-21,REGIS REPORT (21 FEB),2,Regis CMS,2023-02-21 08:48:56,Regis CMS,2023-02-21 08:48:56,Daily/2023/2023-02-21 - REGIS REPORT (21 FEB).html
876,Daily,2023-02-22,REGIS REPORT (22 FEB),4,Regis CMS,2023-02-22 09:17:40,Regis CMS,2023-02-22 09:17:40,Daily/2023/2023-02-22 - REGIS REPORT (22 FEB).html
878,Daily,2023-02-23,REGIS REPORT (23 FEB),6,Regis CMS,2023-02-23 08:47:35,Regis CMS,2023-02-23 08:47:35,Daily/2023/2023-02-23 - REGIS REPORT (23 FEB).html
877,Weekly,2023-02-24,REGIS Week in Review February 24 2023,7,Alejandro Molina,2023-02-22 14:20:35,Alejandro Molina,2023-02-22 14:20:35,Weekly/2023/2023-02-24 - REGIS Week in Review February 24 2023.html
879,Daily,2023-02-27,REGIS REPORT (27 FEB),6,Regis CMS,2023-02-27 08:43:42,Regis CMS,2023-02-27 08:43:42,Daily/2023/2023-02-27 - REGIS REPORT (27 FEB).html
880,Daily,2023-02-28,REGIS REPORT (28 FEB),4,Regis CMS,2023-02-28 09:08:03,Regis CMS,2023-02-28 09:08:03,Daily/2023/2023-02-28 - REGIS REPORT (28 FEB).html
881,Monthly,2023-02-28,REGIS: Month in Review - February 2023,6,Regis CMS,2021-03-31 05:40:54,Regis CMS,2023-02-28 13:42:49,Monthly/2023/2023-02-28 - REGIS- Month in Review - February 2023.html
882,Daily,2023-03-01,REGIS REPORT (1 MAR),5,Regis CMS,2023-03-01 09:01:46,Regis CMS,2023-03-01 09:01:46,Daily/2023/2023-03-01 - REGIS REPORT (1 MAR).html
911,Monthly,2023-03-01,REGIS: Month in Review - March 2023,6,Regis CMS,2021-03-31 05:40:54,Regis CMS,2023-04-03 09:17:27,Monthly/2023/2023-03-01 - REGIS- Month in Review - March 2023.html
884,Daily,2023-03-02,REGIS REPORT (2 MAR),6,Regis CMS,2023-03-02 08:29:55,Regis CMS,2023-03-02 08:29:55,Daily/2023/2023-03-02 - REGIS REPORT (2 MAR).html
883,Weekly,2023-03-03,REGIS Week in Review March 3 2023,12,Alejandro Molina,2023-03-01 09:02:27,Alejandro Molina,2023-03-01 09:02:27,Weekly/2023/2023-03-03 - REGIS Week in Review March 3 2023.html
885,Daily,2023-03-03,REGIS REPORT (3 MAR),6,Regis CMS,2023-03-03 09:13:30,Regis CMS,2023-03-03 09:13:30,Daily/2023/2023-03-03 - REGIS REPORT (3 MAR).html
886,Daily,2023-03-06,REGIS REPORT (6 MAR),6,Regis CMS,2023-03-06 08:16:21,Regis CMS,2023-03-06 08:16:21,Daily/2023/2023-03-06 - REGIS REPORT (6 MAR).html
887,Daily,2023-03-07,REGIS REPORT (7 MAR),3,Regis CMS,2023-03-07 09:04:29,Regis CMS,2023-03-07 09:04:29,Daily/2023/2023-03-07 - REGIS REPORT (7 MAR).html
889,Daily,2023-03-08,REGIS REPORT (8 MAR),3,Regis CMS,2023-03-08 08:31:06,Regis CMS,2023-03-08 08:31:06,Daily/2023/2023-03-08 - REGIS REPORT (8 MAR).html
890,Daily,2023-03-09,REGIS REPORT (9 MAR),4,Regis CMS,2023-03-09 08:58:16,Regis CMS,2023-03-09 08:58:16,Daily/2023/2023-03-09 - REGIS REPORT (9 MAR).html
888,Weekly,2023-03-10,REGIS Week in Review March 10 2023,17,Alejandro Molina,2023-03-07 14:19:16,Alejandro Molina,2023-03-07 14:19:16,Weekly/2023/2023-03-10 - REGIS Week in Review March 10 2023.html
891,Daily,2023-03-10,REGIS REPORT (10 MAR),4,Regis CMS,2023-03-10 09:16:59,Regis CMS,2023-03-10 09:16:59,Daily/2023/2023-03-10 - REGIS REPORT (10 MAR).html
892,Daily,2023-03-13,REGIS REPORT (13 MAR),2,Regis CMS,2023-03-13 08:56:29,Regis CMS,2023-03-13 08:56:29,Daily/2023/2023-03-13 - REGIS REPORT (13 MAR).html
894,Daily,2023-03-14,REGIS REPORT (14 March),4,Regis CMS,2023-03-14 08:50:09,Regis CMS,2023-03-14 08:50:09,Daily/2023/2023-03-14 - REGIS REPORT (14 March).html
895,Daily,2023-03-15,REGIS REPORT (15 MARCH),3,Regis CMS,2023-03-15 08:47:11,Regis CMS,2023-03-15 08:47:11,Daily/2023/2023-03-15 - REGIS REPORT (15 MARCH).html
896,Daily,2023-03-16,REGIS REPORT (16 MAR),2,Regis CMS,2023-03-16 08:56:12,Regis CMS,2023-03-16 08:56:12,Daily/2023/2023-03-16 - REGIS REPORT (16 MAR).html
893,Weekly,2023-03-17,REGIS Week in Review March 17 2023,15,Alejandro Molina,2023-03-13 14:19:38,Alejandro Molina,2023-03-13 14:19:38,Weekly/2023/2023-03-17 - REGIS Week in Review March 17 2023.html
897,Daily,2023-03-17,REGIS REPORT (17 MAR),3,Regis CMS,2023-03-17 09:58:31,Regis CMS,2023-03-17 09:58:31,Daily/2023/2023-03-17 - REGIS REPORT (17 MAR).html
898,Daily,2023-03-20,REGIS REPORT (20 MAR),6,Regis CMS,2023-03-20 09:26:44,Regis CMS,2023-03-20 09:26:44,Daily/2023/2023-03-20 - REGIS REPORT (20 MAR).html
899,Daily,2023-03-21,REGIS REPORT (21 MAR),6,Regis CMS,2023-03-21 08:53:55,Regis CMS,2023-03-21 08:53:55,Daily/2023/2023-03-21 - REGIS REPORT (21 MAR).html
900,Daily,2023-03-22,REGIS REPORT (22 MAR),5,Regis CMS,2023-03-22 08:31:26,Regis CMS,2023-03-22 08:31:26,Daily/2023/2023-03-22 - REGIS REPORT (22 MAR).html
1225,Daily,2023-03-22,REGIS REPORT (Mar 22),6,Regis CMS,2024-03-22 08:33:21,Regis CMS,2024-03-22 08:33:21,Daily/2023/2023-03-22 - REGIS REPORT (Mar 22).html
901,Daily,2023-03-23,REGIS REPORT (23 MAR),5,Regis CMS,2023-03-23 08:43:54,Regis CMS,2023-03-23 08:43:54,Daily/2023/2023-03-23 - REGIS REPORT (23 MAR).html
902,Daily,2023-03-24,REGIS REPORT (24 MAR),3,Regis CMS,2023-03-24 09:21:13,Regis CMS,2023-03-24 09:21:13,Daily/2023/2023-03-24 - REGIS REPORT (24 MAR).html
903,Weekly,2023-03-24,REGIS Week in Review March 24 2023,11,Alejandro Molina,2023-03-24 10:13:07,Alejandro Molina,2023-03-24 10:13:07,Weekly/2023/2023-03-24 - REGIS Week in Review March 24 2023.html
904,Daily,2023-03-27,REGIS REPORT (27 March),2,Regis CMS,2023-03-27 09:10:48,Regis CMS,2023-03-27 09:10:48,Daily/2023/2023-03-27 - REGIS REPORT (27 March).html
905,Daily,2023-03-28,REGIS REPORT (28 MARCH),4,Klyne Resullar,2023-03-28 08:32:58,Klyne Resullar,2023-03-28 08:32:58,Daily/2023/2023-03-28 - REGIS REPORT (28 MARCH).html
906,Daily,2023-03-29,REGIS REPORT (29 MAR),6,Regis CMS,2023-03-29 09:07:00,Regis CMS,2023-03-29 09:07:00,Daily/2023/2023-03-29 - REGIS REPORT (29 MAR).html
908,Daily,2023-03-30,REGIS REPORT (30 MAR),3,Regis CMS,2023-03-30 09:28:13,Regis CMS,2023-03-30 09:28:13,Daily/2023/2023-03-30 - REGIS REPORT (30 MAR).html
907,Weekly,2023-03-31,REGIS Week in Review March 31 2023,16,Alejandro Molina,2023-03-30 07:46:15,Alejandro Molina,2023-03-30 07:46:15,Weekly/2023/2023-03-31 - REGIS Week in Review March 31 2023.html
909,Daily,2023-03-31,REGIS REPORT (31 MAR),3,Regis CMS,2023-03-31 09:16:13,Regis CMS,2023-03-31 09:16:13,Daily/2023/2023-03-31 - REGIS REPORT (31 MAR).html
910,Daily,2023-04-03,REGIS REPORT (3 APR),5,Regis CMS,2023-04-03 08:37:53,Regis CMS,2023-04-03 08:37:53,Daily/2023/2023-04-03 - REGIS REPORT (3 APR).html
912,Daily,2023-04-04,REGIS REPORT (4 APR),4,Regis CMS,2023-04-04 08:38:45,Regis CMS,2023-04-04 09:19:31,Daily/2023/2023-04-04 - REGIS REPORT (4 APR).html
913,Weekly,2023-04-05,REGIS Week in Review 05 April 2023,10,Alejandro Molina,2023-04-04 09:11:04,Frances Lim,2023-04-05 15:48:10,Weekly/2023/2023-04-05 - REGIS Week in Review 05 April 2023.html
914,Daily,2023-04-05,REGIS REPORT (5 APR),3,Regis CMS,2023-04-05 08:39:11,Regis CMS,2023-04-05 08:39:11,Daily/2023/2023-04-05 - REGIS REPORT (5 APR).html
915,Daily,2023-04-11,REGIS REPORT (11 APR),8,Regis CMS,2023-04-11 08:56:06,Regis CMS,2023-04-11 08:56:32,Daily/2023/2023-04-11 - REGIS REPORT (11 APR).html
916,Daily,2023-04-12,REGIS REPORT (12 APR),7,Regis CMS,2023-04-12 08:51:27,Regis CMS,2023-04-12 08:51:27,Daily/2023/2023-04-12 - REGIS REPORT (12 APR).html
917,Daily,2023-04-13,REGIS REPORT (13 APR),5,Regis CMS,2023-04-13 08:56:42,Regis CMS,2023-04-13 08:56:42,Daily/2023/2023-04-13 - REGIS REPORT (13 APR).html
918,Weekly,2023-04-14,REGIS Week in Review 14 April 2023,9,Alejandro Molina,2023-04-14 08:53:31,Alejandro Molina,2023-04-14 08:53:31,Weekly/2023/2023-04-14 - REGIS Week in Review 14 April 2023.html
919,Daily,2023-04-14,REGIS REPORT (14 APR),4,Regis CMS,2023-04-14 08:58:38,Regis CMS,2023-04-14 08:58:38,Daily/2023/2023-04-14 - REGIS REPORT (14 APR).html
920,Daily,2023-04-17,REGIS REPORT (17 APR),3,Regis CMS,2023-04-17 08:18:14,Regis CMS,2023-04-17 08:18:14,Daily/2023/2023-04-17 - REGIS REPORT (17 APR).html
921,Daily,2023-04-18,REGIS REPORT (18 APR),4,Regis CMS,2023-04-18 09:03:06,Regis CMS,2023-04-18 09:03:06,Daily/2023/2023-04-18 - REGIS REPORT (18 APR).html
922,Daily,2023-04-19,REGIS REPORT (19 APR),2,Regis CMS,2023-04-19 08:58:30,Regis CMS,2023-04-19 08:58:30,Daily/2023/2023-04-19 - REGIS REPORT (19 APR).html
923,Daily,2023-04-20,REGIS REPORT (20 APR),6,Regis CMS,2023-04-20 09:32:56,Regis CMS,2023-04-20 09:32:56,Daily/2023/2023-04-20 - REGIS REPORT (20 APR).html
924,Weekly,2023-04-20,REGIS Week in Review 20 April 2023,9,Alejandro Molina,2023-04-20 09:59:16,Alejandro Molina,2023-04-20 09:59:16,Weekly/2023/2023-04-20 - REGIS Week in Review 20 April 2023.html
930,Daily,2023-04-25,REGIS REPORT (25 NOV),5,Aaron Salvador,2023-04-26 11:14:38,Regis CMS,2023-04-26 11:29:41,Daily/2023/2023-04-25 - REGIS REPORT (25 NOV).html
929,Daily,2023-04-26,REGIS REPORT (26 APR),7,Regis CMS,2023-04-26 08:49:28,Regis CMS,2023-04-26 08:49:28,Daily/2023/2023-04-26 - REGIS REPORT (26 APR).html
932,Daily,2023-04-27,REGIS REPORT (27 APR),5,Regis CMS,2023-04-27 09:11:50,Regis CMS,2023-04-27 09:11:50,Daily/2023/2023-04-27 - REGIS REPORT (27 APR).html
931,Weekly,2023-04-28,REGIS Week in Review 28 April 2023,13,Alejandro Molina,2023-04-26 12:48:20,Alejandro Molina,2023-04-26 12:48:20,Weekly/2023/2023-04-28 - REGIS Week in Review 28 April 2023.html
933,Daily,2023-04-28,REGIS REPORT (28 APR),6,Regis CMS,2023-04-28 09:26:29,Regis CMS,2023-04-28 09:26:29,Daily/2023/2023-04-28 - REGIS REPORT (28 APR).html
935,Daily,2023-05-02,REGIS REPORT (2 MAY),2,Regis CMS,2023-05-02 08:55:30,Regis CMS,2023-05-02 08:55:30,Daily/2023/2023-05-02 - REGIS REPORT (2 MAY).html
936,Monthly,2023-05-02,REGIS: Month in Review - April 2023,5,Regis CMS,2021-03-31 05:40:54,Regis CMS,2023-05-02 09:24:56,Monthly/2023/2023-05-02 - REGIS- Month in Review - April 2023.html
937,Daily,2023-05-03,REGIS REPORT (3 MAY),3,Regis CMS,2023-05-03 09:08:28,Regis CMS,2023-05-03 09:08:28,Daily/2023/2023-05-03 - REGIS REPORT (3 MAY).html
938,Daily,2023-05-04,REGIS REPORT (4 MAY),3,Regis CMS,2023-05-04 08:57:25,Regis CMS,2023-05-04 08:57:25,Daily/2023/2023-05-04 - REGIS REPORT (4 MAY).html
939,Daily,2023-05-05,REGIS REPORT (5 MAY),2,Regis CMS,2023-05-05 09:14:25,Regis CMS,2023-05-05 09:14:25,Daily/2023/2023-05-05 - REGIS REPORT (5 MAY).html
940,Weekly,2023-05-05,REGIS Week in Review May 05 2023,17,Alejandro Molina,2023-05-05 09:18:11,Alejandro Molina,2023-05-05 09:18:11,Weekly/2023/2023-05-05 - REGIS Week in Review May 05 2023.html
941,Daily,2023-05-08,REGIS REPORT (8 MAY),5,Regis CMS,2023-05-08 09:20:50,Regis CMS,2023-05-08 09:20:50,Daily/2023/2023-05-08 - REGIS REPORT (8 MAY).html
943,Daily,2023-05-09,REGIS REPORT (9 MAY),4,Regis CMS,2023-05-09 09:09:12,Regis CMS,2023-05-09 09:09:12,Daily/2023/2023-05-09 - REGIS REPORT (9 MAY).html
944,Daily,2023-05-10,REGIS REPORT (10 MAY),4,Regis CMS,2023-05-10 09:15:53,Regis CMS,2023-05-10 09:15:53,Daily/2023/2023-05-10 - REGIS REPORT (10 MAY).html
945,Daily,2023-05-11,REGIS REPORT (11 MAY),8,Regis CMS,2023-05-11 08:46:57,Regis CMS,2023-05-11 09:40:50,Daily/2023/2023-05-11 - REGIS REPORT (11 MAY).html
942,Weekly,2023-05-12,REGIS Week in Review May 12 2023,22,Alejandro Molina,2023-05-08 09:32:10,Alejandro Molina,2023-05-08 09:32:10,Weekly/2023/2023-05-12 - REGIS Week in Review May 12 2023.html
946,Daily,2023-05-12,REGIS REPORT (12 MAY),4,Regis CMS,2023-05-12 09:19:05,Regis CMS,2023-05-12 09:39:23,Daily/2023/2023-05-12 - REGIS REPORT (12 MAY).html
947,Daily,2023-05-15,REGIS REPORT (15 MAY),5,Regis CMS,2023-05-15 09:24:37,Regis CMS,2023-05-15 09:24:37,Daily/2023/2023-05-15 - REGIS REPORT (15 MAY).html
948,Daily,2023-05-16,REGIS REPORT (16 MAY),8,Regis CMS,2023-05-16 09:19:59,Regis CMS,2023-05-16 09:19:59,Daily/2023/2023-05-16 - REGIS REPORT (16 MAY).html
950,Daily,2023-05-17,REGIS REPORT (17 MAY),3,Regis CMS,2023-05-17 08:48:08,Regis CMS,2023-05-17 08:48:08,Daily/2023/2023-05-17 - REGIS REPORT (17 MAY).html
951,Daily,2023-05-18,REGIS REPORT (18 MAY),2,Regis CMS,2023-05-18 09:09:13,Regis CMS,2023-05-18 09:09:13,Daily/2023/2023-05-18 - REGIS REPORT (18 MAY).html
949,Weekly,2023-05-19,REGIS Week in Review May 19 2023,16,Alejandro Molina,2023-05-16 10:27:35,Alejandro Molina,2023-05-16 10:27:35,Weekly/2023/2023-05-19 - REGIS Week in Review May 19 2023.html
952,Daily,2023-05-19,REGIS REPORT (18 MAY),6,Regis CMS,2023-05-19 08:57:36,Regis CMS,2023-05-19 08:57:36,Daily/2023/2023-05-19 - REGIS REPORT (18 MAY).html
953,Daily,2023-05-22,REGIS REPORT (22 MAY),4,Regis CMS,2023-05-22 08:52:53,Regis CMS,2023-05-22 08:53:33,Daily/2023/2023-05-22 - REGIS REPORT (22 MAY).html
954,Daily,2023-05-23,REGIS REPORT (23 MAY),3,Regis CMS,2023-05-23 08:35:22,Regis CMS,2023-05-23 08:35:22,Daily/2023/2023-05-23 - REGIS REPORT (23 MAY).html
955,Daily,2023-05-24,REGIS REPORT (24 MAY),2,Regis CMS,2023-05-24 08:57:03,Regis CMS,2023-05-24 08:57:03,Daily/2023/2023-05-24 - REGIS REPORT (24 MAY).html
957,Daily,2023-05-25,REGIS REPORT (25 MAY),5,Regis CMS,2023-05-25 08:59:27,Regis CMS,2023-05-25 08:59:27,Daily/2023/2023-05-25 - REGIS REPORT (25 MAY).html
956,Weekly,2023-05-26,REGIS Week in Review May 26 2023,11,Alejandro Molina,2023-05-24 09:16:38,Alejandro Molina,2023-05-24 09:16:38,Weekly/2023/2023-05-26 - REGIS Week in Review May 26 2023.html
958,Daily,2023-05-26,REGIS REPORT (26 MAY),5,Regis CMS,2023-05-26 08:41:55,Regis CMS,2023-05-26 08:41:55,Daily/2023/2023-05-26 - REGIS REPORT (26 MAY).html
959,Daily,2023-05-29,REGIS REPORT (29 MAY),3,Regis CMS,2023-05-29 09:41:30,Regis CMS,2023-05-29 09:41:30,Daily/2023/2023-05-29 - REGIS REPORT (29 MAY).html
960,Daily,2023-05-30,REGIS REPORT (30 MAY),5,Regis CMS,2023-05-30 09:12:28,Regis CMS,2023-05-30 09:12:28,Daily/2023/2023-05-30 - REGIS REPORT (30 MAY).html
962,Daily,2023-05-31,REGIS REPORT (31 MAY),5,Regis CMS,2023-05-31 08:53:05,Regis CMS,2023-05-31 08:53:05,Daily/2023/2023-05-31 - REGIS REPORT (31 MAY).html
963,Monthly,2023-05-31,REGIS: Month in Review - May 2023,5,Regis CMS,2021-03-31 05:40:54,Regis CMS,2023-05-31 15:49:22,Monthly/2023/2023-05-31 - REGIS- Month in Review - May 2023.html
964,Daily,2023-06-01,REGIS REPORT (1 JUN),6,Regis CMS,2023-06-01 09:06:36,Regis CMS,2023-06-01 09:06:36,Daily/2023/2023-06-01 - REGIS REPORT (1 JUN).html
961,Weekly,2023-06-02,REGIS Week in Review June 2 2023,9,Alejandro Molina,2023-05-30 10:48:13,Alejandro Molina,2023-05-30 10:48:13,Weekly/2023/2023-06-02 - REGIS Week in Review June 2 2023.html
965,Daily,2023-06-02,REGIS REPORT (2 JUN),4,Regis CMS,2023-06-02 09:00:19,Regis CMS,2023-06-02 09:00:19,Daily/2023/2023-06-02 - REGIS REPORT (2 JUN).html
966,Daily,2023-06-05,REGIS REPORT (5 JUN),5,Regis CMS,2023-06-05 08:37:02,Regis CMS,2023-06-05 08:37:02,Daily/2023/2023-06-05 - REGIS REPORT (5 JUN).html
968,Daily,2023-06-06,REGIS REPORT (6 JUN),5,Regis CMS,2023-06-06 08:49:53,Regis CMS,2023-06-06 08:49:53,Daily/2023/2023-06-06 - REGIS REPORT (6 JUN).html
969,Daily,2023-06-07,REGIS REPORT (7 JUN),3,Regis CMS,2023-06-07 09:16:13,Regis CMS,2023-06-07 09:16:13,Daily/2023/2023-06-07 - REGIS REPORT (7 JUN).html
970,Daily,2023-06-08,REGIS REPORT (8 JUN),6,Regis CMS,2023-06-08 08:39:14,Regis CMS,2023-06-08 08:39:14,Daily/2023/2023-06-08 - REGIS REPORT (8 JUN).html
971,Daily,2023-06-09,REGIS REPORT (9 JUN),6,Regis CMS,2023-06-09 08:48:24,Regis CMS,2023-06-09 08:48:24,Daily/2023/2023-06-09 - REGIS REPORT (9 JUN).html
972,Weekly,2023-06-09,REGIS Week in Review June 9 2023,9,Alejandro Molina,2023-05-30 10:48:13,Regis CMS,2023-06-09 10:32:22,Weekly/2023/2023-06-09 - REGIS Week in Review June 9 2023.html
973,Daily,2023-06-13,REGIS REPORT (13 JUN),4,Regis CMS,2023-06-13 08:05:47,Regis CMS,2023-06-13 08:05:47,Daily/2023/2023-06-13 - REGIS REPORT (13 JUN).html
974,Daily,2023-06-14,REGIS REPORT (14 JUN),7,Regis CMS,2023-06-14 08:35:58,Regis CMS,2023-06-14 08:35:58,Daily/2023/2023-06-14 - REGIS REPORT (14 JUN).html
975,Daily,2023-06-15,REGIS REPORT (15 JUN),5,Regis CMS,2023-06-15 08:29:27,Regis CMS,2023-06-15 08:29:57,Daily/2023/2023-06-15 - REGIS REPORT (15 JUN).html
976,Daily,2023-06-16,REGIS REPORT (16 JUN),4,Regis CMS,2023-06-16 08:44:43,Regis CMS,2023-06-16 08:44:43,Daily/2023/2023-06-16 - REGIS REPORT (16 JUN).html
977,Weekly,2023-06-16,REGIS Week in Review June 16 2023,9,Alejandro Molina,2023-05-30 10:48:13,Regis CMS,2023-06-16 14:30:20,Weekly/2023/2023-06-16 - REGIS Week in Review June 16 2023.html
978,Daily,2023-06-19,REGIS REPORT (19 JUN),6,Regis CMS,2023-06-19 09:13:57,Regis CMS,2023-06-19 09:13:57,Daily/2023/2023-06-19 - REGIS REPORT (19 JUN).html
979,Daily,2023-06-20,REGIS REPORT (20 JUN),5,Regis CMS,2023-06-20 08:48:08,Regis CMS,2023-06-20 08:48:08,Daily/2023/2023-06-20 - REGIS REPORT (20 JUN).html
980,Daily,2023-06-21,REGIS REPORT (21 JUN),5,Regis CMS,2023-06-21 08:56:47,Regis CMS,2023-06-21 08:56:47,Daily/2023/2023-06-21 - REGIS REPORT (21 JUN).html
981,Daily,2023-06-22,REGIS REPORT (22 JUN),5,Regis CMS,2023-06-22 08:56:33,Regis CMS,2023-06-22 08:56:33,Daily/2023/2023-06-22 - REGIS REPORT (22 JUN).html
982,Daily,2023-06-23,REGIS REPORT (23 JUN),4,Regis CMS,2023-06-23 09:33:44,Regis CMS,2023-06-23 09:33:44,Daily/2023/2023-06-23 - REGIS REPORT (23 JUN).html
983,Weekly,2023-06-23,REGIS Week in Review June 23 2023,10,Alejandro Molina,2023-05-30 10:48:13,Frances Lim,2023-06-30 17:01:49,Weekly/2023/2023-06-23 - REGIS Week in Review June 23 2023.html
984,Daily,2023-06-26,REGIS REPORT (26 JUN),3,Regis CMS,2023-06-26 09:08:02,Regis CMS,2023-06-26 09:08:02,Daily/2023/2023-06-26 - REGIS REPORT (26 JUN).html
985,Daily,2023-06-27,REGIS REPORT (27 JUN),5,Regis CMS,2023-06-27 08:30:19,Regis CMS,2023-06-27 08:30:19,Daily/2023/2023-06-27 - REGIS REPORT (27 JUN).html
986,Daily,2023-06-29,REGIS REPORT (29 JUN),7,Regis CMS,2023-06-29 08:58:32,Regis CMS,2023-06-29 08:58:32,Daily/2023/2023-06-29 - REGIS REPORT (29 JUN).html
987,Daily,2023-06-30,REGIS REPORT (30 JUN),6,Regis CMS,2023-06-30 09:15:21,Regis CMS,2023-06-30 09:15:21,Daily/2023/2023-06-30 - REGIS REPORT (30 JUN).html
988,Weekly,2023-06-30,REGIS Week in Review June 30 2023,9,Alejandro Molina,2023-05-30 10:48:13,Regis CMS,2023-06-30 12:58:46,Weekly/2023/2023-06-30 - REGIS Week in Review June 30 2023.html
989,Daily,2023-07-03,REGIS REPORT (3 JULY),7,Regis CMS,2023-07-03 09:13:12,Regis CMS,2023-07-03 09:13:12,Daily/2023/2023-07-03 - REGIS REPORT (3 JULY).html
990,Monthly,2023-07-03,REGIS: Month in Review - June 2023,4,Regis CMS,2023-06-06 07:46:56,Regis CMS,2023-07-31 20:44:37,Monthly/2023/2023-07-03 - REGIS- Month in Review - June 2023.html
991,Daily,2023-07-04,REGIS REPORT (4 JUL),3,Regis CMS,2023-07-04 09:19:01,Regis CMS,2023-07-07 08:34:40,Daily/2023/2023-07-04 - REGIS REPORT (4 JUL).html
992,Daily,2023-07-05,REGIS REPORT (5 JUL),3,Regis CMS,2023-07-05 09:15:20,Regis CMS,2023-07-05 09:15:20,Daily/2023/2023-07-05 - REGIS REPORT (5 JUL).html
993,Daily,2023-07-06,REGIS REPORT (6 JUL),6,Regis CMS,2023-07-06 08:53:23,Regis CMS,2023-07-06 08:53:23,Daily/2023/2023-07-06 - REGIS REPORT (6 JUL).html
994,Daily,2023-07-07,REGIS REPORT (7 JUL),5,Regis CMS,2023-07-07 08:54:35,Regis CMS,2023-07-07 08:54:35,Daily/2023/2023-07-07 - REGIS REPORT (7 JUL).html
996,Weekly,2023-07-07,REGIS Week in Review July 7 2023,10,Alejandro Molina,2023-05-30 10:48:13,Regis CMS,2023-07-07 11:10:07,Weekly/2023/2023-07-07 - REGIS Week in Review July 7 2023.html
997,Daily,2023-07-10,REGIS REPOT (10 JUL),6,Regis CMS,2023-07-10 08:44:46,Regis CMS,2023-07-10 08:44:46,Daily/2023/2023-07-10 - REGIS REPOT (10 JUL).html
998,Daily,2023-07-11,REGIS REPORT (11 JUL),6,Regis CMS,2023-07-11 08:27:14,Regis CMS,2023-07-11 08:27:14,Daily/2023/2023-07-11 - REGIS REPORT (11 JUL).html
999,Daily,2023-07-12,REGIS REPORT (12 JUL),7,Regis CMS,2023-07-12 09:02:44,Regis CMS,2023-07-12 09:02:44,Daily/2023/2023-07-12 - REGIS REPORT (12 JUL).html
1001,Daily,2023-07-13,REGIS REPORT (13 JUL),5,Regis CMS,2023-07-13 09:13:04,Regis CMS,2023-07-13 09:13:04,Daily/2023/2023-07-13 - REGIS REPORT (13 JUL).html
1000,Weekly,2023-07-14,REGIS Week in Review July 14 2023,10,Alejandro Molina,2023-07-12 11:04:49,Alejandro Molina,2023-07-12 11:04:49,Weekly/2023/2023-07-14 - REGIS Week in Review July 14 2023.html
1002,Daily,2023-07-14,REGIS REPORT (14 JUL),6,Regis CMS,2023-07-14 09:43:06,Regis CMS,2023-07-14 09:43:06,Daily/2023/2023-07-14 - REGIS REPORT (14 JUL).html
1003,Daily,2023-07-17,REGIS REPORT (17 JUL),6,Regis CMS,2023-07-17 09:17:41,Regis CMS,2023-07-17 09:17:41,Daily/2023/2023-07-17 - REGIS REPORT (17 JUL).html
1004,Daily,2023-07-18,REGIS REPORT (18 JUL),4,Regis CMS,2023-07-18 08:59:13,Regis CMS,2023-07-18 08:59:13,Daily/2023/2023-07-18 - REGIS REPORT (18 JUL).html
1005,Daily,2023-07-19,REGIS REPORT (19 JUL),6,Regis CMS,2023-07-19 09:23:15,Regis CMS,2023-07-19 09:23:15,Daily/2023/2023-07-19 - REGIS REPORT (19 JUL).html
1006,Daily,2023-07-20,REGIS REPORT (20 JUL),4,Regis CMS,2023-07-20 09:18:14,Regis CMS,2023-07-20 09:18:14,Daily/2023/2023-07-20 - REGIS REPORT (20 JUL).html
1007,Weekly,2023-07-21,REGIS Week in Review July 21 2023,11,Alejandro Molina,2023-07-21 08:52:36,Alejandro Molina,2023-07-21 08:52:36,Weekly/2023/2023-07-21 - REGIS Week in Review July 21 2023.html
1008,Daily,2023-07-21,REGIS REPORT (21 JUL),5,Regis CMS,2023-07-21 09:12:50,Regis CMS,2023-07-21 09:12:50,Daily/2023/2023-07-21 - REGIS REPORT (21 JUL).html
1009,Daily,2023-07-24,REGIS REPORT (24 JUL),5,Regis CMS,2023-07-24 09:19:40,Regis CMS,2023-07-24 09:19:40,Daily/2023/2023-07-24 - REGIS REPORT (24 JUL).html
1011,Daily,2023-07-25,REGIS REPORT (25 JUL),5,Regis CMS,2023-07-25 09:14:44,Regis CMS,2023-07-25 09:14:44,Daily/2023/2023-07-25 - REGIS REPORT (25 JUL).html
1012,Daily,2023-07-26,REGIS REPORT (26 JUL),4,Regis CMS,2023-07-26 09:06:54,Regis CMS,2023-07-27 08:55:30,Daily/2023/2023-07-26 - REGIS REPORT (26 JUL).html
1013,Daily,2023-07-27,REGIS REPORT (27 JUL),5,Regis CMS,2023-07-27 08:55:56,Regis CMS,2023-07-27 09:37:05,Daily/2023/2023-07-27 - REGIS REPORT (27 JUL).html
1010,Weekly,2023-07-28,REGIS Week in Review July 28 2023,12,Alejandro Molina,2023-07-24 11:12:58,Alejandro Molina,2023-07-24 11:12:58,Weekly/2023/2023-07-28 - REGIS Week in Review July 28 2023.html
1014,Daily,2023-07-28,REGIS REPORT (28 JUL),5,Regis CMS,2023-07-28 08:52:51,Regis CMS,2023-07-28 08:52:51,Daily/2023/2023-07-28 - REGIS REPORT (28 JUL).html
1015,Daily,2023-07-31,REGIS REPORT (31 JUL),4,Regis CMS,2023-07-31 08:50:18,Regis CMS,2023-07-31 08:50:18,Daily/2023/2023-07-31 - REGIS REPORT (31 JUL).html
1017,Monthly,2023-07-31,REGIS: Month in Review - July 2023,4,Regis CMS,2023-06-06 07:46:56,Regis CMS,2023-07-31 20:46:47,Monthly/2023/2023-07-31 - REGIS- Month in Review - July 2023.html
1018,Daily,2023-08-01,REGIS REPORT (1 AUG),4,Regis CMS,2023-08-01 09:00:59,Regis CMS,2023-08-01 09:00:59,Daily/2023/2023-08-01 - REGIS REPORT (1 AUG).html
1019,Weekly,2023-08-01,REGIS Week in Review August 4 2023,14,Alejandro Molina,2023-08-01 13:23:16,Alejandro Molina,2023-08-01 13:23:16,Weekly/2023/2023-08-01 - REGIS Week in Review August 4 2023.html
1020,Daily,2023-08-02,REGIS REPORT (2 AUG),5,Regis CMS,2023-08-02 08:49:01,Regis CMS,2023-08-02 08:49:01,Daily/2023/2023-08-02 - REGIS REPORT (2 AUG).html
1021,Daily,2023-08-03,REGIS REPORT (3 AUG),7,Regis CMS,2023-08-03 09:08:17,Regis CMS,2023-08-03 09:08:17,Daily/2023/2023-08-03 - REGIS REPORT (3 AUG).html
1022,Daily,2023-08-04,REGIS REPORT (4 AUG),3,Regis CMS,2023-08-04 09:23:58,Regis CMS,2023-08-04 09:23:58,Daily/2023/2023-08-04 - REGIS REPORT (4 AUG).html
1023,Daily,2023-08-07,REGIS REPORT (7 AUG),5,Regis CMS,2023-08-07 09:17:06,Regis CMS,2023-08-07 09:17:06,Daily/2023/2023-08-07 - REGIS REPORT (7 AUG).html
1024,Daily,2023-08-08,REGIS REPORT (8 AUG),3,Regis CMS,2023-08-08 08:52:08,Regis CMS,2023-08-08 08:52:08,Daily/2023/2023-08-08 - REGIS REPORT (8 AUG).html
1025,Daily,2023-08-09,REGIS REPORT (9 AUG),4,Regis CMS,2023-08-09 08:49:17,Regis CMS,2023-08-09 08:49:17,Daily/2023/2023-08-09 - REGIS REPORT (9 AUG).html
1027,Daily,2023-08-10,REGIS REPORT (10 AUG),5,Regis CMS,2023-08-10 09:17:37,Regis CMS,2023-08-10 09:17:37,Daily/2023/2023-08-10 - REGIS REPORT (10 AUG).html
1026,Weekly,2023-08-11,REGIS Week in Review August 11 2023,18,Alejandro Molina,2023-08-09 13:29:53,Alejandro Molina,2023-08-09 13:29:53,Weekly/2023/2023-08-11 - REGIS Week in Review August 11 2023.html
1028,Daily,2023-08-11,REGIS REPORT (11 AUG),6,Regis CMS,2023-08-11 09:27:46,Regis CMS,2023-08-11 09:27:46,Daily/2023/2023-08-11 - REGIS REPORT (11 AUG).html
1029,Daily,2023-08-14,REGIS REPORT (14 AUG),3,Regis CMS,2023-08-14 09:10:35,Regis CMS,2023-08-14 09:10:35,Daily/2023/2023-08-14 - REGIS REPORT (14 AUG).html
1030,Daily,2023-08-15,REGIS REPORT (15 AUG),7,Regis CMS,2023-08-15 09:07:56,Regis CMS,2023-08-15 09:07:56,Daily/2023/2023-08-15 - REGIS REPORT (15 AUG).html
1032,Daily,2023-08-16,REGIS REPORT (16 AUG),5,Regis CMS,2023-08-16 09:13:25,Regis CMS,2023-08-16 09:13:25,Daily/2023/2023-08-16 - REGIS REPORT (16 AUG).html
1033,Daily,2023-08-17,REGIS REPORT (17 AUG),3,Regis CMS,2023-08-17 07:04:32,Regis CMS,2023-08-17 08:57:17,Daily/2023/2023-08-17 - REGIS REPORT (17 AUG).html
1031,Weekly,2023-08-18,REGIS Week in Review August 18 2023,27,Alejandro Molina,2023-08-16 07:34:07,Alejandro Molina,2023-08-16 07:34:07,Weekly/2023/2023-08-18 - REGIS Week in Review August 18 2023.html
1034,Daily,2023-08-18,REGIS REPORT (18 AUG),5,Regis CMS,2023-08-18 08:38:03,Regis CMS,2023-08-18 08:38:03,Daily/2023/2023-08-18 - REGIS REPORT (18 AUG).html
1035,Daily,2023-08-22,REGIS REPORT (22 AUG),4,Regis CMS,2023-08-22 08:57:30,Regis CMS,2023-08-22 08:57:30,Daily/2023/2023-08-22 - REGIS REPORT (22 AUG).html
1036,Daily,2023-08-23,REGIS REPORT (23 AUG),5,Regis CMS,2023-08-23 08:20:09,Regis CMS,2023-08-23 08:20:09,Daily/2023/2023-08-23 - REGIS REPORT (23 AUG).html
1037,Daily,2023-08-24,REGIS REPORT (24 AUG),6,Regis CMS,2023-08-24 09:00:23,Regis CMS,2023-08-24 09:00:23,Daily/2023/2023-08-24 - REGIS REPORT (24 AUG).html
1038,Weekly,2023-08-25,REGIS Week in Review August 25 2023,9,Alejandro Molina,2023-08-24 13:18:45,Alejandro Molina,2023-08-24 13:18:45,Weekly/2023/2023-08-25 - REGIS Week in Review August 25 2023.html
1039,Daily,2023-08-25,REGIS REPORT (24 AUG),2,Regis CMS,2023-08-25 08:53:09,Regis CMS,2023-08-25 08:53:09,Daily/2023/2023-08-25 - REGIS REPORT (24 AUG).html
1040,Daily,2023-08-29,REGIS REPORT (29 AUG),4,Regis CMS,2023-08-29 08:39:28,Regis CMS,2023-08-29 08:39:28,Daily/2023/2023-08-29 - REGIS REPORT (29 AUG).html
1041,Daily,2023-08-30,REGIS REPORT (30 AUG),4,Regis CMS,2023-08-30 08:22:23,Regis CMS,2023-08-30 08:22:23,Daily/2023/2023-08-30 - REGIS REPORT (30 AUG).html
1043,Daily,2023-08-31,REGIS REPORT (31 AUG),5,Regis CMS,2023-08-31 08:27:04,Regis CMS,2023-08-31 08:27:04,Daily/2023/2023-08-31 - REGIS REPORT (31 AUG).html
1042,Weekly,2023-09-01,REGIS Week in Review September 01 2023,8,Alejandro Molina,2023-08-30 10:43:50,Alejandro Molina,2023-08-30 10:43:50,Weekly/2023/2023-09-01 - REGIS Week in Review September 01 2023.html
1044,Daily,2023-09-01,REGIS REPORT (1 SEP),8,Regis CMS,2023-09-01 09:19:25,Regis CMS,2023-09-01 09:19:25,Daily/2023/2023-09-01 - REGIS REPORT (1 SEP).html
1045,Monthly,2023-09-01,REGIS: Month in Review - August 2023,4,Regis CMS,2023-06-06 07:46:56,Regis CMS,2023-09-02 13:59:23,Monthly/2023/2023-09-01 - REGIS- Month in Review - August 2023.html
1046,Daily,2023-09-04,REGIS REPORT (4 SEP),4,Regis CMS,2023-09-04 08:53:11,Regis CMS,2023-09-04 08:53:11,Daily/2023/2023-09-04 - REGIS REPORT (4 SEP).html
1047,Daily,2023-09-05,REGIS REPORT (5 SEP),5,Regis CMS,2023-09-05 09:20:13,Regis CMS,2023-09-05 09:20:13,Daily/2023/2023-09-05 - REGIS REPORT (5 SEP).html
1048,Daily,2023-09-06,REGIS REPORT (6 SEP),3,Regis CMS,2023-09-06 08:43:47,Regis CMS,2023-09-06 08:43:47,Daily/2023/2023-09-06 - REGIS REPORT (6 SEP).html
1049,Daily,2023-09-07,REGIS REPORT (7 SEP),5,Regis CMS,2023-09-07 09:06:19,Regis CMS,2023-09-07 09:06:19,Daily/2023/2023-09-07 - REGIS REPORT (7 SEP).html
1050,Weekly,2023-09-08,REGIS Week in Review September 08 2023,9,Alejandro Molina,2023-09-07 09:27:52,Alejandro Molina,2023-09-07 09:27:52,Weekly/2023/2023-09-08 - REGIS Week in Review September 08 2023.html
1051,Daily,2023-09-08,REGIS REPORT (8 SEP),7,Regis CMS,2023-09-08 08:50:57,Regis CMS,2023-09-08 08:50:57,Daily/2023/2023-09-08 - REGIS REPORT (8 SEP).html
1052,Daily,2023-09-11,REGIS REPORT (11 SEP),4,Regis CMS,2023-09-11 08:26:11,Regis CMS,2023-09-11 08:26:11,Daily/2023/2023-09-11 - REGIS REPORT (11 SEP).html
1053,Daily,2023-09-12,REGIS REPORT (12 SEP),4,Regis CMS,2023-09-12 08:38:13,Regis CMS,2023-09-12 08:38:13,Daily/2023/2023-09-12 - REGIS REPORT (12 SEP).html
1054,Daily,2023-09-12,REGIS REPORT (12 SEP),0,Regis CMS,2023-09-12 08:50:48,Regis CMS,2023-09-12 08:50:48,Daily/2023/2023-09-12 - REGIS REPORT (12 SEP) (id 1054).html
1055,Daily,2023-09-13,REGIS REPORT (13 SEP),6,Regis CMS,2023-09-13 08:32:55,Regis CMS,2023-09-13 08:32:55,Daily/2023/2023-09-13 - REGIS REPORT (13 SEP).html
1056,Daily,2023-09-14,REGIS REPORT (14 SEP),4,Regis CMS,2023-09-14 08:45:46,Regis CMS,2023-09-14 08:45:46,Daily/2023/2023-09-14 - REGIS REPORT (14 SEP).html
1057,Daily,2023-09-15,REGIS REPORT (15 SEP),4,Regis CMS,2023-09-15 08:45:32,Regis CMS,2023-09-15 08:45:32,Daily/2023/2023-09-15 - REGIS REPORT (15 SEP).html
1058,Weekly,2023-09-15,Copy of REGIS Week in Review September 08 2023,9,Alejandro Molina,2023-09-07 09:27:52,Alejandro Molina,2023-09-07 09:27:52,Weekly/2023/2023-09-15 - Copy of REGIS Week in Review September 08 2023.html
1059,Daily,2023-09-18,REGIS REPORT (18 SEP),5,Regis CMS,2023-09-18 08:37:43,Regis CMS,2023-09-18 08:37:43,Daily/2023/2023-09-18 - REGIS REPORT (18 SEP).html
1060,Daily,2023-09-19,REGIS REPORT (19 SEP),4,Regis CMS,2023-09-19 08:42:54,Regis CMS,2023-09-19 08:42:54,Daily/2023/2023-09-19 - REGIS REPORT (19 SEP).html
1061,Daily,2023-09-20,REGIS REPORT (20 SEP),5,Regis CMS,2023-09-20 09:34:41,Regis CMS,2023-09-20 09:34:41,Daily/2023/2023-09-20 - REGIS REPORT (20 SEP).html
1062,Daily,2023-09-21,REGIS REPORT (21 SEP),5,Regis CMS,2023-09-21 09:11:47,Regis CMS,2023-09-21 09:11:47,Daily/2023/2023-09-21 - REGIS REPORT (21 SEP).html
1063,Daily,2023-09-22,REGIS REPORT (22 SEP),7,Regis CMS,2023-09-22 09:03:20,Regis CMS,2023-09-22 09:03:20,Daily/2023/2023-09-22 - REGIS REPORT (22 SEP).html
1064,Weekly,2023-09-22,REGIS Week in Review September 22 2023,9,Alejandro Molina,2023-09-22 10:14:14,Alejandro Molina,2023-09-22 10:14:14,Weekly/2023/2023-09-22 - REGIS Week in Review September 22 2023.html
1065,Daily,2023-09-25,REGIS REPORT (25 SEP),4,Regis CMS,2023-09-25 08:31:23,Regis CMS,2023-09-25 08:31:23,Daily/2023/2023-09-25 - REGIS REPORT (25 SEP).html
1066,Daily,2023-09-26,REGIS REPORT (26 SEP),4,Regis CMS,2023-09-26 08:36:09,Regis CMS,2023-09-26 08:36:09,Daily/2023/2023-09-26 - REGIS REPORT (26 SEP).html
1067,Daily,2023-09-27,REGIS REPORT (27 SEP),5,Regis CMS,2023-09-27 08:28:33,Regis CMS,2023-09-27 08:28:33,Daily/2023/2023-09-27 - REGIS REPORT (27 SEP).html
1068,Daily,2023-09-28,REGIS REPORT (28 SEP),4,Regis CMS,2023-09-28 08:51:17,Regis CMS,2023-09-28 08:51:17,Daily/2023/2023-09-28 - REGIS REPORT (28 SEP).html
1069,Weekly,2023-09-29,REGIS Week in Review September 29 2023,9,Alejandro Molina,2023-09-28 09:18:36,Alejandro Molina,2023-09-28 09:18:36,Weekly/2023/2023-09-29 - REGIS Week in Review September 29 2023.html
1070,Daily,2023-09-29,REGIS REPORT (29 SEP),6,Regis CMS,2023-09-29 08:29:20,Regis CMS,2023-09-29 08:29:20,Daily/2023/2023-09-29 - REGIS REPORT (29 SEP).html
1071,Daily,2023-10-02,REGIS REPORT (2 OCT),7,Regis CMS,2023-10-02 08:41:40,Regis CMS,2023-10-02 08:41:40,Daily/2023/2023-10-02 - REGIS REPORT (2 OCT).html
1072,Monthly,2023-10-02,REGIS: Month in Review - September 2023,4,Regis CMS,2023-06-06 07:46:56,Regis CMS,2023-10-03 14:35:21,Monthly/2023/2023-10-02 - REGIS- Month in Review - September 2023.html
1073,Daily,2023-10-03,REGIS REPORT (3 OCT),7,Regis CMS,2023-10-03 08:41:13,Regis CMS,2023-10-03 08:41:13,Daily/2023/2023-10-03 - REGIS REPORT (3 OCT).html
1074,Daily,2023-10-04,REGIS REPORT (4 OCT),4,Regis CMS,2023-10-04 08:47:56,Regis CMS,2023-10-04 08:47:56,Daily/2023/2023-10-04 - REGIS REPORT (4 OCT).html
1075,Daily,2023-10-05,REGIS REPORT (5 OCT),6,Regis CMS,2023-10-05 08:50:25,Regis CMS,2023-10-05 08:50:25,Daily/2023/2023-10-05 - REGIS REPORT (5 OCT).html
1076,Weekly,2023-10-06,REGIS Week in Review October 06 2023,9,Alejandro Molina,2023-10-06 07:46:11,Alejandro Molina,2023-10-06 07:46:11,Weekly/2023/2023-10-06 - REGIS Week in Review October 06 2023.html
1077,Daily,2023-10-06,REGIS REPORT (6 OCT),3,Regis CMS,2023-10-06 08:54:53,Regis CMS,2023-10-06 08:54:53,Daily/2023/2023-10-06 - REGIS REPORT (6 OCT).html
1078,Daily,2023-10-09,REGIS REPORT (9 OCT),4,Regis CMS,2023-10-09 08:48:29,Regis CMS,2023-10-09 08:48:29,Daily/2023/2023-10-09 - REGIS REPORT (9 OCT).html
1079,Daily,2023-10-10,REGIS REPORT (10 OCT),3,Regis CMS,2023-10-10 08:45:14,Regis CMS,2023-10-10 08:45:14,Daily/2023/2023-10-10 - REGIS REPORT (10 OCT).html
1080,Weekly,2023-10-13,REGIS Week in Review October 13 2023,9,Alejandro Molina,2023-10-13 08:45:41,Alejandro Molina,2023-10-13 08:45:41,Weekly/2023/2023-10-13 - REGIS Week in Review October 13 2023.html
1081,Daily,2023-10-16,REGIS REPORT (16 OCT),4,Regis CMS,2023-10-16 09:00:54,Regis CMS,2023-10-16 09:00:54,Daily/2023/2023-10-16 - REGIS REPORT (16 OCT).html
1085,Daily,2023-10-17,REGIS REPORT (17 OCT),3,Regis CMS,2023-10-17 16:57:58,Regis CMS,2023-10-17 16:57:58,Daily/2023/2023-10-17 - REGIS REPORT (17 OCT).html
1086,Daily,2023-10-18,REGIS REPORT (18 OCT),5,Regis CMS,2023-10-18 09:08:11,Regis CMS,2023-10-18 09:08:11,Daily/2023/2023-10-18 - REGIS REPORT (18 OCT).html
1087,Monthly,2023-10-18,REGIS: Month in Review - October 2023,5,Regis CMS,2023-06-06 07:46:56,Regis CMS,2023-10-18 11:53:06,Monthly/2023/2023-10-18 - REGIS- Month in Review - October 2023.html
1088,Daily,2023-10-19,REGIS REPORT (19 OCT),5,Regis CMS,2023-10-19 08:33:12,Regis CMS,2023-10-19 08:33:12,Daily/2023/2023-10-19 - REGIS REPORT (19 OCT).html
1082,Weekly,2023-10-20,REGIS Week in Review October 20 2023,9,Alejandro Molina,2023-10-16 13:19:05,Alejandro Molina,2023-10-16 13:19:05,Weekly/2023/2023-10-20 - REGIS Week in Review October 20 2023.html
1089,Daily,2023-10-20,REGIS REPORT (20 OCT),4,Regis CMS,2023-10-20 08:15:43,Regis CMS,2023-10-20 08:15:43,Daily/2023/2023-10-20 - REGIS REPORT (20 OCT).html
1090,Daily,2023-10-23,REGIS REPORT (23 OCT),4,Regis CMS,2023-10-23 08:50:43,Regis CMS,2023-10-23 08:50:43,Daily/2023/2023-10-23 - REGIS REPORT (23 OCT).html
1091,Daily,2023-10-24,REGIS REPORT (24 OCT),8,Regis CMS,2023-10-24 07:49:55,Regis CMS,2023-10-24 09:26:40,Daily/2023/2023-10-24 - REGIS REPORT (24 OCT).html
1093,Daily,2023-10-25,REGIS REPORT (25 OCT),5,Regis CMS,2023-10-25 08:53:16,Regis CMS,2023-10-25 08:53:16,Daily/2023/2023-10-25 - REGIS REPORT (25 OCT).html
1094,Daily,2023-10-26,REGIS REPORT (26 OCT),5,Regis CMS,2023-10-26 08:58:42,Regis CMS,2023-10-26 08:58:42,Daily/2023/2023-10-26 - REGIS REPORT (26 OCT).html
1092,Weekly,2023-10-27,REGIS Week in Review October 27 2023,9,Alejandro Molina,2023-10-25 07:31:55,Alejandro Molina,2023-10-25 07:31:55,Weekly/2023/2023-10-27 - REGIS Week in Review October 27 2023.html
1095,Daily,2023-10-27,REGIS REPORT (27 OCT),2,Regis CMS,2023-10-27 08:11:27,Regis CMS,2023-10-27 08:11:27,Daily/2023/2023-10-27 - REGIS REPORT (27 OCT).html
1096,Daily,2023-10-31,REGIS REPORT (31 OCT),4,Regis CMS,2023-10-31 08:47:40,Regis CMS,2023-10-31 08:47:40,Daily/2023/2023-10-31 - REGIS REPORT (31 OCT).html
1107,Weekly,2023-11-01,REGIS Week in Review November 10 2023,18,Alejandro Molina,2023-11-08 09:17:36,Alejandro Molina,2023-11-08 09:17:36,Weekly/2023/2023-11-01 - REGIS Week in Review November 10 2023.html
1097,Weekly,2023-11-03,REGIS Week in Review November 03 2023,9,Alejandro Molina,2023-11-03 08:36:12,Alejandro Molina,2023-11-03 08:36:12,Weekly/2023/2023-11-03 - REGIS Week in Review November 03 2023.html
1098,Daily,2023-11-03,REGIS REPORT (3 NOV),7,Regis CMS,2023-11-03 09:08:05,Regis CMS,2023-11-03 09:08:05,Daily/2023/2023-11-03 - REGIS REPORT (3 NOV).html
1099,Daily,2023-11-06,REGIS REPORT (6 NOV),5,Regis CMS,2023-11-06 09:04:06,Regis CMS,2023-11-06 09:04:15,Daily/2023/2023-11-06 - REGIS REPORT (6 NOV).html
1103,Daily,2023-11-07,REGIS REPORT (7 NOV),5,Regis CMS,2023-11-07 09:17:46,Regis CMS,2023-11-07 09:17:46,Daily/2023/2023-11-07 - REGIS REPORT (7 NOV).html
1106,Daily,2023-11-08,REGIS REPORT (8 NOV),5,Regis CMS,2023-11-08 08:45:12,Regis CMS,2023-11-08 08:45:12,Daily/2023/2023-11-08 - REGIS REPORT (8 NOV).html
1108,Daily,2023-11-09,REGIS REPORT (9 NOV),3,Regis CMS,2023-11-09 09:23:42,Regis CMS,2023-11-09 09:23:42,Daily/2023/2023-11-09 - REGIS REPORT (9 NOV).html
1109,Daily,2023-11-10,REGIS REPORT (10 NOV),3,Regis CMS,2023-11-10 08:58:50,Regis CMS,2023-11-10 08:58:50,Daily/2023/2023-11-10 - REGIS REPORT (10 NOV).html
1110,Daily,2023-11-13,REGIS REPORT (13 NOV),8,Regis CMS,2023-11-13 09:21:12,Regis CMS,2023-11-13 09:21:12,Daily/2023/2023-11-13 - REGIS REPORT (13 NOV).html
1111,Daily,2023-11-14,REGIS REPORT (14 NOV),6,Regis CMS,2023-11-14 08:58:03,Regis CMS,2023-11-14 08:58:03,Daily/2023/2023-11-14 - REGIS REPORT (14 NOV).html
1112,Daily,2023-11-15,REGIS REPORT (15 NOV),5,Regis CMS,2023-11-15 09:04:37,Regis CMS,2023-11-15 09:04:37,Daily/2023/2023-11-15 - REGIS REPORT (15 NOV).html
1113,Daily,2023-11-16,REGIS REPORT (NOV 16),5,Regis CMS,2023-11-16 09:05:42,Regis CMS,2023-11-16 09:05:42,Daily/2023/2023-11-16 - REGIS REPORT (NOV 16).html
1114,Daily,2023-11-17,REGIS REPORT (17 NOV),4,Regis CMS,2023-11-17 09:07:43,Regis CMS,2023-11-17 09:07:43,Daily/2023/2023-11-17 - REGIS REPORT (17 NOV).html
1117,Weekly,2023-11-17,REGIS Week in Review November 17 2023,19,Alejandro Molina,2023-11-03 08:36:12,Regis CMS,2023-11-17 13:38:56,Weekly/2023/2023-11-17 - REGIS Week in Review November 17 2023.html
1118,Daily,2023-11-20,REGIS REPORT (20 NOV),3,Regis CMS,2023-11-20 08:49:47,Regis CMS,2023-11-20 08:49:47,Daily/2023/2023-11-20 - REGIS REPORT (20 NOV).html
1119,Daily,2023-11-21,REGIS REPORT (21 NOV),4,Regis CMS,2023-11-21 08:58:35,Regis CMS,2023-11-21 08:58:35,Daily/2023/2023-11-21 - REGIS REPORT (21 NOV).html
1120,Daily,2023-11-22,REGIS REPORT (22 NOV),4,Regis CMS,2023-11-22 08:47:59,Regis CMS,2023-11-22 08:47:59,Daily/2023/2023-11-22 - REGIS REPORT (22 NOV).html
1122,Daily,2023-11-23,REGIS REPORT (23 NOV),5,Regis CMS,2023-11-23 09:18:26,Regis CMS,2023-11-23 09:18:26,Daily/2023/2023-11-23 - REGIS REPORT (23 NOV).html
1121,Weekly,2023-11-24,REGIS Week in Review November 24 2023,10,Alejandro Molina,2023-11-22 11:36:57,Alejandro Molina,2023-11-22 11:36:57,Weekly/2023/2023-11-24 - REGIS Week in Review November 24 2023.html
1123,Daily,2023-11-24,REGIS REPORT (24 NOV),3,Regis CMS,2023-11-24 09:16:19,Regis CMS,2023-11-24 09:16:19,Daily/2023/2023-11-24 - REGIS REPORT (24 NOV).html
1124,Daily,2023-11-28,REGIS REPORT (28 NOV),4,Regis CMS,2023-11-28 08:39:54,Regis CMS,2023-11-28 08:39:54,Daily/2023/2023-11-28 - REGIS REPORT (28 NOV).html
1125,Daily,2023-11-29,REGIS REPORT (29 NOV),5,Regis CMS,2023-11-29 08:28:12,Regis CMS,2023-11-29 08:28:12,Daily/2023/2023-11-29 - REGIS REPORT (29 NOV).html
1126,Daily,2023-11-30,REGIS REPORT (30 NOV),6,Regis CMS,2023-11-30 08:59:54,Regis CMS,2023-11-30 08:59:54,Daily/2023/2023-11-30 - REGIS REPORT (30 NOV).html
1128,Daily,2023-12-01,REGIS REPORT (1 DEC),4,Regis CMS,2023-12-01 09:02:07,Regis CMS,2023-12-01 09:02:07,Daily/2023/2023-12-01 - REGIS REPORT (1 DEC).html
1129,Monthly,2023-12-01,REGIS: Month in Review - November 2023,5,Regis CMS,2023-06-06 07:46:56,Regis CMS,2023-12-01 10:32:32,Monthly/2023/2023-12-01 - REGIS- Month in Review - November 2023.html
1127,Weekly,2023-12-02,REGIS Week in Review December 01 2023,10,Alejandro Molina,2023-11-30 11:02:37,Alejandro Molina,2023-11-30 11:02:37,Weekly/2023/2023-12-02 - REGIS Week in Review December 01 2023.html
1130,Daily,2023-12-04,REGIS REPORT (4 DEC),4,Regis CMS,2023-12-04 09:23:37,Regis CMS,2023-12-04 09:23:37,Daily/2023/2023-12-04 - REGIS REPORT (4 DEC).html
1132,Daily,2023-12-05,REGIS REPORT (5 DEC),4,Regis CMS,2023-12-05 09:02:15,Regis CMS,2023-12-05 09:02:15,Daily/2023/2023-12-05 - REGIS REPORT (5 DEC).html
1133,Daily,2023-12-06,REGIS REPORT (6 DEC),5,Regis CMS,2023-12-06 09:02:21,Regis CMS,2023-12-06 09:02:21,Daily/2023/2023-12-06 - REGIS REPORT (6 DEC).html
1131,Weekly,2023-12-07,REGIS Week in Review December 07 2023,9,Alejandro Molina,2023-12-04 13:56:12,Alejandro Molina,2023-12-04 13:56:12,Weekly/2023/2023-12-07 - REGIS Week in Review December 07 2023.html
1134,Daily,2023-12-07,REGIS REPORT (7 DEC),5,Regis CMS,2023-12-07 09:17:00,Regis CMS,2023-12-07 09:17:00,Daily/2023/2023-12-07 - REGIS REPORT (7 DEC).html
1135,Daily,2023-12-11,REGIS REPORT (11 DEC),5,Regis CMS,2023-12-11 08:54:10,Regis CMS,2023-12-11 08:54:10,Daily/2023/2023-12-11 - REGIS REPORT (11 DEC).html
1136,Daily,2023-12-12,REGIS REPORT (12 DEC),5,Regis CMS,2023-12-12 08:46:57,Regis CMS,2023-12-12 08:46:57,Daily/2023/2023-12-12 - REGIS REPORT (12 DEC).html
1137,Daily,2023-12-13,REGIS REPORT (13 DEC),5,Regis CMS,2023-12-13 09:45:57,Regis CMS,2023-12-13 09:45:57,Daily/2023/2023-12-13 - REGIS REPORT (13 DEC).html
1139,Daily,2023-12-14,REGIS REPORT (14 DEC),3,Regis CMS,2023-12-14 08:45:45,Regis CMS,2023-12-14 08:45:45,Daily/2023/2023-12-14 - REGIS REPORT (14 DEC).html
1138,Weekly,2023-12-15,REGIS Week in Review December 15 2023,8,Alejandro Molina,2023-12-13 13:08:37,Alejandro Molina,2023-12-13 13:08:37,Weekly/2023/2023-12-15 - REGIS Week in Review December 15 2023.html
1140,Daily,2023-12-15,REGIS REPORT (15 DEC),4,Regis CMS,2023-12-15 08:24:26,Regis CMS,2023-12-15 08:24:26,Daily/2023/2023-12-15 - REGIS REPORT (15 DEC).html
1141,Daily,2023-12-18,REGIS REPORT (18 DEC),3,Regis CMS,2023-12-18 08:30:57,Regis CMS,2023-12-18 08:30:57,Daily/2023/2023-12-18 - REGIS REPORT (18 DEC).html
1142,Daily,2023-12-19,REGIS REPORT (19 DEC),5,Regis CMS,2023-12-19 08:43:08,Regis CMS,2023-12-19 08:43:08,Daily/2023/2023-12-19 - REGIS REPORT (19 DEC).html
1143,Daily,2023-12-20,REGIS REPORT (20 DEC),5,Regis CMS,2023-12-20 09:02:52,Regis CMS,2023-12-20 09:02:52,Daily/2023/2023-12-20 - REGIS REPORT (20 DEC).html
1145,Daily,2023-12-21,REGIS REPORT (21 DEC),4,Regis CMS,2023-12-21 08:43:28,Regis CMS,2023-12-21 08:43:28,Daily/2023/2023-12-21 - REGIS REPORT (21 DEC).html
1144,Weekly,2023-12-22,REGIS Week in Review December 22 2023,9,Alejandro Molina,2023-12-20 09:33:57,Alejandro Molina,2023-12-20 09:33:57,Weekly/2023/2023-12-22 - REGIS Week in Review December 22 2023.html
1146,Daily,2023-12-22,REGIS REPORT (22 DEC),6,Regis CMS,2023-12-22 09:30:42,Regis CMS,2023-12-22 09:30:42,Daily/2023/2023-12-22 - REGIS REPORT (22 DEC).html
1147,Daily,2023-12-27,REGIS REPORT (27 DEC),4,Regis CMS,2023-12-27 08:41:46,Regis CMS,2023-12-27 08:41:46,Daily/2023/2023-12-27 - REGIS REPORT (27 DEC).html
1149,Daily,2023-12-28,REGIS REPORT (28 DEC),5,Regis CMS,2023-12-28 09:01:46,Regis CMS,2023-12-28 09:01:46,Daily/2023/2023-12-28 - REGIS REPORT (28 DEC).html
1148,Weekly,2023-12-29,REGIS Week in Review December 29 2023,8,Alejandro Molina,2023-12-27 09:13:15,Alejandro Molina,2023-12-27 09:13:15,Weekly/2023/2023-12-29 - REGIS Week in Review December 29 2023.html
1150,Daily,2023-12-29,REGIS REPORT (29 DEC),6,Regis CMS,2023-12-29 09:00:54,Regis CMS,2023-12-29 09:00:54,Daily/2023/2023-12-29 - REGIS REPORT (29 DEC).html
1151,Daily,2024-01-02,REGIS REPORT (2 JAN),5,Regis CMS,2024-01-02 08:23:28,Regis CMS,2024-01-02 08:23:28,Daily/2024/2024-01-02 - REGIS REPORT (2 JAN).html
1152,Monthly,2024-01-02,REGIS: Month in Review - December 2023,5,Regis CMS,2023-06-06 07:46:56,Regis CMS,2024-01-02 15:16:47,Monthly/2024/2024-01-02 - REGIS- Month in Review - December 2023.html
1153,Daily,2024-01-03,REGIS REPORT (3 JAN),4,Regis CMS,2024-01-03 09:10:09,Regis CMS,2024-01-03 09:10:09,Daily/2024/2024-01-03 - REGIS REPORT (3 JAN).html
1154,Daily,2024-01-04,REGIS REPORT (4 JAN),3,Regis CMS,2024-01-04 08:45:26,Regis CMS,2024-01-04 08:45:26,Daily/2024/2024-01-04 - REGIS REPORT (4 JAN).html
1155,Weekly,2024-01-05,REGIS Week in Review January 05 2024,11,Alejandro Molina,2024-01-04 13:33:08,Alejandro Molina,2024-01-04 13:33:08,Weekly/2024/2024-01-05 - REGIS Week in Review January 05 2024.html
1156,Daily,2024-01-05,REGIS REPORT (5 JAN),5,Regis CMS,2024-01-05 07:58:57,Regis CMS,2024-01-05 07:58:57,Daily/2024/2024-01-05 - REGIS REPORT (5 JAN).html
1157,Daily,2024-01-08,REGIS REPORT (8 JAN),5,Regis CMS,2024-01-08 09:10:10,Regis CMS,2024-01-08 09:10:10,Daily/2024/2024-01-08 - REGIS REPORT (8 JAN).html
1158,Daily,2024-01-09,REGIS REPORT (9 JAN),3,Regis CMS,2024-01-09 08:53:38,Regis CMS,2024-01-09 08:53:38,Daily/2024/2024-01-09 - REGIS REPORT (9 JAN).html
1159,Daily,2024-01-10,REGIS REPORT (10 JAN),5,Regis CMS,2024-01-10 09:37:00,Regis CMS,2024-01-10 09:37:00,Daily/2024/2024-01-10 - REGIS REPORT (10 JAN).html
1161,Daily,2024-01-11,REGIS REPORT (11 JAN),5,Regis CMS,2024-01-11 09:04:35,Regis CMS,2024-01-11 09:04:35,Daily/2024/2024-01-11 - REGIS REPORT (11 JAN).html
1160,Weekly,2024-01-12,REGIS Week in Review January 12 2024,9,Alejandro Molina,2024-01-11 07:34:12,Alejandro Molina,2024-01-11 07:34:12,Weekly/2024/2024-01-12 - REGIS Week in Review January 12 2024.html
1162,Daily,2024-01-12,REGIS REPORT (12 JAN),5,Regis CMS,2024-01-12 09:10:46,Regis CMS,2024-01-12 09:10:46,Daily/2024/2024-01-12 - REGIS REPORT (12 JAN).html
1163,Daily,2024-01-15,REGIS REPORT (15 JAN),5,Regis CMS,2024-01-15 09:28:05,Regis CMS,2024-01-15 09:28:05,Daily/2024/2024-01-15 - REGIS REPORT (15 JAN).html
1164,Daily,2024-01-16,REGIS REPORT (16 JAN),4,Regis CMS,2024-01-16 09:10:15,Regis CMS,2024-01-16 09:10:15,Daily/2024/2024-01-16 - REGIS REPORT (16 JAN).html
1165,Daily,2024-01-17,REGIS REPORT (17 JAN),5,Regis CMS,2024-01-17 09:09:55,Regis CMS,2024-01-17 09:09:55,Daily/2024/2024-01-17 - REGIS REPORT (17 JAN).html
1166,Daily,2024-01-18,REGIS REPORT (18 JAN),6,Regis CMS,2024-01-18 09:10:34,Regis CMS,2024-01-18 09:10:34,Daily/2024/2024-01-18 - REGIS REPORT (18 JAN).html
1167,Weekly,2024-01-19,REGIS Week in Review January 19 2024,10,Alejandro Molina,2024-01-19 09:12:52,Alejandro Molina,2024-01-19 09:12:52,Weekly/2024/2024-01-19 - REGIS Week in Review January 19 2024.html
1168,Daily,2024-01-19,REGIS REPORT (19 JAN),5,Regis CMS,2024-01-19 09:32:41,Regis CMS,2024-01-19 09:32:41,Daily/2024/2024-01-19 - REGIS REPORT (19 JAN).html
1169,Daily,2024-01-22,REGIS REPORT (22 JAN),5,Regis CMS,2024-01-22 09:00:17,Regis CMS,2024-01-22 09:00:17,Daily/2024/2024-01-22 - REGIS REPORT (22 JAN).html
1170,Daily,2024-01-23,REGIS REPORT (23 JAN),6,Regis CMS,2024-01-23 08:35:46,Regis CMS,2024-01-23 08:35:46,Daily/2024/2024-01-23 - REGIS REPORT (23 JAN).html
1172,Daily,2024-01-24,REGIS REPORT (24 JAN),4,Regis CMS,2024-01-24 09:33:34,Regis CMS,2024-01-24 09:33:34,Daily/2024/2024-01-24 - REGIS REPORT (24 JAN).html
1173,Daily,2024-01-25,REGIS REPORT (25 JAN),5,Regis CMS,2024-01-25 08:57:16,Regis CMS,2024-01-25 08:57:16,Daily/2024/2024-01-25 - REGIS REPORT (25 JAN).html
1171,Weekly,2024-01-26,REGIS Week in Review January 26 2024,10,Alejandro Molina,2024-01-23 09:24:46,Alejandro Molina,2024-01-23 09:24:46,Weekly/2024/2024-01-26 - REGIS Week in Review January 26 2024.html
1174,Daily,2024-01-26,REGIS REPORT (26 JAN),4,Regis CMS,2024-01-26 08:41:22,Regis CMS,2024-01-26 08:41:22,Daily/2024/2024-01-26 - REGIS REPORT (26 JAN).html
1175,Daily,2024-01-29,REGIS REPORT (29 JAN),6,Regis CMS,2024-01-29 08:52:41,Regis CMS,2024-01-29 08:52:41,Daily/2024/2024-01-29 - REGIS REPORT (29 JAN).html
1176,Daily,2024-01-30,REGIS REPORT (30 JAN),4,Regis CMS,2024-01-30 08:44:16,Regis CMS,2024-01-30 08:44:16,Daily/2024/2024-01-30 - REGIS REPORT (30 JAN).html
1177,Daily,2024-01-31,REGIS REPORT (31 JAN),8,Regis CMS,2024-01-31 08:58:22,Regis CMS,2024-01-31 08:58:22,Daily/2024/2024-01-31 - REGIS REPORT (31 JAN).html
1178,Monthly,2024-01-31,REGIS: Month in Review - January 2024,5,Regis CMS,2023-06-06 07:46:56,Regis CMS,2024-01-31 16:00:57,Monthly/2024/2024-01-31 - REGIS- Month in Review - January 2024.html
1180,Daily,2024-02-01,REGIS REPORT (1 FEB),5,Regis CMS,2024-02-01 08:39:43,Regis CMS,2024-02-01 08:39:43,Daily/2024/2024-02-01 - REGIS REPORT (1 FEB).html
1181,Weekly,2024-02-02,REGIS Week in Review February 02 2024,8,Alejandro Molina,2024-02-02 08:40:14,Alejandro Molina,2024-02-02 08:40:14,Weekly/2024/2024-02-02 - REGIS Week in Review February 02 2024.html
1182,Daily,2024-02-02,REGIS REPORT (2 FEB),3,Regis CMS,2024-02-02 08:42:37,Regis CMS,2024-02-02 08:42:37,Daily/2024/2024-02-02 - REGIS REPORT (2 FEB).html
1183,Daily,2024-02-05,REGIS REPORT (5 FEB),5,Regis CMS,2024-02-05 08:40:25,Regis CMS,2024-02-05 08:40:25,Daily/2024/2024-02-05 - REGIS REPORT (5 FEB).html
1184,Daily,2024-02-06,REGIS REPORT (6 FEB),4,Regis CMS,2024-02-06 08:32:06,Regis CMS,2024-02-06 08:32:41,Daily/2024/2024-02-06 - REGIS REPORT (6 FEB).html
1185,Daily,2024-02-07,REGIS REPORT (7 FEB),5,Regis CMS,2024-02-07 08:58:27,Regis CMS,2024-02-07 08:58:27,Daily/2024/2024-02-07 - REGIS REPORT (7 FEB).html
1186,Weekly,2024-02-08,REGIS Week in Review February 08 2024,10,Alejandro Molina,2024-02-07 10:40:52,Alejandro Molina,2024-02-07 10:40:52,Weekly/2024/2024-02-08 - REGIS Week in Review February 08 2024.html
1187,Daily,2024-02-08,REGIS REPORT (8 FEB),3,Regis CMS,2024-02-08 08:50:27,Regis CMS,2024-02-08 08:50:27,Daily/2024/2024-02-08 - REGIS REPORT (8 FEB).html
1188,Daily,2024-02-12,REGIS REPORT (12 FEB),5,Regis CMS,2024-02-12 08:53:05,Regis CMS,2024-02-12 08:53:05,Daily/2024/2024-02-12 - REGIS REPORT (12 FEB).html
1456,Daily,2024-02-12,TEST,2,Regis CMS,2024-12-02 12:00:18,Regis CMS,2024-12-02 12:00:18,Daily/2024/2024-02-12 - TEST.html
1189,Daily,2024-02-13,REGIS REPORT (13 FEB),6,Regis CMS,2024-02-13 08:51:23,Regis CMS,2024-02-13 08:51:23,Daily/2024/2024-02-13 - REGIS REPORT (13 FEB).html
1190,Daily,2024-02-14,REGIS REPORT (14 FEB),6,Regis CMS,2024-02-14 09:00:36,Regis CMS,2024-02-14 09:00:36,Daily/2024/2024-02-14 - REGIS REPORT (14 FEB).html
1191,Daily,2024-02-15,REGIS REPORT (15 FEB),3,Regis CMS,2024-02-15 08:46:08,Regis CMS,2024-02-15 08:46:08,Daily/2024/2024-02-15 - REGIS REPORT (15 FEB).html
1192,Weekly,2024-02-16,REGIS Week in Review February 16 2024,9,Alejandro Molina,2024-02-15 09:25:40,Alejandro Molina,2024-02-15 09:25:40,Weekly/2024/2024-02-16 - REGIS Week in Review February 16 2024.html
1193,Daily,2024-02-16,REGIS REPORT (16 FEB),5,Regis CMS,2024-02-16 08:50:08,Regis CMS,2024-02-16 08:50:08,Daily/2024/2024-02-16 - REGIS REPORT (16 FEB).html
1194,Daily,2024-02-19,REGIS REPORT (19 FEB),4,Regis CMS,2024-02-19 08:48:25,Regis CMS,2024-02-19 08:51:54,Daily/2024/2024-02-19 - REGIS REPORT (19 FEB).html
1196,Daily,2024-02-20,REGIS REPORT (20 FEB),4,Regis CMS,2024-02-20 08:25:36,Regis CMS,2024-02-20 08:25:36,Daily/2024/2024-02-20 - REGIS REPORT (20 FEB).html
1197,Daily,2024-02-21,REGIS REPORT (21 FEB),7,Regis CMS,2024-02-21 08:52:08,Regis CMS,2024-02-21 08:52:08,Daily/2024/2024-02-21 - REGIS REPORT (21 FEB).html
1198,Daily,2024-02-22,REGIS REPORT (22 FEB),5,Regis CMS,2024-02-22 08:32:38,Regis CMS,2024-02-22 08:32:38,Daily/2024/2024-02-22 - REGIS REPORT (22 FEB).html
1195,Weekly,2024-02-23,REGIS Week in Review February 23 2024,12,Alejandro Molina,2024-02-19 11:07:28,Alejandro Molina,2024-02-19 11:07:28,Weekly/2024/2024-02-23 - REGIS Week in Review February 23 2024.html
1199,Daily,2024-02-23,REGIS REPORT (23 FEB),4,Regis CMS,2024-02-23 07:50:30,Regis CMS,2024-02-23 07:50:30,Daily/2024/2024-02-23 - REGIS REPORT (23 FEB).html
1200,Daily,2024-02-26,REGIS REPORT (26 FEB),7,Regis CMS,2024-02-26 08:00:38,Regis CMS,2024-02-26 08:00:38,Daily/2024/2024-02-26 - REGIS REPORT (26 FEB).html
1201,Daily,2024-02-27,REGIS REPORT (27 FEB),6,Regis CMS,2024-02-27 07:56:04,Regis CMS,2024-02-27 07:56:04,Daily/2024/2024-02-27 - REGIS REPORT (27 FEB).html
1202,Daily,2024-02-28,REGIS REPORT (28 FEB),8,Regis CMS,2024-02-28 08:00:38,Regis CMS,2024-02-28 08:00:38,Daily/2024/2024-02-28 - REGIS REPORT (28 FEB).html
1204,Daily,2024-02-29,REGIS REPORT (29 FEB),5,Regis CMS,2024-02-29 07:50:45,Regis CMS,2024-02-29 07:50:45,Daily/2024/2024-02-29 - REGIS REPORT (29 FEB).html
1203,Weekly,2024-03-01,REGIS Week in Review March 01 2024,12,Alejandro Molina,2024-02-28 10:12:55,Alejandro Molina,2024-02-28 10:12:55,Weekly/2024/2024-03-01 - REGIS Week in Review March 01 2024.html
1205,Daily,2024-03-01,REGIS REPORT (1 MAR),7,Regis CMS,2024-03-01 08:14:49,Regis CMS,2024-03-01 08:14:49,Daily/2024/2024-03-01 - REGIS REPORT (1 MAR).html
1206,Monthly,2024-03-01,REGIS: Month in Review - February 2024,5,Regis CMS,2023-06-06 07:46:56,Regis CMS,2024-03-01 08:30:05,Monthly/2024/2024-03-01 - REGIS- Month in Review - February 2024.html
1207,Daily,2024-03-04,REGIS REPORT (4 MAR),5,Regis CMS,2024-03-04 07:58:56,Regis CMS,2024-03-04 07:58:56,Daily/2024/2024-03-04 - REGIS REPORT (4 MAR).html
1208,Daily,2024-03-05,REGIS REPORT (5 MAR),5,Regis CMS,2024-03-05 08:02:07,Regis CMS,2024-03-05 08:02:07,Daily/2024/2024-03-05 - REGIS REPORT (5 MAR).html
1209,Daily,2024-03-06,REGIS REPORT (6 MAR),8,Regis CMS,2024-03-06 08:15:49,Regis CMS,2024-03-06 08:15:49,Daily/2024/2024-03-06 - REGIS REPORT (6 MAR).html
1211,Daily,2024-03-07,REGIS REPORT (7 MAR),3,Regis CMS,2024-03-07 08:22:57,Regis CMS,2024-03-07 08:22:57,Daily/2024/2024-03-07 - REGIS REPORT (7 MAR).html
1210,Weekly,2024-03-08,REGIS Week in Review March 08 2024,13,Alejandro Molina,2024-03-06 10:30:14,Alejandro Molina,2024-03-06 10:30:14,Weekly/2024/2024-03-08 - REGIS Week in Review March 08 2024.html
1212,Daily,2024-03-08,REGIS REPORT (8 MAR),7,Regis CMS,2024-03-08 08:07:13,Regis CMS,2024-03-08 08:07:13,Daily/2024/2024-03-08 - REGIS REPORT (8 MAR).html
1213,Daily,2024-03-11,REGIS REPORT (11 MAR),6,Regis CMS,2024-03-11 07:58:06,Regis CMS,2024-03-11 07:58:06,Daily/2024/2024-03-11 - REGIS REPORT (11 MAR).html
1215,Daily,2024-03-12,REGIS REPORT (12 MAR),9,Regis CMS,2024-03-12 07:50:45,Regis CMS,2024-03-12 07:50:45,Daily/2024/2024-03-12 - REGIS REPORT (12 MAR).html
1216,Daily,2024-03-13,REGIS REPORT (13 MAR),6,Regis CMS,2024-03-13 07:53:04,Regis CMS,2024-03-13 07:53:04,Daily/2024/2024-03-13 - REGIS REPORT (13 MAR).html
1217,Daily,2024-03-14,REGIS REPORT (14 MAR),5,Regis CMS,2024-03-14 08:02:38,Regis CMS,2024-03-14 08:02:38,Daily/2024/2024-03-14 - REGIS REPORT (14 MAR).html
1214,Weekly,2024-03-15,REGIS Week in Review March 15 2024,11,Alejandro Molina,2024-03-11 08:36:46,Alejandro Molina,2024-03-11 08:36:46,Weekly/2024/2024-03-15 - REGIS Week in Review March 15 2024.html
1218,Daily,2024-03-15,REGIS REPORT (15 MAR),7,Regis CMS,2024-03-15 09:05:08,Regis CMS,2024-03-15 09:05:08,Daily/2024/2024-03-15 - REGIS REPORT (15 MAR).html
1219,Weekly,2024-03-15,REGIS Week in Review March 15 2024 NEW,13,Alejandro Molina,2024-03-06 10:30:14,Regis CMS,2024-03-15 17:06:52,Weekly/2024/2024-03-15 - REGIS Week in Review March 15 2024 NEW.html
1220,Daily,2024-03-18,REGIS REPORT (18 MAR),5,Regis CMS,2024-03-18 08:15:44,Regis CMS,2024-03-18 08:15:44,Daily/2024/2024-03-18 - REGIS REPORT (18 MAR).html
1221,Daily,2024-03-19,REGIS REPORT (19 MAR),7,Regis CMS,2024-03-19 07:58:24,Regis CMS,2024-03-19 07:58:24,Daily/2024/2024-03-19 - REGIS REPORT (19 MAR).html
1222,Daily,2024-03-20,REGIS REPORT (20 MAR),7,Regis CMS,2024-03-20 08:51:01,Regis CMS,2024-03-20 08:51:01,Daily/2024/2024-03-20 - REGIS REPORT (20 MAR).html
1224,Daily,2024-03-21,REGIS REPORT (21 MAR),6,Regis CMS,2024-03-21 08:09:12,Regis CMS,2024-03-21 08:09:12,Daily/2024/2024-03-21 - REGIS REPORT (21 MAR).html
1223,Weekly,2024-03-22,REGIS Week in Review March 22 2024,12,Alejandro Molina,2024-03-20 15:45:29,Alejandro Molina,2024-03-20 15:45:29,Weekly/2024/2024-03-22 - REGIS Week in Review March 22 2024.html
1226,Daily,2024-03-22,REGIS REPORT (22 MAR),6,Regis CMS,2024-03-22 09:26:16,Regis CMS,2024-03-22 09:26:16,Daily/2024/2024-03-22 - REGIS REPORT (22 MAR).html
1227,Daily,2024-03-25,REGIS REPORT (25 MAR),5,Regis CMS,2024-03-25 08:55:40,Regis CMS,2024-03-25 08:55:40,Daily/2024/2024-03-25 - REGIS REPORT (25 MAR).html
1229,Daily,2024-03-26,REGIS REPORT (26 MAR),5,Regis CMS,2024-03-26 09:01:48,Regis CMS,2024-03-26 09:01:48,Daily/2024/2024-03-26 - REGIS REPORT (26 MAR).html
1228,Weekly,2024-03-27,REGIS Week in Review March 27 2024,10,Alejandro Molina,2024-03-26 08:56:58,Alejandro Molina,2024-03-26 08:56:58,Weekly/2024/2024-03-27 - REGIS Week in Review March 27 2024.html
1230,Daily,2024-03-27,REGIS REPORT (27 MAR),7,Regis CMS,2024-03-27 08:44:07,Regis CMS,2024-03-27 08:44:07,Daily/2024/2024-03-27 - REGIS REPORT (27 MAR).html
1231,Monthly,2024-04-01,REGIS: Month in Review - March 2024,5,Regis CMS,2023-06-06 07:46:56,Regis CMS,2024-04-01 08:37:17,Monthly/2024/2024-04-01 - REGIS- Month in Review - March 2024.html
1232,Daily,2024-04-01,REGIS REPORT (1 APR),3,Regis CMS,2024-04-01 08:47:18,Regis CMS,2024-04-01 08:47:18,Daily/2024/2024-04-01 - REGIS REPORT (1 APR).html
1233,Daily,2024-04-02,REGIS REPORT (2 APR),5,Regis CMS,2024-04-02 08:10:24,Regis CMS,2024-04-02 08:10:24,Daily/2024/2024-04-02 - REGIS REPORT (2 APR).html
1560,Daily,2024-04-02,REGIS REPORT (2 APR),10,Paolo Garcia,2025-04-02 09:17:35,Paolo Garcia,2025-04-02 09:17:35,Daily/2024/2024-04-02 - REGIS REPORT (2 APR) (id 1560).html
1234,Daily,2024-04-03,REGIS REPORT (3 APR),4,Regis CMS,2024-04-03 08:53:18,Regis CMS,2024-04-03 08:53:18,Daily/2024/2024-04-03 - REGIS REPORT (3 APR).html
1235,Daily,2024-04-04,REGIS REPORT (4 APR),6,Regis CMS,2024-04-04 09:03:19,Regis CMS,2024-04-04 09:03:19,Daily/2024/2024-04-04 - REGIS REPORT (4 APR).html
1236,Weekly,2024-04-05,REGIS Week in Review April 05 2024,11,Alejandro Molina,2024-04-04 13:18:25,Alejandro Molina,2024-04-04 13:18:25,Weekly/2024/2024-04-05 - REGIS Week in Review April 05 2024.html
1237,Daily,2024-04-05,REGIS REPORT (5 APR),7,Regis CMS,2024-04-05 08:57:49,Regis CMS,2024-04-05 08:57:49,Daily/2024/2024-04-05 - REGIS REPORT (5 APR).html
1238,Daily,2024-04-08,REGIS REPORT (8 APR),7,Regis CMS,2024-04-08 08:38:35,Regis CMS,2024-04-08 08:38:35,Daily/2024/2024-04-08 - REGIS REPORT (8 APR).html
1239,Daily,2024-04-11,REGIS REPORT (11 APR),8,Regis CMS,2024-04-11 08:59:09,Regis CMS,2024-04-11 08:59:09,Daily/2024/2024-04-11 - REGIS REPORT (11 APR).html
1240,Weekly,2024-04-12,REGIS Week in Review April 12 2024,9,Alejandro Molina,2024-04-11 13:11:46,Alejandro Molina,2024-04-11 13:11:46,Weekly/2024/2024-04-12 - REGIS Week in Review April 12 2024.html
1241,Daily,2024-04-12,REGIS REPORT (12 APR),5,Regis CMS,2024-04-12 09:05:44,Regis CMS,2024-04-12 09:05:44,Daily/2024/2024-04-12 - REGIS REPORT (12 APR).html
1242,Daily,2024-04-15,REGIS REPORT (15 APR),4,Regis CMS,2024-04-15 08:30:28,Regis CMS,2024-04-15 08:30:28,Daily/2024/2024-04-15 - REGIS REPORT (15 APR).html
1243,Daily,2024-04-16,REGIS REPORT (16 APR),5,Regis CMS,2024-04-16 09:15:34,Regis CMS,2024-04-16 09:15:34,Daily/2024/2024-04-16 - REGIS REPORT (16 APR).html
1244,Daily,2024-04-17,REGIS REPORT (17 APR),6,Regis CMS,2024-04-17 09:08:46,Regis CMS,2024-04-17 09:08:46,Daily/2024/2024-04-17 - REGIS REPORT (17 APR).html
1245,Daily,2024-04-18,REGIS REPORT (18 APR),4,Regis CMS,2024-04-18 08:44:18,Regis CMS,2024-04-18 08:44:18,Daily/2024/2024-04-18 - REGIS REPORT (18 APR).html
1246,Daily,2024-04-19,REGIS REPORT (19 APR),8,Regis CMS,2024-04-19 08:33:05,Regis CMS,2024-04-19 08:33:05,Daily/2024/2024-04-19 - REGIS REPORT (19 APR).html
1247,Weekly,2024-04-19,REGIS Week in Review April 19 2024,11,Alejandro Molina,2024-04-11 13:11:46,Regis CMS,2024-04-19 15:28:16,Weekly/2024/2024-04-19 - REGIS Week in Review April 19 2024.html
1250,Weekly,2024-04-19,Copy of REGIS Week in Review April 19 2024,9,Alejandro Molina,2024-04-11 13:11:46,Regis CMS,2024-04-19 15:28:16,Weekly/2024/2024-04-19 - Copy of REGIS Week in Review April 19 2024.html
1251,Daily,2024-04-22,REGIS REPORT (22 APR),7,Regis CMS,2024-04-22 08:26:05,Regis CMS,2024-04-22 08:26:05,Daily/2024/2024-04-22 - REGIS REPORT (22 APR).html
1253,Daily,2024-04-23,REGIS REPORT (23 APR),5,Regis CMS,2024-04-23 08:16:52,Regis CMS,2024-04-23 08:16:52,Daily/2024/2024-04-23 - REGIS REPORT (23 APR).html
1254,Daily,2024-04-24,REGIS REPORT (24 APR),5,Regis CMS,2024-04-24 08:29:27,Regis CMS,2024-04-24 08:29:27,Daily/2024/2024-04-24 - REGIS REPORT (24 APR).html
1255,Daily,2024-04-25,REGIS REPORT (25 APR),6,Regis CMS,2024-04-25 08:57:04,Regis CMS,2024-04-25 08:57:04,Daily/2024/2024-04-25 - REGIS REPORT (25 APR).html
1252,Weekly,2024-04-26,REGIS Week in Review April 26 2024,11,Alejandro Molina,2024-04-22 08:37:23,Alejandro Molina,2024-04-22 08:37:23,Weekly/2024/2024-04-26 - REGIS Week in Review April 26 2024.html
1256,Daily,2024-04-26,REGIS REPORT (26 APR),3,Regis CMS,2024-04-26 08:34:48,Regis CMS,2024-04-26 08:34:48,Daily/2024/2024-04-26 - REGIS REPORT (26 APR).html
1257,Monthly,2024-04-26,REGIS: Month in Review - April 2024,5,Regis CMS,2023-06-06 07:46:56,Regis CMS,2024-04-26 13:54:21,Monthly/2024/2024-04-26 - REGIS- Month in Review - April 2024.html
1258,Daily,2024-04-29,REGIS REPORT (29 APR),4,Regis CMS,2024-04-29 08:49:21,Regis CMS,2024-04-29 08:49:21,Daily/2024/2024-04-29 - REGIS REPORT (29 APR).html
1259,Daily,2024-04-30,REGIS REPORT (30 APR),7,Regis CMS,2024-04-30 08:40:38,Regis CMS,2024-04-30 08:40:38,Daily/2024/2024-04-30 - REGIS REPORT (30 APR).html
1261,Daily,2024-05-02,REGIS REPORT (2 MAY),6,Regis CMS,2024-05-02 08:28:24,Regis CMS,2024-05-02 08:28:24,Daily/2024/2024-05-02 - REGIS REPORT (2 MAY).html
1260,Weekly,2024-05-03,REGIS Week in Review May 3 2024,10,Alejandro Molina,2024-05-02 08:27:57,Alejandro Molina,2024-05-02 08:27:57,Weekly/2024/2024-05-03 - REGIS Week in Review May 3 2024.html
1262,Daily,2024-05-03,REGIS REPORT (3 MAY),10,Regis CMS,2024-05-03 08:46:13,Regis CMS,2024-05-03 08:46:13,Daily/2024/2024-05-03 - REGIS REPORT (3 MAY).html
1263,Daily,2024-05-06,REGIS REPORT (6 MAY),4,Regis CMS,2024-05-06 08:54:22,Regis CMS,2024-05-06 08:54:22,Daily/2024/2024-05-06 - REGIS REPORT (6 MAY).html
1264,Daily,2024-05-07,REGIS REPORT (7 MAY),4,Regis CMS,2024-05-07 09:06:18,Regis CMS,2024-05-07 09:06:18,Daily/2024/2024-05-07 - REGIS REPORT (7 MAY).html
1265,Daily,2024-05-08,REGIS REPORT (8 MAY),7,Regis CMS,2024-05-08 09:01:32,Regis CMS,2024-05-09 07:48:45,Daily/2024/2024-05-08 - REGIS REPORT (8 MAY).html
1266,Daily,2024-05-09,REGIS REPORT (9 MAY),7,Regis CMS,2024-05-09 01:14:27,Regis CMS,2024-05-09 08:55:55,Daily/2024/2024-05-09 - REGIS REPORT (9 MAY).html
1267,Weekly,2024-05-10,REGIS Week in Review May 10 2024,18,Mio Casano,2024-05-09 12:07:59,Mio Casano,2024-05-09 12:07:59,Weekly/2024/2024-05-10 - REGIS Week in Review May 10 2024.html
1268,Daily,2024-05-10,REGIS REPORT (10 MAY),4,Regis CMS,2024-05-10 08:54:04,Regis CMS,2024-05-10 08:54:04,Daily/2024/2024-05-10 - REGIS REPORT (10 MAY).html
1269,Daily,2024-05-13,REGIS REPORT (13 MAY),6,Regis CMS,2024-05-13 08:17:43,Regis CMS,2024-05-13 08:17:43,Daily/2024/2024-05-13 - REGIS REPORT (13 MAY).html
1270,Daily,2024-05-14,REGIS REPORT (14 MAY),8,Regis CMS,2024-05-14 09:36:28,Regis CMS,2024-05-14 09:36:28,Daily/2024/2024-05-14 - REGIS REPORT (14 MAY).html
1271,Daily,2024-05-15,REGIS REPORT (15 MAY),8,Regis CMS,2024-05-15 09:11:54,Regis CMS,2024-05-15 09:11:54,Daily/2024/2024-05-15 - REGIS REPORT (15 MAY).html
1273,Daily,2024-05-16,REGIS REPORT (16 MAY),9,Regis CMS,2024-05-16 08:53:08,Regis CMS,2024-05-16 08:53:08,Daily/2024/2024-05-16 - REGIS REPORT (16 MAY).html
1272,Weekly,2024-05-17,REGIS Week in Review May 17 2024,18,Mio Casano,2024-05-15 16:23:49,Alejandro Molina,2024-05-15 16:24:55,Weekly/2024/2024-05-17 - REGIS Week in Review May 17 2024.html
1274,Daily,2024-05-17,REGIS REPORT (17 MAY),6,Regis CMS,2024-05-17 08:59:08,Regis CMS,2024-05-17 08:59:08,Daily/2024/2024-05-17 - REGIS REPORT (17 MAY).html
1275,Daily,2024-05-20,REGIS REPORT (20 MAY),4,Regis CMS,2024-05-20 09:14:33,Regis CMS,2024-05-20 09:14:33,Daily/2024/2024-05-20 - REGIS REPORT (20 MAY).html
1276,Daily,2024-05-21,REGIS REPORT (21 MAY),5,Regis CMS,2024-05-21 09:09:54,Regis CMS,2024-05-21 09:09:54,Daily/2024/2024-05-21 - REGIS REPORT (21 MAY).html
1277,Daily,2024-05-22,REGIS REPORT (22 MAY),8,Regis CMS,2024-05-22 08:34:02,Regis CMS,2024-05-22 08:34:02,Daily/2024/2024-05-22 - REGIS REPORT (22 MAY).html
1278,Daily,2024-05-23,REGIS REPORT (23 MAY),5,Regis CMS,2024-05-23 09:16:57,Regis CMS,2024-05-23 09:16:57,Daily/2024/2024-05-23 - REGIS REPORT (23 MAY).html
1279,Weekly,2024-05-24,REGIS Week in Review May 24 2024,11,Mio Casano,2024-05-23 09:29:44,Mio Casano,2024-05-23 09:29:44,Weekly/2024/2024-05-24 - REGIS Week in Review May 24 2024.html
1280,Daily,2024-05-24,REGIS REPORT (24 MAY),5,Regis CMS,2024-05-24 09:05:44,Regis CMS,2024-05-24 09:05:44,Daily/2024/2024-05-24 - REGIS REPORT (24 MAY).html
1281,Daily,2024-05-24,Philippine Property - 1Q24 recap: residential presales rebound after three quarters of decline,0,Carl Sy,2024-05-24 16:55:49,Carl Sy,2024-05-24 16:55:49,Daily/2024/2024-05-24 - Philippine Property - 1Q24 recap- residential presales rebound after three quarters of decline.html
1282,Daily,2024-05-27,REGIS REPORT (27 MAY),5,Regis CMS,2024-05-27 08:23:54,Regis CMS,2024-05-27 08:23:54,Daily/2024/2024-05-27 - REGIS REPORT (27 MAY).html
1283,Daily,2024-05-28,REGIS REPORT (28 MAY),7,Regis CMS,2024-05-28 07:53:22,Regis CMS,2024-05-28 07:53:22,Daily/2024/2024-05-28 - REGIS REPORT (28 MAY).html
1284,Daily,2024-05-29,REGIS REPORT (29 MAY),2,Regis CMS,2024-05-29 08:52:48,Regis CMS,2024-05-29 08:52:48,Daily/2024/2024-05-29 - REGIS REPORT (29 MAY).html
1285,Monthly,2024-05-29,REGIS: Month in Review - May 2024,5,Regis CMS,2023-06-06 07:46:56,Regis CMS,2024-05-29 13:17:26,Monthly/2024/2024-05-29 - REGIS- Month in Review - May 2024.html
1288,Daily,2024-05-30,REGIS REPORT (30 MAY),5,Regis CMS,2024-05-30 08:52:20,Regis CMS,2024-05-30 08:52:20,Daily/2024/2024-05-30 - REGIS REPORT (30 MAY).html
1287,Weekly,2024-05-31,REGIS Week in Review May 31 2024,9,Mio Casano,2024-05-29 16:38:32,Mio Casano,2024-05-29 16:38:32,Weekly/2024/2024-05-31 - REGIS Week in Review May 31 2024.html
1289,Daily,2024-05-31,REGIS REPORT (31 MAY),4,Regis CMS,2024-05-31 09:11:48,Regis CMS,2024-05-31 09:11:48,Daily/2024/2024-05-31 - REGIS REPORT (31 MAY).html
1290,Daily,2024-06-03,REGIS REPORT (3 JUN),8,Regis CMS,2024-06-03 08:11:16,Regis CMS,2024-06-03 08:11:16,Daily/2024/2024-06-03 - REGIS REPORT (3 JUN).html
1291,Daily,2024-06-04,REGIS REPORT (4 JUN),4,Regis CMS,2024-06-04 08:58:20,Regis CMS,2024-06-04 08:58:20,Daily/2024/2024-06-04 - REGIS REPORT (4 JUN).html
1292,Daily,2024-06-05,REGIS REPORT (5 JUN),3,Regis CMS,2024-06-05 07:54:05,Regis CMS,2024-06-05 07:54:05,Daily/2024/2024-06-05 - REGIS REPORT (5 JUN).html
1294,Daily,2024-06-06,REGIS REPORT (6 JUN),6,Regis CMS,2024-06-06 09:00:16,Regis CMS,2024-06-06 09:00:16,Daily/2024/2024-06-06 - REGIS REPORT (6 JUN).html
1293,Weekly,2024-06-07,REGIS Week in Review June 7 2024,10,Mio Casano,2024-06-05 09:12:11,Mio Casano,2024-06-05 09:12:31,Weekly/2024/2024-06-07 - REGIS Week in Review June 7 2024.html
1295,Daily,2024-06-07,REGIS REPORT (7 JUN),3,Regis CMS,2024-06-07 08:04:39,Regis CMS,2024-06-07 08:04:39,Daily/2024/2024-06-07 - REGIS REPORT (7 JUN).html
1296,Daily,2024-06-10,REGIS REPORT (10 JUN),5,Klyne Resullar,2024-06-10 08:55:06,Klyne Resullar,2024-06-10 08:55:06,Daily/2024/2024-06-10 - REGIS REPORT (10 JUN).html
1297,Daily,2024-06-11,REGIS REPORT (11 JUN),4,Regis CMS,2024-06-11 08:51:15,Regis CMS,2024-06-11 08:51:15,Daily/2024/2024-06-11 - REGIS REPORT (11 JUN).html
1299,Daily,2024-06-13,REGIS REPORT (13 JUN),8,Regis CMS,2024-06-13 08:10:09,Regis CMS,2024-06-13 08:10:09,Daily/2024/2024-06-13 - REGIS REPORT (13 JUN).html
1298,Weekly,2024-06-14,REGIS Week in Review June 14 2024,11,Mio Casano,2024-06-11 12:35:40,Mio Casano,2024-06-11 12:35:40,Weekly/2024/2024-06-14 - REGIS Week in Review June 14 2024.html
1300,Daily,2024-06-14,REGIS REPORT (14 JUN),4,Regis CMS,2024-06-14 08:51:19,Regis CMS,2024-06-14 08:51:19,Daily/2024/2024-06-14 - REGIS REPORT (14 JUN).html
1301,Daily,2024-06-18,REGIS REPORT (18 JUN),6,Regis CMS,2024-06-18 09:02:35,Regis CMS,2024-06-18 09:02:35,Daily/2024/2024-06-18 - REGIS REPORT (18 JUN).html
1302,Daily,2024-06-19,REGIS REPORT (19 JUN),6,Regis CMS,2024-06-19 08:39:32,Regis CMS,2024-06-19 08:39:32,Daily/2024/2024-06-19 - REGIS REPORT (19 JUN).html
1304,Daily,2024-06-20,REGIS REPORT (20 JUN),5,Regis CMS,2024-06-20 08:53:23,Regis CMS,2024-06-20 08:53:23,Daily/2024/2024-06-20 - REGIS REPORT (20 JUN).html
1303,Weekly,2024-06-21,REGIS Week in Review June 21 2024,10,Mio Casano,2024-06-19 09:06:21,Mio Casano,2024-06-19 09:06:21,Weekly/2024/2024-06-21 - REGIS Week in Review June 21 2024.html
1305,Daily,2024-06-21,REGIS REPORT (21 JUN),6,Regis CMS,2024-06-21 07:54:22,Regis CMS,2024-06-21 07:54:22,Daily/2024/2024-06-21 - REGIS REPORT (21 JUN).html
1306,Daily,2024-06-24,REGIS REPORT (24 JUN),0,Regis CMS,2024-06-24 08:33:08,Regis CMS,2024-06-24 08:33:08,Daily/2024/2024-06-24 - REGIS REPORT (24 JUN).html
1307,Daily,2024-06-24,REGIS REPORT (24 JUN),6,Regis CMS,2024-06-24 08:34:57,Regis CMS,2024-06-24 08:34:57,Daily/2024/2024-06-24 - REGIS REPORT (24 JUN) (id 1307).html
1308,Daily,2024-06-25,REGIS REPORT (25 JUN),8,Regis CMS,2024-06-25 08:39:31,Regis CMS,2024-06-25 08:39:31,Daily/2024/2024-06-25 - REGIS REPORT (25 JUN).html
1309,Daily,2024-06-26,REGIS REPORT (26 JUN),7,Regis CMS,2024-06-26 08:57:51,Regis CMS,2024-06-26 08:57:51,Daily/2024/2024-06-26 - REGIS REPORT (26 JUN).html
1310,Daily,2024-06-27,REGIS REPORT (27 JUN),4,Regis CMS,2024-06-27 08:47:10,Regis CMS,2024-06-27 08:47:10,Daily/2024/2024-06-27 - REGIS REPORT (27 JUN).html
1311,Weekly,2024-06-28,REGIS Week in Review June 28 2024,10,Mio Casano,2024-06-27 13:17:37,Mio Casano,2024-06-27 13:17:37,Weekly/2024/2024-06-28 - REGIS Week in Review June 28 2024.html
1312,Daily,2024-06-28,REGIS REPORT (28 JUN),7,Regis CMS,2024-06-28 08:05:53,Regis CMS,2024-06-28 08:05:53,Daily/2024/2024-06-28 - REGIS REPORT (28 JUN).html
1313,Daily,2024-07-01,REGIS REPORT (1 JUL),8,Regis CMS,2024-07-01 08:54:15,Regis CMS,2024-07-01 08:54:15,Daily/2024/2024-07-01 - REGIS REPORT (1 JUL).html
1314,Monthly,2024-07-01,REGIS: Month in Review - June 2024,5,Regis CMS,2023-06-06 07:46:56,Regis CMS,2024-07-01 08:58:50,Monthly/2024/2024-07-01 - REGIS- Month in Review - June 2024.html
1315,Daily,2024-07-02,REGIS REPORT (2 JUL),6,Regis CMS,2024-07-02 08:43:13,Regis CMS,2024-07-02 08:43:13,Daily/2024/2024-07-02 - REGIS REPORT (2 JUL).html
1316,Daily,2024-07-03,REGIS REPORT (3 JUL),6,Regis CMS,2024-07-03 08:28:34,Regis CMS,2024-07-03 08:28:34,Daily/2024/2024-07-03 - REGIS REPORT (3 JUL).html
1318,Weekly,2024-07-04,JFC CALL,2,Mio Casano,2024-06-27 13:17:37,Regis CMS,2024-07-04 09:06:38,Weekly/2024/2024-07-04 - JFC CALL.html
1320,Daily,2024-07-04,REGIS REPORT (4 JUL),7,Regis CMS,2024-07-04 09:23:16,Regis CMS,2024-07-04 09:23:16,Daily/2024/2024-07-04 - REGIS REPORT (4 JUL).html
1319,Weekly,2024-07-05,REGIS Week in Review July 5 2024,10,Mio Casano,2024-07-04 09:03:12,Mio Casano,2024-07-04 09:03:12,Weekly/2024/2024-07-05 - REGIS Week in Review July 5 2024.html
1321,Daily,2024-07-05,REGIS REPORT (5 JUL),6,Regis CMS,2024-07-05 08:20:40,Regis CMS,2024-07-05 08:20:40,Daily/2024/2024-07-05 - REGIS REPORT (5 JUL).html
1322,Daily,2024-07-08,REGIS REPORT (8 JUL),6,Regis CMS,2024-07-08 09:02:36,Regis CMS,2024-07-08 09:02:36,Daily/2024/2024-07-08 - REGIS REPORT (8 JUL).html
1324,Daily,2024-07-09,REGIS REPORT (9 JUL),5,Regis CMS,2024-07-09 08:25:19,Regis CMS,2024-07-10 08:33:23,Daily/2024/2024-07-09 - REGIS REPORT (9 JUL).html
1325,Daily,2024-07-10,REGIS REPORT (10 JUL),5,Regis CMS,2024-07-10 08:33:45,Regis CMS,2024-07-10 08:33:45,Daily/2024/2024-07-10 - REGIS REPORT (10 JUL).html
1327,Daily,2024-07-11,REGIS REPORT (11 JUL),9,Regis CMS,2024-07-11 08:57:31,Regis CMS,2024-07-11 08:57:31,Daily/2024/2024-07-11 - REGIS REPORT (11 JUL).html
1326,Weekly,2024-07-12,REGIS Week in Review July 12 2024,9,Mio Casano,2024-07-10 09:15:43,Mio Casano,2024-07-10 09:15:43,Weekly/2024/2024-07-12 - REGIS Week in Review July 12 2024.html
1328,Daily,2024-07-12,REGIS REPORT (12 JUL),4,Regis CMS,2024-07-12 08:16:43,Regis CMS,2024-07-12 08:16:43,Daily/2024/2024-07-12 - REGIS REPORT (12 JUL).html
1329,Daily,2024-07-15,REGIS REPORT (15 JUL),9,Regis CMS,2024-07-15 08:32:11,Regis CMS,2024-07-15 08:32:11,Daily/2024/2024-07-15 - REGIS REPORT (15 JUL).html
1331,Daily,2024-07-16,REGIS REPORT (16 JUL),5,Regis CMS,2024-07-16 08:41:18,Regis CMS,2024-07-16 08:41:18,Daily/2024/2024-07-16 - REGIS REPORT (16 JUL).html
1332,Daily,2024-07-17,REGIS REPORT (17 JUL),4,Regis CMS,2024-07-17 08:46:36,Regis CMS,2024-07-17 08:46:36,Daily/2024/2024-07-17 - REGIS REPORT (17 JUL).html
1333,Daily,2024-07-18,REGIS REPORT (18 JUL),6,Regis CMS,2024-07-18 08:39:18,Regis CMS,2024-07-18 08:39:18,Daily/2024/2024-07-18 - REGIS REPORT (18 JUL).html
1330,Weekly,2024-07-19,REGIS Week in Review July 19 2024,11,Mio Casano,2024-07-16 08:40:59,Mio Casano,2024-07-16 08:40:59,Weekly/2024/2024-07-19 - REGIS Week in Review July 19 2024.html
1334,Daily,2024-07-19,REGIS REPORT (19 JUL),4,Regis CMS,2024-07-19 08:32:09,Regis CMS,2024-07-19 08:32:09,Daily/2024/2024-07-19 - REGIS REPORT (19 JUL).html
1335,Daily,2024-07-22,REGIS REPORT (22 JUL),8,Regis CMS,2024-07-22 08:28:28,Regis CMS,2024-07-22 08:28:28,Daily/2024/2024-07-22 - REGIS REPORT (22 JUL).html
1336,Daily,2024-07-23,REGIS REPORT (23 JUL),5,Regis CMS,2024-07-23 08:49:56,Regis CMS,2024-07-23 08:49:56,Daily/2024/2024-07-23 - REGIS REPORT (23 JUL).html
1337,Daily,2024-07-24,REGIS REPORT (24 JUL),4,Regis CMS,2024-07-24 08:05:52,Regis CMS,2024-07-24 08:05:52,Daily/2024/2024-07-24 - REGIS REPORT (24 JUL).html
1338,Daily,2024-07-25,REGIS REPORT (25 JUL),6,Regis CMS,2024-07-25 08:42:46,Regis CMS,2024-07-25 08:42:46,Daily/2024/2024-07-25 - REGIS REPORT (25 JUL).html
1339,Weekly,2024-07-26,REGIS Week in Review July 26 2024,10,Mio Casano,2024-07-25 08:51:43,Mio Casano,2024-07-25 08:51:43,Weekly/2024/2024-07-26 - REGIS Week in Review July 26 2024.html
1340,Daily,2024-07-26,REGIS REPORT (26 JUL),8,Regis CMS,2024-07-26 08:13:16,Regis CMS,2024-07-26 08:13:16,Daily/2024/2024-07-26 - REGIS REPORT (26 JUL).html
1341,Daily,2024-07-29,REGIS REPORT (29 JUL),5,Regis CMS,2024-07-29 08:23:45,Regis CMS,2024-07-29 08:23:45,Daily/2024/2024-07-29 - REGIS REPORT (29 JUL).html
1342,Daily,2024-07-30,REGIS REPORT (30 JUL),6,Regis CMS,2024-07-30 09:02:26,Regis CMS,2024-07-30 09:02:26,Daily/2024/2024-07-30 - REGIS REPORT (30 JUL).html
1344,Daily,2024-07-31,REGIS REPORT (31 JUL),6,Regis CMS,2024-07-31 08:52:16,Regis CMS,2024-07-31 08:52:16,Daily/2024/2024-07-31 - REGIS REPORT (31 JUL).html
1345,Daily,2024-08-01,REGIS REPORT (1 AUG),7,Regis CMS,2024-08-01 09:01:57,Regis CMS,2024-08-01 09:01:57,Daily/2024/2024-08-01 - REGIS REPORT (1 AUG).html
1346,Monthly,2024-08-01,REGIS: Month in Review - July 2024,5,Regis CMS,2023-06-06 07:46:56,Regis CMS,2024-08-01 13:44:50,Monthly/2024/2024-08-01 - REGIS- Month in Review - July 2024.html
1343,Weekly,2024-08-02,REGIS Week in Review August 2 2024,12,Mio Casano,2024-07-30 09:21:26,Mio Casano,2024-07-30 09:21:26,Weekly/2024/2024-08-02 - REGIS Week in Review August 2 2024.html
1347,Daily,2024-08-02,REGIS REPORT (2 AUG),3,Regis CMS,2024-08-02 08:35:05,Regis CMS,2024-08-02 08:35:05,Daily/2024/2024-08-02 - REGIS REPORT (2 AUG).html
1348,Daily,2024-08-05,REGIS REPORT (5 AUG),6,Regis CMS,2024-08-05 08:36:32,Regis CMS,2024-08-05 08:36:32,Daily/2024/2024-08-05 - REGIS REPORT (5 AUG).html
1349,Daily,2024-08-06,REGIS REPORT (6 AUG),6,Regis CMS,2024-08-06 08:52:35,Regis CMS,2024-08-06 08:52:35,Daily/2024/2024-08-06 - REGIS REPORT (6 AUG).html
1350,Daily,2024-08-07,REGIS REPORT (7 AUG),5,Regis CMS,2024-08-07 08:56:51,Regis CMS,2024-08-07 08:56:51,Daily/2024/2024-08-07 - REGIS REPORT (7 AUG).html
1353,Daily,2024-08-08,REGIS REPORT (8 AUG),8,Regis CMS,2024-08-08 09:31:55,Regis CMS,2024-08-08 09:31:55,Daily/2024/2024-08-08 - REGIS REPORT (8 AUG).html
1352,Weekly,2024-08-09,REGIS Week in Review August 9 2024,21,Mio Casano,2024-08-08 09:13:52,Mio Casano,2024-08-08 09:13:52,Weekly/2024/2024-08-09 - REGIS Week in Review August 9 2024.html
1354,Daily,2024-08-09,REGIS REPORT (9 AUG),5,Regis CMS,2024-08-09 09:09:56,Regis CMS,2024-08-09 09:09:56,Daily/2024/2024-08-09 - REGIS REPORT (9 AUG).html
1355,Daily,2024-08-12,REGIS REPORT (12 AUG),4,Regis CMS,2024-08-12 08:46:50,Regis CMS,2024-08-12 08:46:50,Daily/2024/2024-08-12 - REGIS REPORT (12 AUG).html
1356,Daily,2024-08-13,REGIS REPORT (13 AUG),5,Regis CMS,2024-08-13 09:17:02,Regis CMS,2024-08-13 09:17:02,Daily/2024/2024-08-13 - REGIS REPORT (13 AUG).html
1358,Daily,2024-08-14,REGIS REPORT (14 AUG),5,Regis CMS,2024-08-14 08:40:38,Regis CMS,2024-08-14 08:40:38,Daily/2024/2024-08-14 - REGIS REPORT (14 AUG).html
1359,Daily,2024-08-15,REGIS REPORT (15 AUG),8,Regis CMS,2024-08-15 09:18:10,Regis CMS,2024-08-15 09:18:10,Daily/2024/2024-08-15 - REGIS REPORT (15 AUG).html
1357,Weekly,2024-08-16,REGIS Week in Review August 16 2024,17,Mio Casano,2024-08-13 16:22:49,Mio Casano,2024-08-13 16:22:49,Weekly/2024/2024-08-16 - REGIS Week in Review August 16 2024.html
1360,Daily,2024-08-16,REGIS REPORT (16 AUG),6,Regis CMS,2024-08-16 08:59:36,Regis CMS,2024-08-16 08:59:36,Daily/2024/2024-08-16 - REGIS REPORT (16 AUG).html
1361,Daily,2024-08-19,REGIS REPORT (19 AUG),7,Regis CMS,2024-08-19 08:40:45,Regis CMS,2024-08-19 08:40:45,Daily/2024/2024-08-19 - REGIS REPORT (19 AUG).html
1362,Daily,2024-08-20,REGIS REPORT (20 AUG),8,Regis CMS,2024-08-20 08:52:23,Regis CMS,2024-08-20 08:52:23,Daily/2024/2024-08-20 - REGIS REPORT (20 AUG).html
1363,Daily,2024-08-21,REGIS REPORT (21 AUG),4,Regis CMS,2024-08-21 08:31:37,Regis CMS,2024-08-21 08:31:37,Daily/2024/2024-08-21 - REGIS REPORT (21 AUG).html
1364,Daily,2024-08-22,REGIS REPORT (22 AUG),6,Regis CMS,2024-08-22 08:39:32,Regis CMS,2024-08-22 08:39:32,Daily/2024/2024-08-22 - REGIS REPORT (22 AUG).html
1365,Weekly,2024-08-22,REGIS Week in Review August 22 2024,10,Mio Casano,2024-08-22 10:54:48,Mio Casano,2024-08-22 10:54:48,Weekly/2024/2024-08-22 - REGIS Week in Review August 22 2024.html
1366,Daily,2024-08-27,REGIS REPORT (27 AUG),5,Regis CMS,2024-08-27 08:38:57,Regis CMS,2024-08-27 08:38:57,Daily/2024/2024-08-27 - REGIS REPORT (27 AUG).html
1367,Daily,2024-08-28,REGIS REPORT (28 AUG),5,Regis CMS,2024-08-28 08:32:08,Regis CMS,2024-08-28 08:32:08,Daily/2024/2024-08-28 - REGIS REPORT (28 AUG).html
1368,Daily,2024-08-29,REGIS REPORT (29 AUG),4,Klyne Resullar,2024-08-29 08:52:23,Klyne Resullar,2024-08-29 08:52:23,Daily/2024/2024-08-29 - REGIS REPORT (29 AUG).html
1369,Weekly,2024-08-30,REGIS Week in Review August 30 2024,8,Mio Casano,2024-08-30 08:36:24,Mio Casano,2024-08-30 08:36:24,Weekly/2024/2024-08-30 - REGIS Week in Review August 30 2024.html
1370,Daily,2024-08-30,REGIS REPORT (30 AUG),4,Regis CMS,2024-08-30 08:37:20,Regis CMS,2024-08-30 08:37:20,Daily/2024/2024-08-30 - REGIS REPORT (30 AUG).html
1371,Monthly,2024-09-02,REGIS: Month in Review - Aug 2024,5,Regis CMS,2023-06-06 07:46:56,Regis CMS,2024-09-02 08:31:15,Monthly/2024/2024-09-02 - REGIS- Month in Review - Aug 2024.html
1372,Daily,2024-09-02,REGIS REPORT (2 SEP),5,Regis CMS,2024-09-02 08:47:34,Regis CMS,2024-09-02 08:47:34,Daily/2024/2024-09-02 - REGIS REPORT (2 SEP).html
1373,Daily,2024-09-03,REGIS REPORT (3 SEP),6,Regis CMS,2024-09-03 08:20:44,Regis CMS,2024-09-03 08:20:44,Daily/2024/2024-09-03 - REGIS REPORT (3 SEP).html
1374,Daily,2024-09-04,REGIS REPORT (4 SEP),7,Regis CMS,2024-09-04 08:24:12,Regis CMS,2024-09-04 08:24:12,Daily/2024/2024-09-04 - REGIS REPORT (4 SEP).html
1375,Daily,2024-09-05,REGIS REPORT (5 SEP),4,Regis CMS,2024-09-05 08:58:30,Regis CMS,2024-09-05 08:58:30,Daily/2024/2024-09-05 - REGIS REPORT (5 SEP).html
1376,Weekly,2024-09-06,REGIS Week in Review September 6 2024,9,Mio Casano,2024-09-05 09:00:15,Mio Casano,2024-09-05 09:00:15,Weekly/2024/2024-09-06 - REGIS Week in Review September 6 2024.html
1377,Daily,2024-09-06,REGIS REPORT (6 SEP),5,Regis CMS,2024-09-06 08:33:11,Regis CMS,2024-09-06 08:33:11,Daily/2024/2024-09-06 - REGIS REPORT (6 SEP).html
1378,Daily,2024-09-09,REGIS REPORT (9 SEP),5,Regis CMS,2024-09-09 08:46:27,Regis CMS,2024-09-09 08:46:27,Daily/2024/2024-09-09 - REGIS REPORT (9 SEP).html
1379,Daily,2024-09-10,REGIS REPORT (10 SEP),7,Regis CMS,2024-09-10 08:54:07,Regis CMS,2024-09-10 08:54:07,Daily/2024/2024-09-10 - REGIS REPORT (10 SEP).html
1380,Daily,2024-09-11,REGIS REPORT (11 SEP),6,Regis CMS,2024-09-11 08:38:52,Regis CMS,2024-09-11 08:38:52,Daily/2024/2024-09-11 - REGIS REPORT (11 SEP).html
1382,Daily,2024-09-12,REGIS REPORT (12 SEP),6,Regis CMS,2024-09-12 08:38:47,Regis CMS,2024-09-12 08:38:47,Daily/2024/2024-09-12 - REGIS REPORT (12 SEP).html
1381,Weekly,2024-09-13,REGIS Week in Review September 13 2024,8,Mio Casano,2024-09-12 08:33:32,Mio Casano,2024-09-12 08:33:32,Weekly/2024/2024-09-13 - REGIS Week in Review September 13 2024.html
1383,Daily,2024-09-13,REGIS REPORT (13 SEP),5,Regis CMS,2024-09-13 08:50:28,Regis CMS,2024-09-13 08:50:28,Daily/2024/2024-09-13 - REGIS REPORT (13 SEP).html
1384,Daily,2024-09-16,REGIS REPORT (16 SEP),7,Regis CMS,2024-09-16 08:31:38,Regis CMS,2024-09-16 08:31:38,Daily/2024/2024-09-16 - REGIS REPORT (16 SEP).html
1385,Daily,2024-09-17,REGIS REPORT (17 SEP),6,Regis CMS,2024-09-17 08:54:12,Regis CMS,2024-09-17 08:54:12,Daily/2024/2024-09-17 - REGIS REPORT (17 SEP).html
1386,Daily,2024-09-18,REGIS REPORT (18 SEP),4,Regis CMS,2024-09-18 08:50:47,Regis CMS,2024-09-18 08:50:47,Daily/2024/2024-09-18 - REGIS REPORT (18 SEP).html
1387,Daily,2024-09-19,REGIS REPORT (19 SEP),2,Regis CMS,2024-09-19 08:59:19,Regis CMS,2024-09-19 08:59:19,Daily/2024/2024-09-19 - REGIS REPORT (19 SEP).html
1388,Weekly,2024-09-20,REGIS Week in Review September 20 2024,10,Mio Casano,2024-09-19 16:07:36,Mio Casano,2024-09-19 16:07:36,Weekly/2024/2024-09-20 - REGIS Week in Review September 20 2024.html
1389,Daily,2024-09-20,REGIS REPORT (20 SEP),5,Regis CMS,2024-09-20 08:52:49,Regis CMS,2024-09-20 08:52:49,Daily/2024/2024-09-20 - REGIS REPORT (20 SEP).html
1390,Daily,2024-09-23,REGIS REPORT (23 SEP),6,Regis CMS,2024-09-23 08:27:01,Regis CMS,2024-09-23 08:27:01,Daily/2024/2024-09-23 - REGIS REPORT (23 SEP).html
1391,Daily,2024-09-24,REGIS REPORT (24 SEP),4,Regis CMS,2024-09-24 09:12:35,Regis CMS,2024-09-24 09:12:35,Daily/2024/2024-09-24 - REGIS REPORT (24 SEP).html
1392,Daily,2024-09-25,REGIS REPORT (25 SEP),6,Regis CMS,2024-09-25 08:49:04,Regis CMS,2024-09-25 08:49:04,Daily/2024/2024-09-25 - REGIS REPORT (25 SEP).html
1394,Daily,2024-09-26,REGIS REPORT (26 SEP),7,Regis CMS,2024-09-26 08:43:11,Regis CMS,2024-09-26 08:43:11,Daily/2024/2024-09-26 - REGIS REPORT (26 SEP).html
1393,Weekly,2024-09-27,REGIS Week in Review September 27 2024,10,Mio Casano,2024-09-25 08:59:43,Mio Casano,2024-09-25 08:59:43,Weekly/2024/2024-09-27 - REGIS Week in Review September 27 2024.html
1395,Daily,2024-09-27,REGIS REPORT (27 SEP),6,Regis CMS,2024-09-27 08:35:34,Regis CMS,2024-09-27 08:35:34,Daily/2024/2024-09-27 - REGIS REPORT (27 SEP).html
1396,Daily,2024-09-30,REGIS REPORT (30 SEP),6,Regis CMS,2024-09-30 08:28:35,Regis CMS,2024-09-30 08:28:35,Daily/2024/2024-09-30 - REGIS REPORT (30 SEP).html
1397,Daily,2024-10-01,REGIS REPORT (1 OCT),7,Regis CMS,2024-10-01 08:43:55,Regis CMS,2024-10-01 08:43:55,Daily/2024/2024-10-01 - REGIS REPORT (1 OCT).html
1398,Monthly,2024-10-02,REGIS: Month in Review - Sep 2024,5,Regis CMS,2023-06-06 07:46:56,Regis CMS,2024-10-02 08:27:55,Monthly/2024/2024-10-02 - REGIS- Month in Review - Sep 2024.html
1399,Daily,2024-10-02,REGIS REPORT (2 OCT),5,Regis CMS,2024-10-02 09:00:15,Regis CMS,2024-10-02 09:00:15,Daily/2024/2024-10-02 - REGIS REPORT (2 OCT).html
1400,Daily,2024-10-03,REGIS REPORT (3 OCT),8,Regis CMS,2024-10-03 08:42:16,Regis CMS,2024-10-03 08:42:16,Daily/2024/2024-10-03 - REGIS REPORT (3 OCT).html
1401,Daily,2024-10-04,REGIS REPORT (4 OCT),5,Regis CMS,2024-10-04 09:15:31,Regis CMS,2024-10-04 09:15:31,Daily/2024/2024-10-04 - REGIS REPORT (4 OCT).html
1402,Weekly,2024-10-04,REGIS Week in Review October 4 2024,8,Mio Casano,2024-10-04 15:50:11,Mio Casano,2024-10-04 15:50:11,Weekly/2024/2024-10-04 - REGIS Week in Review October 4 2024.html
1403,Daily,2024-10-07,REGIS REPORT (7 OCT),6,Regis CMS,2024-10-07 08:30:41,Regis CMS,2024-10-07 08:30:41,Daily/2024/2024-10-07 - REGIS REPORT (7 OCT).html
1404,Daily,2024-10-08,REGIS REPORT (8 OCT),8,Regis CMS,2024-10-08 08:56:43,Regis CMS,2024-10-08 08:56:43,Daily/2024/2024-10-08 - REGIS REPORT (8 OCT).html
1406,Daily,2024-10-09,REGIS REPORT (9 OCT),10,Regis CMS,2024-10-09 08:37:02,Regis CMS,2024-10-09 08:37:02,Daily/2024/2024-10-09 - REGIS REPORT (9 OCT).html
1407,Daily,2024-10-10,REGIS REPORT (10 OCT),7,Regis CMS,2024-10-10 08:42:34,Regis CMS,2024-10-10 08:42:34,Daily/2024/2024-10-10 - REGIS REPORT (10 OCT).html
1405,Weekly,2024-10-11,REGIS Week in Review October 11 2024,9,Mio Casano,2024-10-08 10:32:37,Mio Casano,2024-10-08 10:33:49,Weekly/2024/2024-10-11 - REGIS Week in Review October 11 2024.html
1408,Daily,2024-10-11,REGIS REPORT (11 OCT),6,Klyne Resullar,2024-10-11 08:47:22,Klyne Resullar,2024-10-11 08:47:22,Daily/2024/2024-10-11 - REGIS REPORT (11 OCT).html
1409,Daily,2024-10-14,REGIS REPORT (14 OCT),6,Regis CMS,2024-10-14 08:34:32,Regis CMS,2024-10-14 08:34:32,Daily/2024/2024-10-14 - REGIS REPORT (14 OCT).html
1410,Daily,2024-10-15,REGIS REPORT (15 OCT),7,Regis CMS,2024-10-15 08:31:25,Regis CMS,2024-10-15 08:31:25,Daily/2024/2024-10-15 - REGIS REPORT (15 OCT).html
1411,Daily,2024-10-16,REGIS REPORT (16 OCT),6,Regis CMS,2024-10-16 08:38:35,Regis CMS,2024-10-16 08:38:35,Daily/2024/2024-10-16 - REGIS REPORT (16 OCT).html
1412,Daily,2024-10-17,REGIS REPORT (17 OCT),6,Regis CMS,2024-10-17 08:58:11,Regis CMS,2024-10-17 08:58:11,Daily/2024/2024-10-17 - REGIS REPORT (17 OCT).html
1413,Weekly,2024-10-18,REGIS Week in Review October 18 2024,9,Mio Casano,2024-10-17 13:11:14,Mio Casano,2024-10-17 13:11:14,Weekly/2024/2024-10-18 - REGIS Week in Review October 18 2024.html
1414,Daily,2024-10-18,REGIS REPORT (18 OCT),5,Regis CMS,2024-10-18 09:23:54,Regis CMS,2024-10-18 09:23:54,Daily/2024/2024-10-18 - REGIS REPORT (18 OCT).html
1415,Daily,2024-10-21,RGIS REPORT (21 OCT),5,Regis CMS,2024-10-21 08:36:32,Regis CMS,2024-10-21 08:36:32,Daily/2024/2024-10-21 - RGIS REPORT (21 OCT).html
1416,Daily,2024-10-22,REGIS REPORT (22 OCT),4,Regis CMS,2024-10-22 08:32:57,Regis CMS,2024-10-22 08:32:57,Daily/2024/2024-10-22 - REGIS REPORT (22 OCT).html
1417,Daily,2024-10-23,REGIS REPORT (23 OCT),4,Regis CMS,2024-10-23 07:36:09,Regis CMS,2024-10-23 07:36:09,Daily/2024/2024-10-23 - REGIS REPORT (23 OCT).html
1418,Daily,2024-10-24,REGIS REPORT (24 OCT),5,Regis CMS,2024-10-24 07:56:08,Regis CMS,2024-10-24 07:56:08,Daily/2024/2024-10-24 - REGIS REPORT (24 OCT).html
1419,Weekly,2024-10-25,REGIS Week in Review October 25 2024,9,Mio Casano,2024-10-25 07:44:55,Mio Casano,2024-10-25 07:44:55,Weekly/2024/2024-10-25 - REGIS Week in Review October 25 2024.html
1420,Daily,2024-10-25,REGIS REPORT (25 OCT),4,Regis CMS,2024-10-24 07:56:08,Regis CMS,2024-10-25 10:37:08,Daily/2024/2024-10-25 - REGIS REPORT (25 OCT).html
1421,Daily,2024-10-28,REGIS REPORT (28 OCT),4,Regis CMS,2024-10-28 08:40:38,Regis CMS,2024-10-28 08:40:38,Daily/2024/2024-10-28 - REGIS REPORT (28 OCT).html
1422,Daily,2024-10-29,REGIS REPORT (29 OCT),4,Regis CMS,2024-10-29 09:25:20,Regis CMS,2024-10-29 09:25:20,Daily/2024/2024-10-29 - REGIS REPORT (29 OCT).html
1423,Daily,2024-10-30,REGIS REPORT (30 OCT),6,Regis CMS,2024-10-30 08:49:21,Regis CMS,2024-10-30 08:49:21,Daily/2024/2024-10-30 - REGIS REPORT (30 OCT).html
1424,Daily,2024-10-31,REGIS REPORT (31 OCT),3,Regis CMS,2024-10-31 09:07:40,Regis CMS,2024-10-31 09:07:40,Daily/2024/2024-10-31 - REGIS REPORT (31 OCT).html
1425,Weekly,2024-10-31,REGIS Week in Review October 31 2024,10,Mio Casano,2024-10-31 09:43:35,Mio Casano,2024-10-31 09:43:35,Weekly/2024/2024-10-31 - REGIS Week in Review October 31 2024.html
1426,Monthly,2024-10-31,REGIS: Month in Review - Oct 2024,5,Regis CMS,2023-06-06 07:46:56,Regis CMS,2024-10-31 16:06:01,Monthly/2024/2024-10-31 - REGIS- Month in Review - Oct 2024.html
1427,Daily,2024-11-04,REGIS REPORT (4 NOV),7,Regis CMS,2024-11-04 08:42:32,Regis CMS,2024-11-04 08:42:32,Daily/2024/2024-11-04 - REGIS REPORT (4 NOV).html
1428,Monthly,2024-11-04,REGIS: Month in Review - OCT 2024 - new,5,Regis CMS,2023-06-06 07:46:56,Regis CMS,2024-11-04 17:22:20,Monthly/2024/2024-11-04 - REGIS- Month in Review - OCT 2024 - new.html
1429,Daily,2024-11-05,REGIS REPORT (5 NOV),3,Regis CMS,2024-11-05 08:55:19,Regis CMS,2024-11-05 08:55:19,Daily/2024/2024-11-05 - REGIS REPORT (5 NOV).html
1430,Daily,2024-11-06,REGIS REPORT (6 NOV),7,Regis CMS,2024-11-06 09:23:54,Regis CMS,2024-11-06 09:23:54,Daily/2024/2024-11-06 - REGIS REPORT (6 NOV).html
1431,Daily,2024-11-07,REGIS REPORT (7 NOV),5,Regis CMS,2024-11-07 09:08:51,Regis CMS,2024-11-07 09:08:51,Daily/2024/2024-11-07 - REGIS REPORT (7 NOV).html
1432,Weekly,2024-11-08,REGIS Week in Review November 8 2024,17,Mio Casano,2024-11-07 09:12:40,Mio Casano,2024-11-07 09:12:40,Weekly/2024/2024-11-08 - REGIS Week in Review November 8 2024.html
1433,Daily,2024-11-08,REGIS REPORT (8 NOV),7,Regis CMS,2024-11-08 09:13:07,Regis CMS,2024-11-08 09:13:07,Daily/2024/2024-11-08 - REGIS REPORT (8 NOV).html
1434,Daily,2024-11-11,REGIS REPORT (11 NOV),6,Regis CMS,2024-11-11 09:08:10,Regis CMS,2024-11-11 09:08:10,Daily/2024/2024-11-11 - REGIS REPORT (11 NOV).html
1435,Daily,2024-11-12,REGIS REPORT (12 NOV),3,Regis CMS,2024-11-12 09:10:51,Regis CMS,2024-11-12 09:10:51,Daily/2024/2024-11-12 - REGIS REPORT (12 NOV).html
1436,Daily,2024-11-13,REGIS REPORT (13 NOV),4,Regis CMS,2024-11-13 08:52:39,Regis CMS,2024-11-13 08:52:39,Daily/2024/2024-11-13 - REGIS REPORT (13 NOV).html
1437,Daily,2024-11-14,REGIS REPORT (14 NOV),6,Regis CMS,2024-11-14 09:49:19,Regis CMS,2024-11-14 09:49:19,Daily/2024/2024-11-14 - REGIS REPORT (14 NOV).html
1438,Daily,2024-11-15,REGIS REPORT (15 NOV),7,Regis CMS,2024-11-15 08:45:06,Regis CMS,2024-11-15 08:45:06,Daily/2024/2024-11-15 - REGIS REPORT (15 NOV).html
1439,Weekly,2024-11-15,REGIS Week in Review November 15 2024,22,Mio Casano,2024-11-15 09:28:17,Mio Casano,2024-11-15 09:28:17,Weekly/2024/2024-11-15 - REGIS Week in Review November 15 2024.html
1440,Daily,2024-11-18,REGIS REPORT (18 NOV),5,Regis CMS,2024-11-18 08:45:51,Regis CMS,2024-11-18 08:45:51,Daily/2024/2024-11-18 - REGIS REPORT (18 NOV).html
1441,Daily,2024-11-19,REGIS REPORT (19 NOV),6,Regis CMS,2024-11-19 08:41:57,Regis CMS,2024-11-19 08:41:57,Daily/2024/2024-11-19 - REGIS REPORT (19 NOV).html
1442,Daily,2024-11-20,REGIS REPORT (20 NOV),6,Regis CMS,2024-11-20 08:38:19,Regis CMS,2024-11-20 08:38:19,Daily/2024/2024-11-20 - REGIS REPORT (20 NOV).html
1443,Daily,2024-11-21,REGIS REPORT (21 NOV),5,Regis CMS,2024-11-21 08:30:03,Regis CMS,2024-11-21 08:30:03,Daily/2024/2024-11-21 - REGIS REPORT (21 NOV).html
1444,Weekly,2024-11-22,REGIS Week in Review November 22 2024,12,Mio Casano,2024-11-21 08:32:06,Mio Casano,2024-11-21 08:32:06,Weekly/2024/2024-11-22 - REGIS Week in Review November 22 2024.html
1445,Daily,2024-11-22,REGIS REPORT (22 NOV),5,Regis CMS,2024-11-22 08:25:14,Regis CMS,2024-11-22 08:25:14,Daily/2024/2024-11-22 - REGIS REPORT (22 NOV).html
1446,Daily,2024-11-25,REGIS REPORT (25 NOV),4,Regis CMS,2024-11-25 09:24:36,Regis CMS,2024-11-25 09:24:36,Daily/2024/2024-11-25 - REGIS REPORT (25 NOV).html
1447,Daily,2024-11-26,REGIS REPORT (26 NOV),2,Regis CMS,2024-11-26 08:21:33,Regis CMS,2024-11-26 08:21:33,Daily/2024/2024-11-26 - REGIS REPORT (26 NOV).html
1448,Daily,2024-11-27,REGIS REPORT (27 NOV),4,Regis CMS,2024-11-27 08:45:50,Regis CMS,2024-11-27 08:45:50,Daily/2024/2024-11-27 - REGIS REPORT (27 NOV).html
1450,Daily,2024-11-28,REGIS REPORT (28 NOV),4,Regis CMS,2024-11-28 08:48:41,Regis CMS,2024-11-28 08:48:41,Daily/2024/2024-11-28 - REGIS REPORT (28 NOV).html
1451,Daily,2024-11-28,Copy of REGIS REPORT (28 NOV),4,Regis CMS,2024-11-28 08:48:41,Regis CMS,2024-11-28 08:48:41,Daily/2024/2024-11-28 - Copy of REGIS REPORT (28 NOV).html
1449,Weekly,2024-11-29,REGIS Week in Review November 29 2024,8,Mio Casano,2024-11-27 12:32:30,Mio Casano,2024-11-27 12:32:30,Weekly/2024/2024-11-29 - REGIS Week in Review November 29 2024.html
1452,Daily,2024-11-29,REGIS REPORT (29 NOV),5,Regis CMS,2024-11-29 08:37:09,Regis CMS,2024-11-29 08:37:09,Daily/2024/2024-11-29 - REGIS REPORT (29 NOV).html
1453,Monthly,2024-11-29,REGIS: Month in Review - NOV 2024,5,Regis CMS,2023-06-06 07:46:56,Regis CMS,2024-11-29 12:18:13,Monthly/2024/2024-11-29 - REGIS- Month in Review - NOV 2024.html
1454,Daily,2024-12-02,REGIS REPORT (2 DEC),4,Regis CMS,2024-12-02 09:21:52,Regis CMS,2024-12-02 09:21:52,Daily/2024/2024-12-02 - REGIS REPORT (2 DEC).html
1457,Daily,2024-12-03,REGIS REPORT (3 DEC),4,Paolo Garcia,2024-12-03 09:13:56,Paolo Garcia,2024-12-03 09:13:56,Daily/2024/2024-12-03 - REGIS REPORT (3 DEC).html
1458,Daily,2024-12-04,REGIS REPORT (4 DEC),5,Paolo Garcia,2024-12-04 08:49:14,Paolo Garcia,2024-12-04 08:49:14,Daily/2024/2024-12-04 - REGIS REPORT (4 DEC).html
1460,Daily,2024-12-05,REGIS REPORT (5 DEC),4,Paolo Garcia,2024-12-05 09:19:10,Paolo Garcia,2024-12-05 09:19:10,Daily/2024/2024-12-05 - REGIS REPORT (5 DEC).html
1459,Weekly,2024-12-06,REGIS Week in Review December 6 2024,9,Mio Casano,2024-12-05 08:29:14,Patricia Tamase,2024-12-13 14:29:38,Weekly/2024/2024-12-06 - REGIS Week in Review December 6 2024.html
1461,Daily,2024-12-06,REGIS REPORT (6 DEC),5,Paolo Garcia,2024-12-06 08:59:12,Paolo Garcia,2024-12-06 08:59:12,Daily/2024/2024-12-06 - REGIS REPORT (6 DEC).html
1462,Daily,2024-12-09,REGIS REPORT (9 DEC),6,Paolo Garcia,2024-12-09 09:35:16,Paolo Garcia,2024-12-09 09:35:16,Daily/2024/2024-12-09 - REGIS REPORT (9 DEC).html
1465,Daily,2024-12-10,REGIS REPORT (10 DEC),8,Paolo Garcia,2024-12-10 08:42:46,Patricia Tamase,2024-12-10 10:50:57,Daily/2024/2024-12-10 - REGIS REPORT (10 DEC).html
1466,Daily,2024-12-11,REGIS REPORT (11 DEC),6,Paolo Garcia,2024-12-11 09:22:02,Paolo Garcia,2024-12-11 09:22:02,Daily/2024/2024-12-11 - REGIS REPORT (11 DEC).html
1467,Daily,2024-12-12,REGIS REPORT (12 DEC),7,Paolo Garcia,2024-12-12 10:02:20,Paolo Garcia,2024-12-12 10:02:20,Daily/2024/2024-12-12 - REGIS REPORT (12 DEC).html
1464,Weekly,2024-12-13,REGIS Week in Review December 13 2024,9,Mio Casano,2024-12-05 08:29:14,Patricia Tamase,2024-12-13 17:19:21,Weekly/2024/2024-12-13 - REGIS Week in Review December 13 2024.html
1468,Daily,2024-12-13,REGIS REPORT (13 DEC),4,Paolo Garcia,2024-12-13 09:17:18,Patricia Tamase,2024-12-13 17:04:42,Daily/2024/2024-12-13 - REGIS REPORT (13 DEC).html
1469,Daily,2024-12-16,REGIS REPORT (16 DEC),4,Paolo Garcia,2024-12-16 09:09:32,Paolo Garcia,2024-12-16 09:09:32,Daily/2024/2024-12-16 - REGIS REPORT (16 DEC).html
1470,Daily,2024-12-17,REGIS REPORT (17 DEC),5,Paolo Garcia,2024-12-17 08:58:23,Paolo Garcia,2024-12-17 08:58:23,Daily/2024/2024-12-17 - REGIS REPORT (17 DEC).html
1471,Daily,2024-12-18,REGIS REPORT (18 DEC),5,Regis CMS,2024-12-18 08:50:40,Regis CMS,2024-12-18 08:50:40,Daily/2024/2024-12-18 - REGIS REPORT (18 DEC).html
1472,Daily,2024-12-19,REGIS REPORT (19 DEC),5,Paolo Garcia,2024-12-19 09:07:23,Paolo Garcia,2024-12-19 09:07:23,Daily/2024/2024-12-19 - REGIS REPORT (19 DEC).html
1473,Daily,2024-12-20,REGIS REPORT (20 DEC),6,Paolo Garcia,2024-12-20 09:25:53,Patricia Tamase,2024-12-20 12:58:49,Daily/2024/2024-12-20 - REGIS REPORT (20 DEC).html
1474,Weekly,2024-12-20,REGIS Week in Review December 20 2024,9,Mio Casano,2024-12-05 08:29:14,Patricia Tamase,2024-12-20 13:37:01,Weekly/2024/2024-12-20 - REGIS Week in Review December 20 2024.html
1475,Daily,2024-12-23,REGIS REPORT (23 DEC),4,Paolo Garcia,2024-12-23 09:04:47,Paolo Garcia,2024-12-23 09:04:47,Daily/2024/2024-12-23 - REGIS REPORT (23 DEC).html
1476,Daily,2024-12-26,REGIS REPORT (26 DEC),5,Paolo Garcia,2024-12-26 09:37:07,Paolo Garcia,2024-12-26 09:37:07,Daily/2024/2024-12-26 - REGIS REPORT (26 DEC).html
1477,Daily,2024-12-27,REGIS REPORT (27 DEC),7,Regis CMS,2024-12-27 09:07:23,Patricia Tamase,2024-12-27 14:40:40,Daily/2024/2024-12-27 - REGIS REPORT (27 DEC).html
1478,Weekly,2024-12-27,REGIS Week in Review December 27 2024,10,Mio Casano,2024-12-05 08:29:14,Patricia Tamase,2024-12-27 16:54:56,Weekly/2024/2024-12-27 - REGIS Week in Review December 27 2024.html
1463,Monthly,2024-12-31,REGIS: Month in Review - DEC 2024,5,Regis CMS,2023-06-06 07:46:56,Patricia Tamase,2025-01-02 16:45:39,Monthly/2024/2024-12-31 - REGIS- Month in Review - DEC 2024.html
1479,Daily,2025-01-02,REGIS REPORT (2 JAN),5,Regis CMS,2025-01-02 08:51:41,Regis CMS,2025-01-02 08:51:41,Daily/2025/2025-01-02 - REGIS REPORT (2 JAN).html
1481,Weekly,2025-01-03,REGIS Week in Review January 3 2025,8,Mio Casano,2024-12-05 08:29:14,Patricia Tamase,2025-01-03 08:46:16,Weekly/2025/2025-01-03 - REGIS Week in Review January 3 2025.html
1482,Daily,2025-01-03,REGIS REPORT (3 JAN),4,Klyne Resullar,2025-01-03 09:07:46,Klyne Resullar,2025-01-03 09:07:46,Daily/2025/2025-01-03 - REGIS REPORT (3 JAN).html
1798,Daily,2025-01-05,REGIS REPORT (5 JAN),6,Paolo Garcia,2026-01-05 08:52:29,Paolo Garcia,2026-01-05 08:52:29,Daily/2025/2025-01-05 - REGIS REPORT (5 JAN).html
1483,Daily,2025-01-06,REGIS REPORT (6 JAN),3,Paolo Garcia,2025-01-06 09:10:22,Paolo Garcia,2025-01-06 09:10:22,Daily/2025/2025-01-06 - REGIS REPORT (6 JAN).html
1484,Daily,2025-01-07,REGIS REPORT (7 JAN),5,Paolo Garcia,2025-01-07 09:17:42,Paolo Garcia,2025-01-07 09:17:42,Daily/2025/2025-01-07 - REGIS REPORT (7 JAN).html
1800,Daily,2025-01-07,REGIS REPORT (7 JAN),5,Paolo Garcia,2026-01-07 09:11:49,Paolo Garcia,2026-01-07 09:11:49,Daily/2025/2025-01-07 - REGIS REPORT (7 JAN) (id 1800).html
1485,Daily,2025-01-08,REGIS REPORT (8 JAN),6,Paolo Garcia,2025-01-08 09:09:50,Paolo Garcia,2025-01-08 09:09:50,Daily/2025/2025-01-08 - REGIS REPORT (8 JAN).html
1486,Daily,2025-01-09,REGIS REPORT (9 JAN),4,Paolo Garcia,2025-01-09 09:19:53,Paolo Garcia,2025-01-09 09:19:53,Daily/2025/2025-01-09 - REGIS REPORT (9 JAN).html
1487,Daily,2025-01-10,REGIS REPORT (10 JAN),6,Paolo Garcia,2025-01-10 09:20:13,Paolo Garcia,2025-01-10 09:20:13,Daily/2025/2025-01-10 - REGIS REPORT (10 JAN).html
1488,Weekly,2025-01-10,REGIS Week in Review January 10 2025,10,Mio Casano,2024-12-05 08:29:14,Patricia Tamase,2025-01-10 15:47:09,Weekly/2025/2025-01-10 - REGIS Week in Review January 10 2025.html
1489,Daily,2025-01-13,REGIS REPORT (13 JAN),5,Paolo Garcia,2025-01-13 09:14:02,Paolo Garcia,2025-01-13 09:14:02,Daily/2025/2025-01-13 - REGIS REPORT (13 JAN).html
1805,Daily,2025-01-13,REGIS REPORT (13 JAN),5,Paolo Garcia,2026-01-13 08:44:30,Paolo Garcia,2026-01-13 08:44:30,Daily/2025/2025-01-13 - REGIS REPORT (13 JAN) (id 1805).html
1490,Daily,2025-01-14,REGIS REPORT (14 JAN),6,Paolo Garcia,2025-01-14 09:41:46,Paolo Garcia,2025-01-14 09:41:46,Daily/2025/2025-01-14 - REGIS REPORT (14 JAN).html
1491,Daily,2025-01-15,REGIS REPORT (15 JAN),6,Paolo Garcia,2025-01-15 09:32:50,Paolo Garcia,2025-01-15 09:32:50,Daily/2025/2025-01-15 - REGIS REPORT (15 JAN).html
1492,Daily,2025-01-16,REGIS REPORT (16 JAN),7,Klyne Resullar,2025-01-16 09:11:01,Klyne Resullar,2025-01-16 09:11:01,Daily/2025/2025-01-16 - REGIS REPORT (16 JAN).html
1808,Daily,2025-01-16,REGIS REPORT (16 JAN),7,Paolo Garcia,2026-01-16 08:15:07,Paolo Garcia,2026-01-16 08:15:07,Daily/2025/2025-01-16 - REGIS REPORT (16 JAN) (id 1808).html
1493,Daily,2025-01-17,REGIS REPORT (17 JAN),5,Klyne Resullar,2025-01-17 08:48:37,Klyne Resullar,2025-01-17 08:48:37,Daily/2025/2025-01-17 - REGIS REPORT (17 JAN).html
1494,Weekly,2025-01-17,REGIS Week in Review January 17 2025,8,Mio Casano,2024-12-05 08:29:14,Patricia Tamase,2025-01-17 09:27:33,Weekly/2025/2025-01-17 - REGIS Week in Review January 17 2025.html
1495,Daily,2025-01-20,REGIS REPORT (20 JAN),8,Regis CMS,2025-01-20 08:46:31,Regis CMS,2025-01-20 08:46:31,Daily/2025/2025-01-20 - REGIS REPORT (20 JAN).html
1496,Daily,2025-01-21,REGIS REPORT (21 JAN),7,Klyne Resullar,2025-01-21 08:53:56,Klyne Resullar,2025-01-21 08:53:56,Daily/2025/2025-01-21 - REGIS REPORT (21 JAN).html
1811,Daily,2025-01-21,REGIS REPORT (21 JAN),7,Paolo Garcia,2026-01-21 08:59:50,Paolo Garcia,2026-01-21 08:59:50,Daily/2025/2025-01-21 - REGIS REPORT (21 JAN) (id 1811).html
1497,Daily,2025-01-22,REGIS REPORT (22 JAN),5,Klyne Resullar,2025-01-22 09:05:50,Klyne Resullar,2025-01-22 09:05:50,Daily/2025/2025-01-22 - REGIS REPORT (22 JAN).html
1498,Daily,2025-01-23,REGIS REPORT (23 JAN),4,Paolo Garcia,2025-01-23 09:23:23,Paolo Garcia,2025-01-23 09:23:23,Daily/2025/2025-01-23 - REGIS REPORT (23 JAN).html
1499,Daily,2025-01-24,REGIS REPORT (24 JAN),6,Paolo Garcia,2025-01-24 09:45:47,Paolo Garcia,2025-01-24 09:45:47,Daily/2025/2025-01-24 - REGIS REPORT (24 JAN).html
1500,Weekly,2025-01-24,REGIS Week in Review January 24 2025,9,Mio Casano,2024-12-05 08:29:14,Mio Casano,2025-01-24 16:13:36,Weekly/2025/2025-01-24 - REGIS Week in Review January 24 2025.html
1501,Daily,2025-01-27,REGIS REPORT (27 JAN),6,Paolo Garcia,2025-01-27 09:35:32,Paolo Garcia,2025-01-27 09:35:32,Daily/2025/2025-01-27 - REGIS REPORT (27 JAN).html
1502,Daily,2025-01-28,REGIS REPORT (28 JAN),5,Paolo Garcia,2025-01-28 09:34:56,Paolo Garcia,2025-01-28 09:34:56,Daily/2025/2025-01-28 - REGIS REPORT (28 JAN).html
1503,Daily,2025-01-30,REGIS REPORT (30 JAN),5,Paolo Garcia,2025-01-30 09:35:30,Paolo Garcia,2025-01-30 09:35:30,Daily/2025/2025-01-30 - REGIS REPORT (30 JAN).html
1504,Weekly,2025-01-31,REGIS Week in Review January 31 2025,8,Mio Casano,2024-12-05 08:29:14,Patricia Tamase,2025-01-30 13:38:39,Weekly/2025/2025-01-31 - REGIS Week in Review January 31 2025.html
1505,Daily,2025-01-31,REGIS REPORT (31 JAN),7,Paolo Garcia,2025-01-31 09:49:54,Paolo Garcia,2025-01-31 10:06:16,Daily/2025/2025-01-31 - REGIS REPORT (31 JAN).html
1507,Monthly,2025-01-31,REGIS: Month in Review - JAN 2025,5,Regis CMS,2023-06-06 07:46:56,Patricia Tamase,2025-02-03 16:56:41,Monthly/2025/2025-01-31 - REGIS- Month in Review - JAN 2025.html
1506,Daily,2025-02-03,REGIS REPORT (3 FEB),8,Paolo Garcia,2025-02-03 09:46:54,Paolo Garcia,2025-02-03 09:46:54,Daily/2025/2025-02-03 - REGIS REPORT (3 FEB).html
1508,Daily,2025-02-04,REGIS REPORT (4 FEB),7,Paolo Garcia,2025-02-04 09:31:30,Paolo Garcia,2025-02-04 09:31:30,Daily/2025/2025-02-04 - REGIS REPORT (4 FEB).html
1509,Daily,2025-02-05,REGIS REPORT (5 FEB),7,Paolo Garcia,2025-02-05 09:34:43,Paolo Garcia,2025-02-05 09:34:43,Daily/2025/2025-02-05 - REGIS REPORT (5 FEB).html
1511,Daily,2025-02-06,REGIS REPORT (6 FEB),7,Paolo Garcia,2025-02-06 09:59:48,Paolo Garcia,2025-02-06 09:59:48,Daily/2025/2025-02-06 - REGIS REPORT (6 FEB).html
1512,Daily,2025-02-07,REGIS REPORT (7 FEB),6,Paolo Garcia,2025-02-07 10:09:52,Paolo Garcia,2025-02-07 10:09:52,Daily/2025/2025-02-07 - REGIS REPORT (7 FEB).html
1513,Weekly,2025-02-07,REGIS Week in Review February 7 2025,8,Mio Casano,2025-02-07 16:09:03,Mio Casano,2025-02-07 16:09:03,Weekly/2025/2025-02-07 - REGIS Week in Review February 7 2025.html
1514,Daily,2025-02-10,REGIS REPORT (10 FEB),5,Paolo Garcia,2025-02-10 09:44:41,Paolo Garcia,2025-02-10 09:44:41,Daily/2025/2025-02-10 - REGIS REPORT (10 FEB).html
1515,Daily,2025-02-11,REGIS REPORT (11 FEB),5,Paolo Garcia,2025-02-11 09:40:23,Paolo Garcia,2025-02-11 09:40:23,Daily/2025/2025-02-11 - REGIS REPORT (11 FEB).html
1516,Daily,2025-02-12,REGIS REPORT (12 FEB),7,Paolo Garcia,2025-02-12 09:56:00,Paolo Garcia,2025-02-12 09:56:00,Daily/2025/2025-02-12 - REGIS REPORT (12 FEB).html
1517,Daily,2025-02-13,REGIS REPORT (13 FEB),5,Paolo Garcia,2025-02-13 08:59:24,Paolo Garcia,2025-02-13 08:59:24,Daily/2025/2025-02-13 - REGIS REPORT (13 FEB).html
1518,Daily,2025-02-14,REGIS REPORT (14 FEB),5,Paolo Garcia,2025-02-14 09:24:07,Paolo Garcia,2025-02-14 09:24:07,Daily/2025/2025-02-14 - REGIS REPORT (14 FEB).html
1519,Weekly,2025-02-14,REGIS Week in Review February 14 2025,10,Mio Casano,2025-02-07 16:09:03,Patricia Tamase,2025-02-14 11:37:15,Weekly/2025/2025-02-14 - REGIS Week in Review February 14 2025.html
1521,Daily,2025-02-17,REGIS REPORT (17 FEB),6,Paolo Garcia,2025-02-17 09:24:44,Paolo Garcia,2025-02-17 09:24:44,Daily/2025/2025-02-17 - REGIS REPORT (17 FEB).html
1522,Daily,2025-02-18,REGIS REPORT (18 FEB),3,Paolo Garcia,2025-02-18 08:44:09,Paolo Garcia,2025-02-18 08:44:09,Daily/2025/2025-02-18 - REGIS REPORT (18 FEB).html
1523,Daily,2025-02-19,REGIS REPORT (19 FEB),7,Paolo Garcia,2025-02-19 09:34:49,Paolo Garcia,2025-02-19 09:34:49,Daily/2025/2025-02-19 - REGIS REPORT (19 FEB).html
1524,Daily,2025-02-20,REGIS REPORT (20 FEB),7,Paolo Garcia,2025-02-20 10:16:59,Paolo Garcia,2025-02-20 10:16:59,Daily/2025/2025-02-20 - REGIS REPORT (20 FEB).html
1525,Daily,2025-02-21,REGIS REPORT (21 FEB),4,Paolo Garcia,2025-02-21 09:33:09,Paolo Garcia,2025-02-21 09:33:09,Daily/2025/2025-02-21 - REGIS REPORT (21 FEB).html
1526,Weekly,2025-02-21,REGIS Week in Review February 21 2025,11,Mio Casano,2025-02-07 16:09:03,Patricia Tamase,2025-02-21 10:11:53,Weekly/2025/2025-02-21 - REGIS Week in Review February 21 2025.html
1527,Daily,2025-02-24,REGIS REPORT (24 FEB),5,Paolo Garcia,2025-02-24 09:57:08,Paolo Garcia,2025-02-24 09:57:08,Daily/2025/2025-02-24 - REGIS REPORT (24 FEB).html
1528,Daily,2025-02-25,REGIS REPORT (25 FEB),4,Paolo Garcia,2025-02-25 09:50:30,Paolo Garcia,2025-02-25 09:50:30,Daily/2025/2025-02-25 - REGIS REPORT (25 FEB).html
1529,Daily,2025-02-26,REGIS REPORT (26 FEB),5,Paolo Garcia,2025-02-26 09:15:16,Paolo Garcia,2025-02-26 09:15:16,Daily/2025/2025-02-26 - REGIS REPORT (26 FEB).html
1530,Daily,2025-02-27,REGIS REPORT (27 FEB),5,Paolo Garcia,2025-02-27 09:47:16,Paolo Garcia,2025-02-27 09:47:16,Daily/2025/2025-02-27 - REGIS REPORT (27 FEB).html
1531,Daily,2025-02-28,REGIS REPORT (28 FEB),5,Paolo Garcia,2025-02-28 09:16:07,Paolo Garcia,2025-02-28 09:16:07,Daily/2025/2025-02-28 - REGIS REPORT (28 FEB).html
1532,Weekly,2025-02-28,REGIS Week in Review February 28 2025,11,Mio Casano,2025-02-28 09:39:48,Mio Casano,2025-02-28 09:39:48,Weekly/2025/2025-02-28 - REGIS Week in Review February 28 2025.html
1534,Monthly,2025-02-28,REGIS: Month in Review - FEB 2025,5,Regis CMS,2023-06-06 07:46:56,Patricia Tamase,2025-03-03 13:05:17,Monthly/2025/2025-02-28 - REGIS- Month in Review - FEB 2025.html
1533,Daily,2025-03-03,REGIS REPORT (3 MAR),9,Paolo Garcia,2025-03-03 09:19:01,Paolo Garcia,2025-03-03 09:19:01,Daily/2025/2025-03-03 - REGIS REPORT (3 MAR).html
1535,Daily,2025-03-04,REGIS REPORT (4 MAR),4,Paolo Garcia,2025-03-04 09:06:53,Paolo Garcia,2025-03-04 09:06:53,Daily/2025/2025-03-04 - REGIS REPORT (4 MAR).html
1536,Daily,2025-03-05,REGIS REPORT (5 MAR),5,Paolo Garcia,2025-03-05 09:21:45,Paolo Garcia,2025-03-05 09:21:45,Daily/2025/2025-03-05 - REGIS REPORT (5 MAR).html
1537,Daily,2025-03-06,REGIS REPORT (6 MAR),8,Klyne Resullar,2025-03-06 08:51:58,Klyne Resullar,2025-03-06 08:51:58,Daily/2025/2025-03-06 - REGIS REPORT (6 MAR).html
1538,Weekly,2025-03-07,REGIS Week in Review March 7 2025,14,Mio Casano,2025-02-28 09:39:48,Patricia Tamase,2025-03-07 09:10:11,Weekly/2025/2025-03-07 - REGIS Week in Review March 7 2025.html
1539,Daily,2025-03-07,REGIS REPORT (7 MAR),3,Klyne Resullar,2025-03-07 09:17:24,Klyne Resullar,2025-03-07 09:17:24,Daily/2025/2025-03-07 - REGIS REPORT (7 MAR).html
1540,Daily,2025-03-10,REGIS REPORT (10 MAR),5,Paolo Garcia,2025-03-10 09:23:46,Paolo Garcia,2025-03-10 09:23:46,Daily/2025/2025-03-10 - REGIS REPORT (10 MAR).html
1541,Daily,2025-03-11,REGIS REPORT (11 MAR),4,Klyne Resullar,2025-03-11 08:33:20,Klyne Resullar,2025-03-11 08:33:20,Daily/2025/2025-03-11 - REGIS REPORT (11 MAR).html
1542,Daily,2025-03-12,REGIS REPORT (12 MAR),3,Regis CMS,2025-03-12 09:00:58,Regis CMS,2025-03-12 09:00:58,Daily/2025/2025-03-12 - REGIS REPORT (12 MAR).html
1543,Daily,2025-03-13,REGIS REPORT (13 MAR),3,Paolo Garcia,2025-03-13 09:06:08,Paolo Garcia,2025-03-13 09:06:08,Daily/2025/2025-03-13 - REGIS REPORT (13 MAR).html
1544,Daily,2025-03-14,REGIS REPORT (14 MAR),3,Paolo Garcia,2025-03-14 09:04:15,Paolo Garcia,2025-03-14 09:04:15,Daily/2025/2025-03-14 - REGIS REPORT (14 MAR).html
1545,Weekly,2025-03-14,REGIS Week in Review March 14 2025,14,Mio Casano,2025-02-28 09:39:48,Patricia Tamase,2025-03-14 09:40:25,Weekly/2025/2025-03-14 - REGIS Week in Review March 14 2025.html
1546,Daily,2025-03-17,REGIS REPORT (17 MAR),9,Paolo Garcia,2025-03-17 08:43:24,Paolo Garcia,2025-03-17 08:43:24,Daily/2025/2025-03-17 - REGIS REPORT (17 MAR).html
1547,Daily,2025-03-18,REGIS REPORT (18 MAR),7,Paolo Garcia,2025-03-18 09:29:50,Paolo Garcia,2025-03-18 09:29:50,Daily/2025/2025-03-18 - REGIS REPORT (18 MAR).html
1548,Daily,2025-03-19,REGIS REPORT (19 MAR),5,Paolo Garcia,2025-03-19 09:32:42,Paolo Garcia,2025-03-19 09:32:42,Daily/2025/2025-03-19 - REGIS REPORT (19 MAR).html
1549,Daily,2025-03-20,REGIS REPORT (20 MAR),7,Paolo Garcia,2025-03-20 09:13:31,Paolo Garcia,2025-03-20 09:13:31,Daily/2025/2025-03-20 - REGIS REPORT (20 MAR).html
1550,Daily,2025-03-21,REGIS REPORT (21 MAR),5,Paolo Garcia,2025-03-21 08:50:17,Paolo Garcia,2025-03-21 08:50:17,Daily/2025/2025-03-21 - REGIS REPORT (21 MAR).html
1551,Weekly,2025-03-21,REGIS Week in Review March 21 2025,12,Mio Casano,2025-02-28 09:39:48,Patricia Tamase,2025-03-21 10:45:00,Weekly/2025/2025-03-21 - REGIS Week in Review March 21 2025.html
1552,Daily,2025-03-24,REGIS REPORT (24 MAR),6,Paolo Garcia,2025-03-24 09:01:58,Paolo Garcia,2025-03-24 09:01:58,Daily/2025/2025-03-24 - REGIS REPORT (24 MAR).html
1553,Daily,2025-03-25,REGIS REPORT (25 MAR),7,Paolo Garcia,2025-03-25 09:06:10,Paolo Garcia,2025-03-25 09:06:10,Daily/2025/2025-03-25 - REGIS REPORT (25 MAR).html
1554,Daily,2025-03-26,REGIS REPORT (26 MAR),4,Paolo Garcia,2025-03-26 08:30:04,Paolo Garcia,2025-03-26 08:30:04,Daily/2025/2025-03-26 - REGIS REPORT (26 MAR).html
1867,Daily,2025-03-26,REGIS REPORT (26 MAR),5,Paolo Garcia,2026-03-26 08:43:27,Paolo Garcia,2026-03-26 08:43:27,Daily/2025/2025-03-26 - REGIS REPORT (26 MAR) (id 1867).html
1555,Daily,2025-03-27,REGIS REPORT (27 MAR),4,Paolo Garcia,2025-03-27 08:40:15,Paolo Garcia,2025-03-27 08:40:15,Daily/2025/2025-03-27 - REGIS REPORT (27 MAR).html
1556,Daily,2025-03-28,REGIS REPORT (28 MAR),5,Paolo Garcia,2025-03-28 09:07:41,Paolo Garcia,2025-03-28 09:07:41,Daily/2025/2025-03-28 - REGIS REPORT (28 MAR).html
1557,Weekly,2025-03-28,REGIS Week in Review March 28 2025,11,Mio Casano,2025-02-28 09:39:48,Patricia Tamase,2025-03-28 11:42:46,Weekly/2025/2025-03-28 - REGIS Week in Review March 28 2025.html
1558,Monthly,2025-03-31,REGIS: Month in Review - MAR 2025,5,Regis CMS,2023-06-06 07:46:56,Patricia Tamase,2025-03-31 08:47:51,Monthly/2025/2025-03-31 - REGIS- Month in Review - MAR 2025.html
1559,Daily,2025-03-31,REGIS REPORT (31 MAR),6,Paolo Garcia,2025-03-31 09:16:54,Paolo Garcia,2025-03-31 09:16:54,Daily/2025/2025-03-31 - REGIS REPORT (31 MAR).html
1561,Daily,2025-04-03,REGIS REPORT (3 APR),8,Paolo Garcia,2025-04-03 09:45:35,Paolo Garcia,2025-04-04 09:10:28,Daily/2025/2025-04-03 - REGIS REPORT (3 APR).html
1563,Daily,2025-04-04,REGIS REPORT (4 APR),5,Paolo Garcia,2025-04-04 09:10:55,Paolo Garcia,2025-04-04 09:10:55,Daily/2025/2025-04-04 - REGIS REPORT (4 APR).html
1564,Weekly,2025-04-04,REGIS Week in Review April 4 2025,10,Mio Casano,2025-02-28 09:39:48,Patricia Tamase,2025-04-04 10:56:17,Weekly/2025/2025-04-04 - REGIS Week in Review April 4 2025.html
1565,Daily,2025-04-07,REGIS REPORT (7 APR),4,Paolo Garcia,2025-04-07 08:44:17,Paolo Garcia,2025-04-07 08:44:17,Daily/2025/2025-04-07 - REGIS REPORT (7 APR).html
1566,Daily,2025-04-08,REGIS REPORT (8 APR),3,Paolo Garcia,2025-04-08 08:49:49,Paolo Garcia,2025-04-08 08:49:49,Daily/2025/2025-04-08 - REGIS REPORT (8 APR).html
1567,Daily,2025-04-10,REGIS REPORT (10 APR),5,Paolo Garcia,2025-04-10 08:52:11,Paolo Garcia,2025-04-10 09:24:55,Daily/2025/2025-04-10 - REGIS REPORT (10 APR).html
1568,Daily,2025-04-11,REGIS REPORT (11 APR),4,Paolo Garcia,2025-04-11 08:42:15,Paolo Garcia,2025-04-11 08:42:15,Daily/2025/2025-04-11 - REGIS REPORT (11 APR).html
1569,Weekly,2025-04-11,REGIS Week in Review April 11 2025,10,Mio Casano,2025-02-28 09:39:48,Patricia Tamase,2025-04-11 09:31:35,Weekly/2025/2025-04-11 - REGIS Week in Review April 11 2025.html
1570,Daily,2025-04-14,REGIS REPORT (14 APR),4,Paolo Garcia,2025-04-14 09:13:05,Paolo Garcia,2025-04-14 09:13:05,Daily/2025/2025-04-14 - REGIS REPORT (14 APR).html
1571,Daily,2025-04-15,REGIS REPORT (15 APR),5,Paolo Garcia,2025-04-15 09:39:49,Paolo Garcia,2025-04-15 09:39:49,Daily/2025/2025-04-15 - REGIS REPORT (15 APR).html
1572,Daily,2025-04-16,REGIS REPORT (16 APR),8,Paolo Garcia,2025-04-16 08:29:29,Paolo Garcia,2025-04-16 09:12:53,Daily/2025/2025-04-16 - REGIS REPORT (16 APR).html
1573,Weekly,2025-04-16,REGIS Week in Review April 16 2025,9,Mio Casano,2025-02-28 09:39:48,Patricia Tamase,2025-04-16 09:45:30,Weekly/2025/2025-04-16 - REGIS Week in Review April 16 2025.html
1574,Daily,2025-04-21,REGIS REPORT (21 APR),8,Paolo Garcia,2025-04-21 09:01:34,Paolo Garcia,2025-04-21 09:01:34,Daily/2025/2025-04-21 - REGIS REPORT (21 APR).html
1575,Daily,2025-04-22,REGIS REPORT (22 APR),4,Paolo Garcia,2025-04-22 08:31:07,Paolo Garcia,2025-04-22 09:01:58,Daily/2025/2025-04-22 - REGIS REPORT (22 APR).html
1576,Daily,2025-04-23,REGIS REPORT (23 APR),6,Paolo Garcia,2025-04-23 09:20:54,Paolo Garcia,2025-04-23 09:20:54,Daily/2025/2025-04-23 - REGIS REPORT (23 APR).html
1577,Daily,2025-04-24,REGIS REPORT (24 APR),7,Paolo Garcia,2025-04-24 09:23:19,Paolo Garcia,2025-04-24 09:23:19,Daily/2025/2025-04-24 - REGIS REPORT (24 APR).html
1578,Daily,2025-04-25,REGIS REPORT (25 APR),7,Paolo Garcia,2025-04-25 09:10:45,Paolo Garcia,2025-04-25 09:10:45,Daily/2025/2025-04-25 - REGIS REPORT (25 APR).html
1580,Weekly,2025-04-25,REGIS Week in Review April 25 2025,12,Mio Casano,2025-02-28 09:39:48,Patricia Tamase,2025-04-25 10:47:52,Weekly/2025/2025-04-25 - REGIS Week in Review April 25 2025.html
1581,Daily,2025-04-28,REGIS REPORT (28 APR),3,Paolo Garcia,2025-04-28 09:12:02,Paolo Garcia,2025-04-28 09:12:02,Daily/2025/2025-04-28 - REGIS REPORT (28 APR).html
1582,Daily,2025-04-29,REGIS REPORT (29 APR),4,Paolo Garcia,2025-04-29 09:32:54,Paolo Garcia,2025-04-29 09:32:54,Daily/2025/2025-04-29 - REGIS REPORT (29 APR).html
1583,Daily,2025-04-30,REGIS REPORT (30 APR),6,Paolo Garcia,2025-04-30 09:26:20,Paolo Garcia,2025-04-30 09:58:38,Daily/2025/2025-04-30 - REGIS REPORT (30 APR).html
1584,Monthly,2025-04-30,REGIS: Month in Review - APR 2025,5,Regis CMS,2023-06-06 07:46:56,Patricia Tamase,2025-04-30 10:48:53,Monthly/2025/2025-04-30 - REGIS- Month in Review - APR 2025.html
1585,Daily,2025-05-02,REGIS REPORT (2 MAY),10,Paolo Garcia,2025-05-02 09:06:33,Paolo Garcia,2025-05-02 09:06:33,Daily/2025/2025-05-02 - REGIS REPORT (2 MAY).html
1586,Weekly,2025-05-02,REGIS Week in Review May 2 2025,13,Mio Casano,2025-02-28 09:39:48,Patricia Tamase,2025-05-02 10:52:52,Weekly/2025/2025-05-02 - REGIS Week in Review May 2 2025.html
1587,Daily,2025-05-05,REGIS REPORT (5 MAY),6,Paolo Garcia,2025-05-05 09:03:43,Paolo Garcia,2025-05-05 09:03:43,Daily/2025/2025-05-05 - REGIS REPORT (5 MAY).html
1588,Daily,2025-05-06,REGIS REPORT (6 MAY),4,Paolo Garcia,2025-05-06 08:52:25,Paolo Garcia,2025-05-06 08:52:25,Daily/2025/2025-05-06 - REGIS REPORT (6 MAY).html
1589,Daily,2025-05-07,REGIS REPORT (7 MAY),5,Paolo Garcia,2025-05-07 09:12:24,Paolo Garcia,2025-05-07 09:12:24,Daily/2025/2025-05-07 - REGIS REPORT (7 MAY).html
1590,Daily,2025-05-08,REGIS REPORT (8 MAY),9,Paolo Garcia,2025-05-08 08:52:08,Paolo Garcia,2025-05-08 08:52:08,Daily/2025/2025-05-08 - REGIS REPORT (8 MAY).html
1591,Daily,2025-05-09,REGIS REPORT (9 MAY),7,Paolo Garcia,2025-05-09 09:51:41,Paolo Garcia,2025-05-09 09:51:41,Daily/2025/2025-05-09 - REGIS REPORT (9 MAY).html
1592,Weekly,2025-05-09,REGIS Week in Review May 9 2025,16,Mio Casano,2025-02-28 09:39:48,Patricia Tamase,2025-05-09 11:50:12,Weekly/2025/2025-05-09 - REGIS Week in Review May 9 2025.html
1593,Daily,2025-05-13,REGIS REPORT (13 MAY),5,Paolo Garcia,2025-05-13 09:48:46,Paolo Garcia,2025-05-13 09:48:46,Daily/2025/2025-05-13 - REGIS REPORT (13 MAY).html
1594,Daily,2025-05-14,REGIS REPORT (14 MAY),7,Paolo Garcia,2025-05-14 09:14:44,Paolo Garcia,2025-05-14 09:14:44,Daily/2025/2025-05-14 - REGIS REPORT (14 MAY).html
1595,Daily,2025-05-15,REGIS REPORT (15 MAY),2,Paolo Garcia,2025-05-15 09:10:58,Paolo Garcia,2025-05-15 09:10:58,Daily/2025/2025-05-15 - REGIS REPORT (15 MAY).html
1596,Daily,2025-05-16,REGIS REPORT (16 MAY),7,Paolo Garcia,2025-05-16 08:45:28,Paolo Garcia,2025-05-16 08:45:28,Daily/2025/2025-05-16 - REGIS REPORT (16 MAY).html
1598,Weekly,2025-05-16,REGIS Week in Review May 16 2025,17,Mio Casano,2025-02-28 09:39:48,Patricia Tamase,2025-05-16 11:20:27,Weekly/2025/2025-05-16 - REGIS Week in Review May 16 2025.html
1599,Daily,2025-05-19,REGIS REPORT (19 MAY),5,Paolo Garcia,2025-05-19 09:10:52,Paolo Garcia,2025-05-19 09:10:52,Daily/2025/2025-05-19 - REGIS REPORT (19 MAY).html
1600,Daily,2025-05-20,REGIS REPORT (20 MAY),6,Paolo Garcia,2025-05-20 08:38:31,Paolo Garcia,2025-05-20 08:38:31,Daily/2025/2025-05-20 - REGIS REPORT (20 MAY).html
1601,Daily,2025-05-21,REGIS REPORT (21 MAY),6,Paolo Garcia,2025-05-21 09:03:30,Paolo Garcia,2025-05-22 09:04:40,Daily/2025/2025-05-21 - REGIS REPORT (21 MAY).html
1602,Daily,2025-05-22,REGIS REPORT (22 MAY),5,Paolo Garcia,2025-05-22 09:05:09,Paolo Garcia,2025-05-22 09:05:09,Daily/2025/2025-05-22 - REGIS REPORT (22 MAY).html
1603,Daily,2025-05-23,REGIS REPORT (23 MAY),4,Paolo Garcia,2025-05-23 09:33:47,Paolo Garcia,2025-05-23 09:33:47,Daily/2025/2025-05-23 - REGIS REPORT (23 MAY).html
1604,Weekly,2025-05-23,REGIS Week in Review May 23 2025,10,Mio Casano,2025-02-28 09:39:48,Patricia Tamase,2025-05-23 13:50:07,Weekly/2025/2025-05-23 - REGIS Week in Review May 23 2025.html
1605,Daily,2025-05-26,REGIS REPORT (26 MAY),4,Paolo Garcia,2025-05-26 08:55:04,Paolo Garcia,2025-05-26 09:38:19,Daily/2025/2025-05-26 - REGIS REPORT (26 MAY).html
1606,Daily,2025-05-27,REGIS REPORT (27 MAY),5,Paolo Garcia,2025-05-27 08:47:23,Paolo Garcia,2025-05-27 08:47:23,Daily/2025/2025-05-27 - REGIS REPORT (27 MAY).html
1607,Daily,2025-05-28,REGIS REPORT (28 MAY),5,Paolo Garcia,2025-05-28 08:41:19,Paolo Garcia,2025-05-28 08:41:19,Daily/2025/2025-05-28 - REGIS REPORT (28 MAY).html
1608,Daily,2025-05-29,REGIS REPORT (29 MAY),6,Paolo Garcia,2025-05-29 09:08:39,Paolo Garcia,2025-05-29 09:08:39,Daily/2025/2025-05-29 - REGIS REPORT (29 MAY).html
1609,Daily,2025-05-30,REGIS REPORT (30 MAY),6,Paolo Garcia,2025-05-30 08:59:40,Paolo Garcia,2025-05-30 08:59:40,Daily/2025/2025-05-30 - REGIS REPORT (30 MAY).html
1610,Weekly,2025-05-30,REGIS Week in Review May 30 2025,10,Mio Casano,2025-02-28 09:39:48,Patricia Tamase,2025-05-30 09:06:06,Weekly/2025/2025-05-30 - REGIS Week in Review May 30 2025.html
1611,Monthly,2025-05-31,REGIS: Month in Review - MAY 2025,5,Regis CMS,2023-06-06 07:46:56,Patricia Tamase,2025-06-02 09:59:02,Monthly/2025/2025-05-31 - REGIS- Month in Review - MAY 2025.html
1612,Daily,2025-06-02,REGIS REPORT (2 JUN),9,Paolo Garcia,2025-06-02 09:54:35,Paolo Garcia,2025-06-02 09:54:35,Daily/2025/2025-06-02 - REGIS REPORT (2 JUN).html
1613,Daily,2025-06-03,REGIS REPORT (3 JUN),7,Paolo Garcia,2025-06-03 08:55:10,Paolo Garcia,2025-06-03 08:55:10,Daily/2025/2025-06-03 - REGIS REPORT (3 JUN).html
1614,Daily,2025-06-04,REGIS REPORT (4 JUN),6,Paolo Garcia,2025-06-04 09:06:24,Paolo Garcia,2025-06-04 09:06:24,Daily/2025/2025-06-04 - REGIS REPORT (4 JUN).html
1615,Daily,2025-06-05,REGIS REPORT (5 JUN),6,Paolo Garcia,2025-06-05 09:28:51,Paolo Garcia,2025-06-05 09:28:51,Daily/2025/2025-06-05 - REGIS REPORT (5 JUN).html
1616,Weekly,2025-06-05,REGIS Week in Review May 30 2025,11,Mio Casano,2025-02-28 09:39:48,Patricia Tamase,2025-06-05 10:49:21,Weekly/2025/2025-06-05 - REGIS Week in Review May 30 2025.html
1715,Weekly,2025-06-05,REGIS Week in Review June 5 2025,11,Mio Casano,2025-02-28 09:39:48,Patricia Tamase,2025-09-29 11:19:36,Weekly/2025/2025-06-05 - REGIS Week in Review June 5 2025.html
1617,Daily,2025-06-09,REGIS REPORT (9 JUN),4,Paolo Garcia,2025-06-09 08:55:55,Paolo Garcia,2025-06-09 11:18:12,Daily/2025/2025-06-09 - REGIS REPORT (9 JUN).html
1618,Daily,2025-06-10,REGIS REPORT (10 JUN),5,Paolo Garcia,2025-06-10 09:02:59,Paolo Garcia,2025-06-10 09:02:59,Daily/2025/2025-06-10 - REGIS REPORT (10 JUN).html
1619,Daily,2025-06-11,REGIS REPORT (11 JUN),6,Paolo Garcia,2025-06-11 08:55:39,Paolo Garcia,2025-06-11 08:55:39,Daily/2025/2025-06-11 - REGIS REPORT (11 JUN).html
1620,Daily,2025-06-13,REGIS REPORT (13 JUN),7,Regis CMS,2025-06-13 09:32:39,Paolo Garcia,2025-06-17 09:07:22,Daily/2025/2025-06-13 - REGIS REPORT (13 JUN).html
1622,Weekly,2025-06-13,REGIS Week in Review June 13 2025,9,Mio Casano,2025-02-28 09:39:48,Regis CMS,2025-06-13 15:56:44,Weekly/2025/2025-06-13 - REGIS Week in Review June 13 2025.html
1623,Daily,2025-06-16,REGIS REPORT (16 JUN),8,Paolo Garcia,2025-06-16 09:02:28,Paolo Garcia,2025-06-16 09:02:28,Daily/2025/2025-06-16 - REGIS REPORT (16 JUN).html
1625,Daily,2025-06-17,REGIS REPORT (17 JUN),5,Paolo Garcia,2025-06-17 09:07:49,Paolo Garcia,2025-06-17 10:14:27,Daily/2025/2025-06-17 - REGIS REPORT (17 JUN).html
1626,Daily,2025-06-18,REGIS REPORT (18 JUN),4,Paolo Garcia,2025-06-18 08:47:23,Paolo Garcia,2025-06-18 08:47:23,Daily/2025/2025-06-18 - REGIS REPORT (18 JUN).html
1627,Daily,2025-06-19,REGIS REPORT (19 JUN),5,Paolo Garcia,2025-06-19 09:29:42,Paolo Garcia,2025-06-19 09:29:42,Daily/2025/2025-06-19 - REGIS REPORT (19 JUN).html
1624,Weekly,2025-06-20,REGIS Week in Review June 20 2025,8,Mio Casano,2025-02-28 09:39:48,Mio Casano,2025-06-20 16:59:00,Weekly/2025/2025-06-20 - REGIS Week in Review June 20 2025.html
1628,Daily,2025-06-20,REGIS REPORT (20 JUN),6,Paolo Garcia,2025-06-20 08:40:49,Paolo Garcia,2025-06-20 08:40:49,Daily/2025/2025-06-20 - REGIS REPORT (20 JUN).html
1629,Daily,2025-06-23,REGIS REPORT (23 JUN),5,Paolo Garcia,2025-06-23 09:11:33,Paolo Garcia,2025-06-23 09:11:33,Daily/2025/2025-06-23 - REGIS REPORT (23 JUN).html
1630,Daily,2025-06-24,REGIS REPORT (24 JUN),5,Paolo Garcia,2025-06-24 09:19:34,Paolo Garcia,2025-06-24 09:19:34,Daily/2025/2025-06-24 - REGIS REPORT (24 JUN).html
1631,Daily,2025-06-25,REGIS REPORT (25 JUN),4,Paolo Garcia,2025-06-25 08:33:35,Paolo Garcia,2025-06-25 08:33:35,Daily/2025/2025-06-25 - REGIS REPORT (25 JUN).html
1632,Daily,2025-06-26,REGIS REPORT (26 JUN),3,Paolo Garcia,2025-06-26 08:55:39,Paolo Garcia,2025-06-26 08:55:39,Daily/2025/2025-06-26 - REGIS REPORT (26 JUN).html
1633,Weekly,2025-06-27,REGIS Week in Review June 27 2025,8,Mio Casano,2025-02-28 09:39:48,Mio Casano,2025-06-27 08:51:10,Weekly/2025/2025-06-27 - REGIS Week in Review June 27 2025.html
1634,Daily,2025-06-27,REGIS REPORT (27 JUN),6,Paolo Garcia,2025-06-27 09:15:32,Paolo Garcia,2025-06-27 09:15:32,Daily/2025/2025-06-27 - REGIS REPORT (27 JUN).html
1635,Weekly,2025-06-27,NEW - REGIS Week in Review Jun 27 2025,10,Mio Casano,2025-02-28 09:39:48,Regis CMS,2025-06-27 15:35:49,Weekly/2025/2025-06-27 - NEW - REGIS Week in Review Jun 27 2025.html
1636,Daily,2025-06-30,REGIS REPORT (30 JUN),7,Paolo Garcia,2025-06-30 09:02:24,Paolo Garcia,2025-06-30 09:02:24,Daily/2025/2025-06-30 - REGIS REPORT (30 JUN).html
1638,Monthly,2025-06-30,REGIS: Month in Review - JUNE 2025,5,Regis CMS,2023-06-06 07:46:56,Patricia Tamase,2025-07-01 11:14:07,Monthly/2025/2025-06-30 - REGIS- Month in Review - JUNE 2025.html
1637,Daily,2025-07-01,REGIS REPORT (1 JUL),8,Paolo Garcia,2025-07-01 10:30:07,Paolo Garcia,2025-07-01 10:30:07,Daily/2025/2025-07-01 - REGIS REPORT (1 JUL).html
1639,Daily,2025-07-02,REGIS REPORT (2 JUL),7,Paolo Garcia,2025-07-02 08:44:51,Paolo Garcia,2025-07-02 08:44:51,Daily/2025/2025-07-02 - REGIS REPORT (2 JUL).html
1640,Daily,2025-07-03,REGIS REPORT (3 JUL),6,Paolo Garcia,2025-07-03 08:41:56,Paolo Garcia,2025-07-03 08:41:56,Daily/2025/2025-07-03 - REGIS REPORT (3 JUL).html
1641,Daily,2025-07-04,REGIS REPORT (4 JUL),8,Paolo Garcia,2025-07-04 08:48:08,Paolo Garcia,2025-07-04 08:48:08,Daily/2025/2025-07-04 - REGIS REPORT (4 JUL).html
1642,Weekly,2025-07-04,REGIS Week in Review July 4 2025,8,Mio Casano,2025-02-28 09:39:48,Mio Casano,2025-07-04 10:55:55,Weekly/2025/2025-07-04 - REGIS Week in Review July 4 2025.html
1643,Daily,2025-07-07,REGIS REPORT (7 JUL),6,Paolo Garcia,2025-07-07 08:36:08,Paolo Garcia,2025-07-07 08:36:08,Daily/2025/2025-07-07 - REGIS REPORT (7 JUL).html
1644,Daily,2025-07-08,REGIS REPORT (8 JUL),7,Paolo Garcia,2025-07-08 08:37:22,Paolo Garcia,2025-07-08 08:37:22,Daily/2025/2025-07-08 - REGIS REPORT (8 JUL).html
1645,Daily,2025-07-09,REGIS REPORT (9 JUL),6,Paolo Garcia,2025-07-09 08:47:47,Paolo Garcia,2025-07-09 08:47:47,Daily/2025/2025-07-09 - REGIS REPORT (9 JUL).html
1646,Daily,2025-07-10,REGIS REPORT (10 JUL),7,Paolo Garcia,2025-07-10 09:02:48,Paolo Garcia,2025-07-10 09:02:48,Daily/2025/2025-07-10 - REGIS REPORT (10 JUL).html
1647,Weekly,2025-07-11,REGIS Week in Review July 11 2025,8,Mio Casano,2025-02-28 09:39:48,Mio Casano,2025-07-10 16:18:58,Weekly/2025/2025-07-11 - REGIS Week in Review July 11 2025.html
1648,Daily,2025-07-11,REGIS REPORT (11 JUL),5,Paolo Garcia,2025-07-11 09:31:16,Paolo Garcia,2025-07-11 09:31:16,Daily/2025/2025-07-11 - REGIS REPORT (11 JUL).html
1649,Daily,2025-07-14,REGIS REPORT (14 JUL),6,Paolo Garcia,2025-07-14 08:55:42,Paolo Garcia,2025-07-14 08:55:42,Daily/2025/2025-07-14 - REGIS REPORT (14 JUL).html
1650,Daily,2025-07-15,REGIS REPORT (15 JUL),5,Paolo Garcia,2025-07-15 09:03:57,Paolo Garcia,2025-07-15 09:03:57,Daily/2025/2025-07-15 - REGIS REPORT (15 JUL).html
1651,Daily,2025-07-16,REGIS REPORT (16 JUL),7,Paolo Garcia,2025-07-16 08:46:37,Paolo Garcia,2025-07-16 08:46:37,Daily/2025/2025-07-16 - REGIS REPORT (16 JUL).html
1652,Daily,2025-07-17,REGIS REPORT (17 JUL),7,Paolo Garcia,2025-07-17 09:01:30,Paolo Garcia,2025-07-17 10:05:40,Daily/2025/2025-07-17 - REGIS REPORT (17 JUL).html
1653,Weekly,2025-07-18,REGIS Week in Review July 18 2025,8,Mio Casano,2025-02-28 09:39:48,Mio Casano,2025-07-17 09:03:27,Weekly/2025/2025-07-18 - REGIS Week in Review July 18 2025.html
1654,Daily,2025-07-18,REGIS REPORT (18 JUL),5,Paolo Garcia,2025-07-18 08:57:42,Paolo Garcia,2025-07-18 08:57:42,Daily/2025/2025-07-18 - REGIS REPORT (18 JUL).html
1655,Daily,2025-07-21,REGIS REPORT (21 JUL),8,Paolo Garcia,2025-07-21 09:14:40,Paolo Garcia,2025-07-21 09:14:40,Daily/2025/2025-07-21 - REGIS REPORT (21 JUL).html
1656,Daily,2025-07-22,REGIS REPORT (22 JUL),4,Paolo Garcia,2025-07-22 09:09:05,Paolo Garcia,2025-07-22 09:09:05,Daily/2025/2025-07-22 - REGIS REPORT (22 JUL).html
1657,Daily,2025-07-23,REGIS REPORT (23 JUL),4,Paolo Garcia,2025-07-23 08:26:05,Paolo Garcia,2025-07-23 08:26:05,Daily/2025/2025-07-23 - REGIS REPORT (23 JUL).html
1658,Daily,2025-07-24,REGIS REPORT (24 JUL),7,Paolo Garcia,2025-07-24 08:36:36,Paolo Garcia,2025-07-24 08:36:36,Daily/2025/2025-07-24 - REGIS REPORT (24 JUL).html
1659,Weekly,2025-07-25,REGIS Week in Review July 25 2025,11,Mio Casano,2025-02-28 09:39:48,Mio Casano,2025-07-24 15:53:36,Weekly/2025/2025-07-25 - REGIS Week in Review July 25 2025.html
1660,Daily,2025-07-25,REGIS REPORT (25 JUL),5,Paolo Garcia,2025-07-25 08:48:57,Paolo Garcia,2025-07-25 08:48:57,Daily/2025/2025-07-25 - REGIS REPORT (25 JUL).html
1661,Daily,2025-07-28,REGIS REPORT (28 JUL),7,Paolo Garcia,2025-07-28 09:04:38,Paolo Garcia,2025-07-28 09:04:38,Daily/2025/2025-07-28 - REGIS REPORT (28 JUL).html
1662,Daily,2025-07-29,REGIS REPORT (29 JUL),7,Paolo Garcia,2025-07-29 08:58:42,Paolo Garcia,2025-07-29 08:58:42,Daily/2025/2025-07-29 - REGIS REPORT (29 JUL).html
1663,Daily,2025-07-30,REGIS REPORT (30 JUL),7,Paolo Garcia,2025-07-30 09:05:07,Paolo Garcia,2025-07-30 09:05:07,Daily/2025/2025-07-30 - REGIS REPORT (30 JUL).html
1664,Daily,2025-07-31,REGIS REPORT (31 JUL),10,Paolo Garcia,2025-07-31 08:41:11,Paolo Garcia,2025-07-31 08:41:11,Daily/2025/2025-07-31 - REGIS REPORT (31 JUL).html
1665,Monthly,2025-07-31,REGIS: Month in Review - JULY 2025,5,Regis CMS,2023-06-06 07:46:56,Regis CMS,2025-07-31 11:16:50,Monthly/2025/2025-07-31 - REGIS- Month in Review - JULY 2025.html
1666,Daily,2025-08-01,REGIS REPORT (1 AUG),7,Paolo Garcia,2025-08-01 08:34:35,Paolo Garcia,2025-08-01 08:34:35,Daily/2025/2025-08-01 - REGIS REPORT (1 AUG).html
1667,Weekly,2025-08-01,REGIS Week in Review August 1 2025,12,Mio Casano,2025-02-28 09:39:48,Mio Casano,2025-08-01 12:47:57,Weekly/2025/2025-08-01 - REGIS Week in Review August 1 2025.html
1668,Daily,2025-08-04,REGIS REPORT (4 AUG),7,Paolo Garcia,2025-08-04 08:49:29,Paolo Garcia,2025-08-04 10:03:13,Daily/2025/2025-08-04 - REGIS REPORT (4 AUG).html
1669,Daily,2025-08-05,REGIS REPORT (5 AUG),2,Paolo Garcia,2025-08-05 08:53:55,Paolo Garcia,2025-08-05 10:05:53,Daily/2025/2025-08-05 - REGIS REPORT (5 AUG).html
1670,Daily,2025-08-06,REGIS REPORT (6 AUG),7,Paolo Garcia,2025-08-06 09:31:00,Paolo Garcia,2025-08-06 09:31:00,Daily/2025/2025-08-06 - REGIS REPORT (6 AUG).html
1671,Daily,2025-08-07,REGIS REPORT (7 AUG),9,Paolo Garcia,2025-08-07 09:40:52,Paolo Garcia,2025-08-07 09:40:52,Daily/2025/2025-08-07 - REGIS REPORT (7 AUG).html
1672,Weekly,2025-08-08,REGIS Week in Review August 8 2025,20,Mio Casano,2025-02-28 09:39:48,Mio Casano,2025-08-07 13:40:08,Weekly/2025/2025-08-08 - REGIS Week in Review August 8 2025.html
1673,Daily,2025-08-08,REGIS REPORT (8 AUG),9,Paolo Garcia,2025-08-08 09:07:38,Paolo Garcia,2025-08-08 10:15:34,Daily/2025/2025-08-08 - REGIS REPORT (8 AUG).html
1674,Daily,2025-08-11,REGIS REPORT (11 AUG),8,Paolo Garcia,2025-08-11 09:26:35,Paolo Garcia,2025-08-11 09:26:35,Daily/2025/2025-08-11 - REGIS REPORT (11 AUG).html
1675,Daily,2025-08-12,REGIS REPORT (12 AUG),9,Paolo Garcia,2025-08-12 09:01:43,Paolo Garcia,2025-08-12 09:01:43,Daily/2025/2025-08-12 - REGIS REPORT (12 AUG).html
1676,Daily,2025-08-13,REGIS REPORT (13 AUG),12,Paolo Garcia,2025-08-13 08:49:08,Paolo Garcia,2025-08-13 09:43:57,Daily/2025/2025-08-13 - REGIS REPORT (13 AUG).html
1678,Daily,2025-08-14,REGIS REPORT (14 AUG),7,Paolo Garcia,2025-08-14 09:35:00,Paolo Garcia,2025-08-14 09:35:00,Daily/2025/2025-08-14 - REGIS REPORT (14 AUG).html
1677,Weekly,2025-08-15,REGIS Week in Review August 15 2025,18,Mio Casano,2025-02-28 09:39:48,Mio Casano,2025-08-14 09:22:03,Weekly/2025/2025-08-15 - REGIS Week in Review August 15 2025.html
1679,Daily,2025-08-15,REGIS REPORT (15 AUG),8,Paolo Garcia,2025-08-15 09:21:36,Paolo Garcia,2025-08-15 09:21:36,Daily/2025/2025-08-15 - REGIS REPORT (15 AUG).html
1680,Daily,2025-08-18,REGIS REPORT (18 AUG),9,Paolo Garcia,2025-08-18 08:51:43,Paolo Garcia,2025-08-18 09:40:14,Daily/2025/2025-08-18 - REGIS REPORT (18 AUG).html
1681,Daily,2025-08-19,REGIS REPORT (19 AUG),6,Paolo Garcia,2025-08-19 08:56:26,Paolo Garcia,2025-08-19 08:56:26,Daily/2025/2025-08-19 - REGIS REPORT (19 AUG).html
1682,Daily,2025-08-20,REGIS REPORT (20 AUG),5,Paolo Garcia,2025-08-20 08:42:05,Paolo Garcia,2025-08-20 08:42:05,Daily/2025/2025-08-20 - REGIS REPORT (20 AUG).html
1683,Daily,2025-08-22,REGIS REPORT (22 AUG),10,Paolo Garcia,2025-08-22 08:28:52,Paolo Garcia,2025-08-22 08:28:52,Daily/2025/2025-08-22 - REGIS REPORT (22 AUG).html
1684,Weekly,2025-08-22,REGIS Week in Review August 22 2025,14,Mio Casano,2025-02-28 09:39:48,Mio Casano,2025-08-22 09:19:03,Weekly/2025/2025-08-22 - REGIS Week in Review August 22 2025.html
1685,Daily,2025-08-26,REGIS REPORT (26 AUG),8,Paolo Garcia,2025-08-26 09:01:28,Paolo Garcia,2025-08-26 09:01:28,Daily/2025/2025-08-26 - REGIS REPORT (26 AUG).html
1686,Daily,2025-08-27,REGIS REPORT (27 AUG),5,Paolo Garcia,2025-08-27 08:40:58,Paolo Garcia,2025-08-27 08:40:58,Daily/2025/2025-08-27 - REGIS REPORT (27 AUG).html
1687,Daily,2025-08-28,REGIS REPORT (28 AUG),6,Paolo Garcia,2025-08-28 08:51:02,Paolo Garcia,2025-08-28 08:51:02,Daily/2025/2025-08-28 - REGIS REPORT (28 AUG).html
1689,Daily,2025-08-29,REGIS REPORT (29 AUG),6,Paolo Garcia,2025-08-29 08:47:37,Paolo Garcia,2025-08-29 09:34:14,Daily/2025/2025-08-29 - REGIS REPORT (29 AUG).html
1690,Monthly,2025-08-29,REGIS: Month in Review - AUGUST 2025,5,Regis CMS,2023-06-06 07:46:56,Regis CMS,2025-08-29 17:08:03,Monthly/2025/2025-08-29 - REGIS- Month in Review - AUGUST 2025.html
1691,Daily,2025-09-01,REGIS REPORT (1 SEP),8,Paolo Garcia,2025-09-01 08:57:27,Paolo Garcia,2025-09-01 08:57:27,Daily/2025/2025-09-01 - REGIS REPORT (1 SEP).html
1693,Daily,2025-09-02,REGIS REPORT (2 SEP),7,Paolo Garcia,2025-09-02 08:47:33,Paolo Garcia,2025-09-02 08:47:33,Daily/2025/2025-09-02 - REGIS REPORT (2 SEP).html
1694,Daily,2025-09-03,REGIS REPORT (3 SEP),3,Paolo Garcia,2025-09-03 08:28:48,Paolo Garcia,2025-09-03 08:28:48,Daily/2025/2025-09-03 - REGIS REPORT (3 SEP).html
1695,Daily,2025-09-04,REGIS REPORT (4 SEP),6,Paolo Garcia,2025-09-04 09:01:07,Paolo Garcia,2025-09-04 09:01:07,Daily/2025/2025-09-04 - REGIS REPORT (4 SEP).html
1688,Weekly,2025-09-05,REGIS Week in Review September 5 2025,9,Mio Casano,2025-02-28 09:39:48,Mio Casano,2025-09-04 16:54:12,Weekly/2025/2025-09-05 - REGIS Week in Review September 5 2025.html
1696,Daily,2025-09-05,REGIS REPORT (5 SEP),6,Paolo Garcia,2025-09-05 09:05:44,Paolo Garcia,2025-09-05 09:05:44,Daily/2025/2025-09-05 - REGIS REPORT (5 SEP).html
1697,Daily,2025-09-08,REGIS REPORT (8 SEP),10,Paolo Garcia,2025-09-08 09:00:51,Paolo Garcia,2025-09-08 09:00:51,Daily/2025/2025-09-08 - REGIS REPORT (8 SEP).html
1698,Daily,2025-09-09,REGIS REPORT (9 SEP),4,Paolo Garcia,2025-09-09 08:58:40,Paolo Garcia,2025-09-09 09:59:38,Daily/2025/2025-09-09 - REGIS REPORT (9 SEP).html
1699,Daily,2025-09-10,REGIS REPORT (10 SEP),5,Paolo Garcia,2025-09-10 09:02:15,Paolo Garcia,2025-09-10 09:02:15,Daily/2025/2025-09-10 - REGIS REPORT (10 SEP).html
1700,Daily,2025-09-11,REGIS REPORT (11 SEP),7,Paolo Garcia,2025-09-11 08:28:38,Paolo Garcia,2025-09-11 09:42:23,Daily/2025/2025-09-11 - REGIS REPORT (11 SEP).html
1701,Daily,2025-09-12,REGIS REPORT (12 SEP),7,Paolo Garcia,2025-09-12 09:10:07,Paolo Garcia,2025-09-12 09:10:07,Daily/2025/2025-09-12 - REGIS REPORT (12 SEP).html
1702,Weekly,2025-09-12,REGIS Week in Review September 12 2025,9,Mio Casano,2025-02-28 09:39:48,Mio Casano,2025-09-12 13:54:19,Weekly/2025/2025-09-12 - REGIS Week in Review September 12 2025.html
1703,Daily,2025-09-15,REGIS REPORT (15 SEP),5,Paolo Garcia,2025-09-15 08:36:55,Paolo Garcia,2025-09-15 10:35:05,Daily/2025/2025-09-15 - REGIS REPORT (15 SEP).html
1704,Daily,2025-09-16,REGIS REPORT (16 SEP),6,Paolo Garcia,2025-09-16 08:50:59,Paolo Garcia,2025-09-16 08:50:59,Daily/2025/2025-09-16 - REGIS REPORT (16 SEP).html
1705,Daily,2025-09-17,REGIS REPORT (17 SEP),8,Paolo Garcia,2025-09-17 08:34:34,Paolo Garcia,2025-09-17 08:34:34,Daily/2025/2025-09-17 - REGIS REPORT (17 SEP).html
1706,Daily,2025-09-18,REGIS REPORT (18 SEP),5,Paolo Garcia,2025-09-18 09:24:36,Paolo Garcia,2025-09-18 09:24:36,Daily/2025/2025-09-18 - REGIS REPORT (18 SEP).html
1707,Daily,2025-09-19,REGIS REPORT (19 SEP),6,Paolo Garcia,2025-09-19 08:49:52,Paolo Garcia,2025-09-19 08:49:52,Daily/2025/2025-09-19 - REGIS REPORT (19 SEP).html
1716,Weekly,2025-09-19,REGIS Week in Review September 19 2025,10,Mio Casano,2025-02-28 09:39:48,Patricia Tamase,2025-09-29 11:42:25,Weekly/2025/2025-09-19 - REGIS Week in Review September 19 2025.html
1709,Daily,2025-09-22,REGIS REPORT (22 SEP),8,Paolo Garcia,2025-09-22 09:14:38,Paolo Garcia,2025-09-22 09:14:38,Daily/2025/2025-09-22 - REGIS REPORT (22 SEP).html
1710,Daily,2025-09-23,REGIS REPORT (23 SEP),9,Paolo Garcia,2025-09-23 09:39:02,Paolo Garcia,2025-09-23 09:39:02,Daily/2025/2025-09-23 - REGIS REPORT (23 SEP).html
1711,Daily,2025-09-24,REGIS REPORT (24 SEP),7,Paolo Garcia,2025-09-24 08:43:24,Paolo Garcia,2025-09-24 08:43:24,Daily/2025/2025-09-24 - REGIS REPORT (24 SEP).html
1712,Daily,2025-09-25,REGIS REPORT (25 SEP),7,Paolo Garcia,2025-09-25 08:59:14,Paolo Garcia,2025-09-25 08:59:14,Daily/2025/2025-09-25 - REGIS REPORT (25 SEP).html
1708,Weekly,2025-09-26,REGIS Week in Review September 26 2025,10,Mio Casano,2025-02-28 09:39:48,Patricia Tamase,2025-09-26 17:17:25,Weekly/2025/2025-09-26 - REGIS Week in Review September 26 2025.html
1713,Daily,2025-09-26,REGIS REPORT (26 SEP),7,Paolo Garcia,2025-09-26 08:46:17,Patricia Tamase,2025-09-26 16:34:19,Daily/2025/2025-09-26 - REGIS REPORT (26 SEP).html
1714,Daily,2025-09-29,REGIS REPORT (29 SEP),5,Paolo Garcia,2025-09-29 08:49:35,Paolo Garcia,2025-09-29 08:49:35,Daily/2025/2025-09-29 - REGIS REPORT (29 SEP).html
1717,Monthly,2025-09-30,REGIS: Month in Review - SEPTEMBER 2025,5,Regis CMS,2023-06-06 07:46:56,Patricia Tamase,2025-09-29 11:55:38,Monthly/2025/2025-09-30 - REGIS- Month in Review - SEPTEMBER 2025.html
1718,Daily,2025-09-30,REGIS REPORT (30 SEP),6,Paolo Garcia,2025-09-30 08:42:57,Paolo Garcia,2025-09-30 08:42:57,Daily/2025/2025-09-30 - REGIS REPORT (30 SEP).html
1719,Daily,2025-10-01,REGIS REPORT (1 OCT),9,Paolo Garcia,2025-10-01 08:56:42,Paolo Garcia,2025-10-01 10:12:55,Daily/2025/2025-10-01 - REGIS REPORT (1 OCT).html
1720,Daily,2025-10-02,REGIS REPORT (2 OCT),8,Paolo Garcia,2025-10-02 08:46:47,Paolo Garcia,2025-10-02 08:46:47,Daily/2025/2025-10-02 - REGIS REPORT (2 OCT).html
1721,Daily,2025-10-03,REGIS REPORT (3 OCT),4,Paolo Garcia,2025-10-03 08:51:11,Paolo Garcia,2025-10-03 09:34:00,Daily/2025/2025-10-03 - REGIS REPORT (3 OCT).html
1722,Weekly,2025-10-03,REGIS Week in Review October 3 2025,9,Mio Casano,2025-02-28 09:39:48,Patricia Tamase,2025-10-03 10:15:53,Weekly/2025/2025-10-03 - REGIS Week in Review October 3 2025.html
1723,Daily,2025-10-06,REGIS REPORT (6 OCT),8,Paolo Garcia,2025-10-06 09:43:49,Paolo Garcia,2025-10-06 09:43:49,Daily/2025/2025-10-06 - REGIS REPORT (6 OCT).html
1724,Daily,2025-10-07,REGIS REPORT (7 OCT),5,Paolo Garcia,2025-10-07 08:44:35,Paolo Garcia,2025-10-07 09:41:54,Daily/2025/2025-10-07 - REGIS REPORT (7 OCT).html
1725,Daily,2025-10-08,REGIS REPORT (8 OCT),6,Paolo Garcia,2025-10-08 09:01:59,Paolo Garcia,2025-10-08 09:01:59,Daily/2025/2025-10-08 - REGIS REPORT (8 OCT).html
1726,Daily,2025-10-09,REGIS REPORT (9 OCT),4,Paolo Garcia,2025-10-09 08:24:24,Paolo Garcia,2025-10-09 09:04:07,Daily/2025/2025-10-09 - REGIS REPORT (9 OCT).html
1727,Daily,2025-10-10,REGIS REPORT (10 OCT),6,Paolo Garcia,2025-10-10 08:56:57,Paolo Garcia,2025-10-10 08:56:57,Daily/2025/2025-10-10 - REGIS REPORT (10 OCT).html
1728,Weekly,2025-10-10,REGIS Week in Review October 10 2025,11,Mio Casano,2025-02-28 09:39:48,Patricia Tamase,2025-10-10 11:30:57,Weekly/2025/2025-10-10 - REGIS Week in Review October 10 2025.html
1729,Daily,2025-10-13,REGIS REPORT (13 OCT),7,Paolo Garcia,2025-10-13 09:28:40,Paolo Garcia,2025-10-13 09:28:40,Daily/2025/2025-10-13 - REGIS REPORT (13 OCT).html
1730,Daily,2025-10-14,REGIS REPORT (14 OCT),3,Klyne Resullar,2025-10-14 09:17:33,Klyne Resullar,2025-10-14 09:17:33,Daily/2025/2025-10-14 - REGIS REPORT (14 OCT).html
1731,Daily,2025-10-15,REGIS REPORT (15 OCT),3,Paolo Garcia,2025-10-15 10:33:54,Paolo Garcia,2025-10-15 10:33:54,Daily/2025/2025-10-15 - REGIS REPORT (15 OCT).html
1733,Daily,2025-10-16,REGIS REPORT (16 OCT),3,Paolo Garcia,2025-10-16 09:22:49,Paolo Garcia,2025-10-16 10:07:36,Daily/2025/2025-10-16 - REGIS REPORT (16 OCT).html
1734,Daily,2025-10-17,REGIS REPORT (17 OCT),6,Paolo Garcia,2025-10-17 09:44:53,Paolo Garcia,2025-10-17 09:44:53,Daily/2025/2025-10-17 - REGIS REPORT (17 OCT).html
1735,Weekly,2025-10-17,REGIS Week in Review October 17 2025,10,Mio Casano,2025-02-28 09:39:48,Patricia Tamase,2025-10-28 11:54:42,Weekly/2025/2025-10-17 - REGIS Week in Review October 17 2025.html
1736,Daily,2025-10-20,REGIS REPORT (20 OCT),8,Paolo Garcia,2025-10-20 08:43:33,Paolo Garcia,2025-10-20 08:43:33,Daily/2025/2025-10-20 - REGIS REPORT (20 OCT).html
1737,Daily,2025-10-21,REGIS REPORT (21 OCT),7,Paolo Garcia,2025-10-21 08:34:10,Paolo Garcia,2025-10-21 08:34:10,Daily/2025/2025-10-21 - REGIS REPORT (21 OCT).html
1738,Monthly,2025-10-22,Jefferies & Regis Partners Philippines Conference 2025 - Company Write-ups,10,Patricia Tamase,2025-10-21 09:50:08,Patricia Tamase,2025-10-22 15:22:09,Monthly/2025/2025-10-22 - Jefferies & Regis Partners Philippines Conference 2025 - Company Write-ups.html
1739,Daily,2025-10-22,REGIS REPORT (22 OCT),4,Paolo Garcia,2025-10-22 08:39:24,Paolo Garcia,2025-10-22 08:39:24,Daily/2025/2025-10-22 - REGIS REPORT (22 OCT).html
1740,Daily,2025-10-23,REGIS REPORT (23 OCT),5,Paolo Garcia,2025-10-23 08:43:01,Paolo Garcia,2025-10-23 08:43:01,Daily/2025/2025-10-23 - REGIS REPORT (23 OCT).html
1741,Daily,2025-10-24,REGIS REPORT (24 OCT),4,Paolo Garcia,2025-10-24 08:40:18,Paolo Garcia,2025-10-24 08:40:18,Daily/2025/2025-10-24 - REGIS REPORT (24 OCT).html
1742,Weekly,2025-10-24,REGIS Week in Review October 24 2025,9,Mio Casano,2025-02-28 09:39:48,Patricia Tamase,2025-10-24 10:57:11,Weekly/2025/2025-10-24 - REGIS Week in Review October 24 2025.html
1743,Daily,2025-10-27,REGIS REPORT (27 OCT),3,Paolo Garcia,2025-10-27 08:57:12,Paolo Garcia,2025-10-27 09:40:37,Daily/2025/2025-10-27 - REGIS REPORT (27 OCT).html
1744,Daily,2025-10-28,REGIS REPORT (28 OCT),5,Paolo Garcia,2025-10-28 08:53:26,Paolo Garcia,2025-10-28 08:53:26,Daily/2025/2025-10-28 - REGIS REPORT (28 OCT).html
1745,Daily,2025-10-29,REGIS REPORT (29 OCT),4,Paolo Garcia,2025-10-29 09:04:28,Paolo Garcia,2025-10-29 09:04:28,Daily/2025/2025-10-29 - REGIS REPORT (29 OCT).html
1746,Weekly,2025-10-30,REGIS Week in Review October 30 2025,11,Mio Casano,2025-02-28 09:39:48,Patricia Tamase,2025-10-29 13:41:28,Weekly/2025/2025-10-30 - REGIS Week in Review October 30 2025.html
1747,Daily,2025-10-30,REGIS REPORT (30 OCT),6,Klyne Resullar,2025-10-30 07:44:17,Klyne Resullar,2025-10-30 07:44:17,Daily/2025/2025-10-30 - REGIS REPORT (30 OCT).html
1749,Monthly,2025-10-31,REGIS: Month in Review - OCTOBER 2025,5,Regis CMS,2023-06-06 07:46:56,Patricia Tamase,2025-11-03 12:03:20,Monthly/2025/2025-10-31 - REGIS- Month in Review - OCTOBER 2025.html
1748,Daily,2025-11-03,REGIS REPORT (3 NOV),8,Paolo Garcia,2025-11-03 08:45:44,Paolo Garcia,2025-11-03 08:45:44,Daily/2025/2025-11-03 - REGIS REPORT (3 NOV).html
1750,Daily,2025-11-04,REGIS REPORT (4 NOV),3,Paolo Garcia,2025-11-04 09:07:23,Paolo Garcia,2025-11-04 09:07:23,Daily/2025/2025-11-04 - REGIS REPORT (4 NOV).html
1751,Daily,2025-11-05,REGIS REPORT (5 NOV),4,Paolo Garcia,2025-11-05 08:55:58,Paolo Garcia,2025-11-05 08:55:58,Daily/2025/2025-11-05 - REGIS REPORT (5 NOV).html
1752,Daily,2025-11-06,REGIS REPORT (6 NOV),4,Paolo Garcia,2025-11-06 09:03:28,Paolo Garcia,2025-11-06 09:03:28,Daily/2025/2025-11-06 - REGIS REPORT (6 NOV).html
1753,Daily,2025-11-07,REGIS REPORT (7 NOV),4,Paolo Garcia,2025-11-07 08:51:13,Paolo Garcia,2025-11-07 09:34:10,Daily/2025/2025-11-07 - REGIS REPORT (7 NOV).html
1754,Weekly,2025-11-07,REGIS Week in Review November 7 2025,17,Mio Casano,2025-02-28 09:39:48,Patricia Tamase,2025-11-10 07:26:53,Weekly/2025/2025-11-07 - REGIS Week in Review November 7 2025.html
1755,Daily,2025-11-10,REGIS REPORT (10 NOV),5,Paolo Garcia,2025-11-10 08:39:47,Paolo Garcia,2025-11-10 09:21:43,Daily/2025/2025-11-10 - REGIS REPORT (10 NOV).html
1756,Daily,2025-11-11,REGIS REPORT (11 NOV),4,Paolo Garcia,2025-11-11 08:50:35,Paolo Garcia,2025-11-11 09:36:36,Daily/2025/2025-11-11 - REGIS REPORT (11 NOV).html
1757,Daily,2025-11-12,REGIS REPORT (12 NOV),6,Paolo Garcia,2025-11-12 08:50:49,Paolo Garcia,2025-11-12 08:50:49,Daily/2025/2025-11-12 - REGIS REPORT (12 NOV).html
1758,Daily,2025-11-13,REGIS REPORT (13 NOV),4,Paolo Garcia,2025-11-13 09:11:21,Paolo Garcia,2025-11-13 09:11:21,Daily/2025/2025-11-13 - REGIS REPORT (13 NOV).html
1759,Weekly,2025-11-14,REGIS Week in Review November 14 2025,22,Mio Casano,2025-02-28 09:39:48,Patricia Tamase,2025-11-13 16:20:53,Weekly/2025/2025-11-14 - REGIS Week in Review November 14 2025.html
1760,Daily,2025-11-14,REGIS REPORT (14 NOV),6,Klyne Resullar,2025-11-14 09:39:22,Paolo Garcia,2025-11-14 10:00:56,Daily/2025/2025-11-14 - REGIS REPORT (14 NOV).html
1761,Daily,2025-11-17,REGIS REPORT (17 NOV),5,Paolo Garcia,2025-11-17 09:16:40,Paolo Garcia,2025-11-17 09:16:40,Daily/2025/2025-11-17 - REGIS REPORT (17 NOV).html
1762,Daily,2025-11-18,REGIS REPORT (18 NOV),6,Paolo Garcia,2025-11-18 09:00:32,Paolo Garcia,2025-11-18 09:34:52,Daily/2025/2025-11-18 - REGIS REPORT (18 NOV).html
1763,Daily,2025-11-19,REGIS REPORT (19 NOV),4,Paolo Garcia,2025-11-19 08:57:49,Paolo Garcia,2025-11-19 08:57:49,Daily/2025/2025-11-19 - REGIS REPORT (19 NOV).html
1764,Daily,2025-11-20,REGIS REPORT (20 NOV),5,Paolo Garcia,2025-11-20 08:31:16,Paolo Garcia,2025-11-20 08:31:16,Daily/2025/2025-11-20 - REGIS REPORT (20 NOV).html
1765,Weekly,2025-11-21,REGIS Week in Review November 21 2025,15,Mio Casano,2025-02-28 09:39:48,Patricia Tamase,2025-11-21 16:29:57,Weekly/2025/2025-11-21 - REGIS Week in Review November 21 2025.html
1766,Daily,2025-11-21,REGIS REPORT (21 NOV),5,Paolo Garcia,2025-11-21 08:42:11,Paolo Garcia,2025-11-21 08:42:11,Daily/2025/2025-11-21 - REGIS REPORT (21 NOV).html
1767,Daily,2025-11-24,REGIS REPORT (24 NOV),7,Paolo Garcia,2025-11-24 08:39:35,Paolo Garcia,2025-11-24 08:39:35,Daily/2025/2025-11-24 - REGIS REPORT (24 NOV).html
1768,Daily,2025-11-25,REGIS REPORT (25 NOV),5,Paolo Garcia,2025-11-25 08:13:07,Paolo Garcia,2025-11-25 08:13:07,Daily/2025/2025-11-25 - REGIS REPORT (25 NOV).html
1769,Daily,2025-11-26,REGIS REPORT (26 NOV),5,Paolo Garcia,2025-11-26 08:46:46,Paolo Garcia,2025-11-26 08:46:46,Daily/2025/2025-11-26 - REGIS REPORT (26 NOV).html
1770,Daily,2025-11-27,REGIS REPORT (27 NOV),4,Paolo Garcia,2025-11-27 08:49:21,Paolo Garcia,2025-11-27 08:54:47,Daily/2025/2025-11-27 - REGIS REPORT (27 NOV).html
1771,Daily,2025-11-28,REGIS REPORT (28 NOV),7,Paolo Garcia,2025-11-28 09:05:38,Paolo Garcia,2025-11-28 09:05:38,Daily/2025/2025-11-28 - REGIS REPORT (28 NOV).html
1772,Weekly,2025-11-28,REGIS Week in Review November 28 2025,13,Mio Casano,2025-02-28 09:39:48,Patricia Tamase,2025-11-28 10:18:37,Weekly/2025/2025-11-28 - REGIS Week in Review November 28 2025.html
1774,Monthly,2025-11-28,REGIS: Month in Review - NOVEMBER 2025,5,Regis CMS,2023-06-06 07:46:56,Patricia Tamase,2025-12-01 10:39:38,Monthly/2025/2025-11-28 - REGIS- Month in Review - NOVEMBER 2025.html
1773,Daily,2025-12-01,REGIS REPORT (1 DEC),9,Paolo Garcia,2025-12-01 08:24:45,Paolo Garcia,2025-12-01 08:24:45,Daily/2025/2025-12-01 - REGIS REPORT (1 DEC).html
1775,Daily,2025-12-02,REGIS REPORT (2 DEC),4,Paolo Garcia,2025-12-02 08:28:43,Paolo Garcia,2025-12-02 09:05:59,Daily/2025/2025-12-02 - REGIS REPORT (2 DEC).html
1776,Daily,2025-12-03,REGIS REPORT (3 DEC),5,Paolo Garcia,2025-12-03 08:27:28,Paolo Garcia,2025-12-03 09:20:19,Daily/2025/2025-12-03 - REGIS REPORT (3 DEC).html
1777,Daily,2025-12-04,REGIS REPORT (4 DEC),5,Paolo Garcia,2025-12-04 08:24:25,Paolo Garcia,2025-12-04 09:00:29,Daily/2025/2025-12-04 - REGIS REPORT (4 DEC).html
1778,Daily,2025-12-05,REGIS REPORT (5 DEC),5,Paolo Garcia,2025-12-05 08:46:36,Paolo Garcia,2025-12-05 08:46:36,Daily/2025/2025-12-05 - REGIS REPORT (5 DEC).html
1779,Weekly,2025-12-05,REGIS Week in Review December 5 2025,15,Mio Casano,2025-02-28 09:39:48,Patricia Tamase,2025-12-05 13:52:54,Weekly/2025/2025-12-05 - REGIS Week in Review December 5 2025.html
1780,Daily,2025-12-09,REGIS REPORT (9 DEC),4,Paolo Garcia,2025-12-09 08:27:30,Paolo Garcia,2025-12-09 08:59:16,Daily/2025/2025-12-09 - REGIS REPORT (9 DEC).html
1781,Daily,2025-12-10,REGIS REPORT (10 DEC),4,Paolo Garcia,2025-12-10 08:26:00,Paolo Garcia,2025-12-10 08:39:08,Daily/2025/2025-12-10 - REGIS REPORT (10 DEC).html
1782,Daily,2025-12-11,REGIS REPORT (11 DEC),4,Paolo Garcia,2025-12-11 08:17:05,Paolo Garcia,2025-12-11 08:17:05,Daily/2025/2025-12-11 - REGIS REPORT (11 DEC).html
1783,Daily,2025-12-12,REGIS REPORT (12 DEC),6,Klyne Resullar,2025-12-12 09:09:09,Klyne Resullar,2025-12-12 09:09:09,Daily/2025/2025-12-12 - REGIS REPORT (12 DEC).html
1784,Weekly,2025-12-12,REGIS Week in Review December 12 2025,10,Mio Casano,2025-02-28 09:39:48,Patricia Tamase,2025-12-12 13:51:14,Weekly/2025/2025-12-12 - REGIS Week in Review December 12 2025.html
1785,Daily,2025-12-15,REGIS REPORT (15 DEC),4,Regis CMS,2025-12-15 08:49:04,Regis CMS,2025-12-15 08:49:04,Daily/2025/2025-12-15 - REGIS REPORT (15 DEC).html
1786,Daily,2025-12-16,REGIS REPORT (16 DEC),6,Regis CMS,2025-12-16 09:41:23,Regis CMS,2025-12-16 09:41:23,Daily/2025/2025-12-16 - REGIS REPORT (16 DEC).html
1787,Daily,2025-12-17,REGIS REPORT (17 DEC),5,Klyne Resullar,2025-12-17 09:21:10,Klyne Resullar,2025-12-17 09:21:10,Daily/2025/2025-12-17 - REGIS REPORT (17 DEC).html
1788,Daily,2025-12-18,REGIS REPORT (18 DEC),4,Klyne Resullar,2025-12-18 08:42:07,Klyne Resullar,2025-12-18 08:42:07,Daily/2025/2025-12-18 - REGIS REPORT (18 DEC).html
1789,Daily,2025-12-19,REGIS REPORT (19 DEC),7,Klyne Resullar,2025-12-19 08:51:03,Klyne Resullar,2025-12-19 08:51:03,Daily/2025/2025-12-19 - REGIS REPORT (19 DEC).html
1790,Weekly,2025-12-19,REGIS Week in Review December 19 2025,10,Mio Casano,2025-02-28 09:39:48,Patricia Tamase,2025-12-19 16:48:32,Weekly/2025/2025-12-19 - REGIS Week in Review December 19 2025.html
1791,Daily,2025-12-22,REGIS REPORT (22 DEC),4,Paolo Garcia,2025-12-22 09:03:01,Paolo Garcia,2025-12-22 09:03:01,Daily/2025/2025-12-22 - REGIS REPORT (22 DEC).html
1792,Daily,2025-12-23,REGIS REPORT (23 DEC),7,Paolo Garcia,2025-12-23 08:37:32,Paolo Garcia,2025-12-23 09:30:25,Daily/2025/2025-12-23 - REGIS REPORT (23 DEC).html
1793,Daily,2025-12-26,REGIS REPORT (26 DEC),5,Paolo Garcia,2025-12-26 09:08:33,Paolo Garcia,2025-12-26 09:42:49,Daily/2025/2025-12-26 - REGIS REPORT (26 DEC).html
1794,Weekly,2025-12-26,REGIS Week in Review December 26 2025,9,Mio Casano,2025-02-28 09:39:48,Patricia Tamase,2025-12-26 18:17:46,Weekly/2025/2025-12-26 - REGIS Week in Review December 26 2025.html
1795,Daily,2025-12-29,REGIS REPORT (29 DEC),11,Paolo Garcia,2025-12-29 08:39:38,Paolo Garcia,2025-12-29 09:47:55,Daily/2025/2025-12-29 - REGIS REPORT (29 DEC).html
1797,Monthly,2025-12-31,REGIS: Month in Review - DECEMBER 2025,5,Regis CMS,2023-06-06 07:46:56,Patricia Tamase,2026-01-05 16:15:36,Monthly/2025/2025-12-31 - REGIS- Month in Review - DECEMBER 2025.html
1796,Daily,2026-01-02,REGIS REPORT (2 JAN),5,Paolo Garcia,2026-01-02 08:33:30,Paolo Garcia,2026-01-02 08:33:30,Daily/2026/2026-01-02 - REGIS REPORT (2 JAN).html
1799,Daily,2026-01-06,REGIS REPORT (6 JAN),7,Paolo Garcia,2026-01-06 08:31:07,Paolo Garcia,2026-01-06 09:33:00,Daily/2026/2026-01-06 - REGIS REPORT (6 JAN).html
1801,Daily,2026-01-08,REGIS REPORT (8 JAN),8,Paolo Garcia,2026-01-08 08:49:39,Paolo Garcia,2026-01-08 08:49:39,Daily/2026/2026-01-08 - REGIS REPORT (8 JAN).html
1802,Daily,2026-01-09,REGIS REPORT (9 JAN),5,Klyne Resullar,2026-01-09 08:22:03,Klyne Resullar,2026-01-09 08:22:03,Daily/2026/2026-01-09 - REGIS REPORT (9 JAN).html
1803,Weekly,2026-01-09,REGIS Week in Review January 9 2026,12,Mio Casano,2025-02-28 09:39:48,Patricia Tamase,2026-02-06 11:15:10,Weekly/2026/2026-01-09 - REGIS Week in Review January 9 2026.html
1804,Daily,2026-01-12,REGIS REPORT (12 JAN),6,Paolo Garcia,2026-01-12 09:09:50,Paolo Garcia,2026-01-12 09:09:50,Daily/2026/2026-01-12 - REGIS REPORT (12 JAN).html
1806,Daily,2026-01-14,REGIS REPORT (14 JAN),6,Paolo Garcia,2026-01-14 09:21:41,Paolo Garcia,2026-01-14 09:21:41,Daily/2026/2026-01-14 - REGIS REPORT (14 JAN).html
1807,Daily,2026-01-15,REGIS REPORT (15 JAN),5,Paolo Garcia,2026-01-15 08:49:27,Paolo Garcia,2026-01-15 09:22:43,Daily/2026/2026-01-15 - REGIS REPORT (15 JAN).html
1809,Weekly,2026-01-16,REGIS Week in Review January 16 2026,12,Mio Casano,2025-02-28 09:39:48,Patricia Tamase,2026-02-06 11:14:56,Weekly/2026/2026-01-16 - REGIS Week in Review January 16 2026.html
1810,Daily,2026-01-20,REGIS REPORT (20 JAN),7,Paolo Garcia,2026-01-20 08:39:38,Paolo Garcia,2026-01-20 08:39:38,Daily/2026/2026-01-20 - REGIS REPORT (20 JAN).html
1812,Daily,2026-01-22,REGIS REPORT (22 JAN),7,Paolo Garcia,2026-01-22 08:18:21,Paolo Garcia,2026-01-22 09:21:12,Daily/2026/2026-01-22 - REGIS REPORT (22 JAN).html
1813,Daily,2026-01-23,REGIS REPORT (23 JAN),6,Paolo Garcia,2026-01-23 08:29:17,Paolo Garcia,2026-01-23 09:16:45,Daily/2026/2026-01-23 - REGIS REPORT (23 JAN).html
1814,Weekly,2026-01-23,REGIS Week in Review January 23 2026,11,Mio Casano,2025-02-28 09:39:48,Patricia Tamase,2026-02-06 11:14:42,Weekly/2026/2026-01-23 - REGIS Week in Review January 23 2026.html
1815,Daily,2026-01-26,REGIS REPORT (26 JAN),6,Paolo Garcia,2026-01-26 08:44:08,Paolo Garcia,2026-01-26 08:44:08,Daily/2026/2026-01-26 - REGIS REPORT (26 JAN).html
1816,Daily,2026-01-27,REGIS REPORT (27 JAN),9,Paolo Garcia,2026-01-27 08:57:25,Paolo Garcia,2026-01-27 08:57:25,Daily/2026/2026-01-27 - REGIS REPORT (27 JAN).html
1817,Daily,2026-01-28,REGIS REPORT (28 JAN),7,Paolo Garcia,2026-01-28 08:43:59,Paolo Garcia,2026-01-28 10:57:18,Daily/2026/2026-01-28 - REGIS REPORT (28 JAN).html
1818,Daily,2026-01-29,REGIS REPORT (29 JAN),6,Paolo Garcia,2026-01-29 09:02:53,Paolo Garcia,2026-01-29 09:02:53,Daily/2026/2026-01-29 - REGIS REPORT (29 JAN).html
1819,Daily,2026-01-30,REGIS REPORT (30 JAN),5,Paolo Garcia,2026-01-30 09:43:53,Paolo Garcia,2026-01-30 09:43:53,Daily/2026/2026-01-30 - REGIS REPORT (30 JAN).html
1820,Weekly,2026-01-30,REGIS Week in Review January 30 2026,13,Mio Casano,2025-02-28 09:39:48,Patricia Tamase,2026-02-06 11:14:27,Weekly/2026/2026-01-30 - REGIS Week in Review January 30 2026.html
1821,Monthly,2026-01-31,REGIS: Month in Review - JANUARY 2026,5,Regis CMS,2023-06-06 07:46:56,Patricia Tamase,2026-02-02 08:34:24,Monthly/2026/2026-01-31 - REGIS- Month in Review - JANUARY 2026.html
1822,Daily,2026-02-02,REGIS REPORT (2 FEB),11,Paolo Garcia,2026-02-02 09:03:23,Paolo Garcia,2026-02-02 09:03:23,Daily/2026/2026-02-02 - REGIS REPORT (2 FEB).html
1823,Daily,2026-02-03,REGIS REPORT (3 FEB),4,Paolo Garcia,2026-02-03 09:00:58,Paolo Garcia,2026-02-03 09:27:44,Daily/2026/2026-02-03 - REGIS REPORT (3 FEB).html
1824,Daily,2026-02-04,REGIS REPORT (4 FEB),5,Paolo Garcia,2026-02-04 08:49:36,Paolo Garcia,2026-02-04 08:49:36,Daily/2026/2026-02-04 - REGIS REPORT (4 FEB).html
1825,Daily,2026-02-05,REGIS REPORT (5 FEB),8,Paolo Garcia,2026-02-05 09:06:32,Paolo Garcia,2026-02-05 09:46:47,Daily/2026/2026-02-05 - REGIS REPORT (5 FEB).html
1826,Daily,2026-02-06,REGIS REPORT (6 FEB),6,Paolo Garcia,2026-02-06 09:00:52,Paolo Garcia,2026-02-06 09:27:24,Daily/2026/2026-02-06 - REGIS REPORT (6 FEB).html
1827,Weekly,2026-02-06,REGIS Week in Review February 6 2026,9,Mio Casano,2025-02-28 09:39:48,Patricia Tamase,2026-02-06 11:52:04,Weekly/2026/2026-02-06 - REGIS Week in Review February 6 2026.html
1828,Daily,2026-02-09,REGIS REPORT (9 FEB),7,Klyne Resullar,2026-02-09 08:52:13,Klyne Resullar,2026-02-09 08:52:13,Daily/2026/2026-02-09 - REGIS REPORT (9 FEB).html
1829,Daily,2026-02-10,REGIS REPORT (10 FEB),3,Paolo Garcia,2026-02-10 09:13:32,Paolo Garcia,2026-02-10 09:13:32,Daily/2026/2026-02-10 - REGIS REPORT (10 FEB).html
1830,Daily,2026-02-11,REGIS REPORT (11 FEB),7,Paolo Garcia,2026-02-11 09:27:55,Paolo Garcia,2026-02-11 09:27:55,Daily/2026/2026-02-11 - REGIS REPORT (11 FEB).html
1831,Daily,2026-02-12,REGIS REPORT (12 FEB),5,Paolo Garcia,2026-02-12 09:28:13,Paolo Garcia,2026-02-12 09:28:13,Daily/2026/2026-02-12 - REGIS REPORT (12 FEB).html
1832,Daily,2026-02-13,REGIS REPORT (13 FEB),5,Paolo Garcia,2026-02-13 08:50:10,Paolo Garcia,2026-02-13 08:50:10,Daily/2026/2026-02-13 - REGIS REPORT (13 FEB).html
1833,Weekly,2026-02-13,REGIS Week in Review February 13 2026,15,Mio Casano,2025-02-28 09:39:48,Patricia Tamase,2026-02-13 10:35:35,Weekly/2026/2026-02-13 - REGIS Week in Review February 13 2026.html
1834,Daily,2026-02-16,REGIS REPORT (16 FEB),7,Paolo Garcia,2026-02-16 09:19:26,Paolo Garcia,2026-02-16 09:19:34,Daily/2026/2026-02-16 - REGIS REPORT (16 FEB).html
1835,Daily,2026-02-18,REGIS REPORT (18 FEB),7,Paolo Garcia,2026-02-18 09:47:38,Paolo Garcia,2026-02-18 09:47:38,Daily/2026/2026-02-18 - REGIS REPORT (18 FEB).html
1836,Daily,2026-02-19,REGIS REPORT (19 FEB),4,Klyne Resullar,2026-02-19 08:59:22,Klyne Resullar,2026-02-19 08:59:22,Daily/2026/2026-02-19 - REGIS REPORT (19 FEB).html
1837,Daily,2026-02-20,REGIS REPORT (20 FEB),7,Paolo Garcia,2026-02-20 09:37:16,Paolo Garcia,2026-02-20 09:37:16,Daily/2026/2026-02-20 - REGIS REPORT (20 FEB).html
1838,Weekly,2026-02-20,REGIS Week in Review February 20 2026,13,Mio Casano,2025-02-28 09:39:48,Patricia Tamase,2026-02-20 10:47:23,Weekly/2026/2026-02-20 - REGIS Week in Review February 20 2026.html
1839,Daily,2026-02-23,REGIS REPORT (23 FEB),4,Paolo Garcia,2026-02-23 08:45:02,Paolo Garcia,2026-02-23 08:45:02,Daily/2026/2026-02-23 - REGIS REPORT (23 FEB).html
1840,Daily,2026-02-24,REGIS REPORT (24 FEB),4,Paolo Garcia,2026-02-24 08:30:37,Paolo Garcia,2026-02-24 08:30:37,Daily/2026/2026-02-24 - REGIS REPORT (24 FEB).html
1841,Daily,2026-02-25,REGIS REPORT (25 FEB),4,Paolo Garcia,2026-02-25 09:06:17,Paolo Garcia,2026-02-25 09:06:17,Daily/2026/2026-02-25 - REGIS REPORT (25 FEB).html
1842,Daily,2026-02-26,REGIS REPORT (26 FEB),5,Paolo Garcia,2026-02-26 09:28:55,Paolo Garcia,2026-02-26 09:28:55,Daily/2026/2026-02-26 - REGIS REPORT (26 FEB).html
1843,Daily,2026-02-27,REGIS REPORT (27 FEB),5,Paolo Garcia,2026-02-27 09:40:01,Paolo Garcia,2026-02-27 09:58:20,Daily/2026/2026-02-27 - REGIS REPORT (27 FEB).html
1844,Weekly,2026-02-27,REGIS Week in Review February 27 2026,15,Mio Casano,2025-02-28 09:39:48,Patricia Tamase,2026-02-27 10:24:54,Weekly/2026/2026-02-27 - REGIS Week in Review February 27 2026.html
1845,Daily,2026-03-02,REGIS REPORT (2 MAR),7,Paolo Garcia,2026-03-02 09:56:11,Paolo Garcia,2026-03-02 09:56:11,Daily/2026/2026-03-02 - REGIS REPORT (2 MAR).html
1846,Daily,2026-03-03,REGIS REPORT (3 MAR),6,Paolo Garcia,2026-03-03 09:10:24,Paolo Garcia,2026-03-03 09:10:24,Daily/2026/2026-03-03 - REGIS REPORT (3 MAR).html
1847,Monthly,2026-03-03,REGIS: Month in Review - FEBRUARY 2026,5,Regis CMS,2023-06-06 07:46:56,Regis CMS,2026-03-03 10:39:15,Monthly/2026/2026-03-03 - REGIS- Month in Review - FEBRUARY 2026.html
1848,Daily,2026-03-04,REGIS REPORT (4 MAR),3,Klyne Resullar,2026-03-04 08:54:18,Klyne Resullar,2026-03-04 08:54:18,Daily/2026/2026-03-04 - REGIS REPORT (4 MAR).html
1849,Daily,2026-03-05,REGIS REPORT (5 MAR),7,Paolo Garcia,2026-03-05 08:53:58,Paolo Garcia,2026-03-05 08:53:58,Daily/2026/2026-03-05 - REGIS REPORT (5 MAR).html
1850,Weekly,2026-03-06,REGIS Week in Review March 6 2026,17,Mio Casano,2025-02-28 09:39:48,Patricia Tamase,2026-03-05 14:34:07,Weekly/2026/2026-03-06 - REGIS Week in Review March 6 2026.html
1851,Daily,2026-03-06,REGIS REPORT (6 MAR),6,Paolo Garcia,2026-03-06 08:52:57,Paolo Garcia,2026-03-06 08:52:57,Daily/2026/2026-03-06 - REGIS REPORT (6 MAR).html
1852,Daily,2026-03-09,REGIS REPORT (9 MAR),7,Paolo Garcia,2026-03-09 08:28:26,Paolo Garcia,2026-03-10 10:13:00,Daily/2026/2026-03-09 - REGIS REPORT (9 MAR).html
1854,Daily,2026-03-10,REGIS REPORT (10 MAR),3,Paolo Garcia,2026-03-10 10:15:36,Paolo Garcia,2026-03-10 10:22:06,Daily/2026/2026-03-10 - REGIS REPORT (10 MAR).html
1855,Daily,2026-03-11,REGIS REPORT (11 MAR),5,Paolo Garcia,2026-03-11 08:56:41,Paolo Garcia,2026-03-11 08:56:41,Daily/2026/2026-03-11 - REGIS REPORT (11 MAR).html
1856,Daily,2026-03-12,REGIS REPORT (12 MAR),5,Paolo Garcia,2026-03-12 08:52:26,Paolo Garcia,2026-03-12 08:52:26,Daily/2026/2026-03-12 - REGIS REPORT (12 MAR).html
1857,Daily,2026-03-13,REGIS REPORT (13 MAR),3,Paolo Garcia,2026-03-13 08:34:52,Paolo Garcia,2026-03-13 08:34:52,Daily/2026/2026-03-13 - REGIS REPORT (13 MAR).html
1858,Weekly,2026-03-13,REGIS Week in Review March 13 2026,14,Mio Casano,2025-02-28 09:39:48,Patricia Tamase,2026-03-13 10:57:36,Weekly/2026/2026-03-13 - REGIS Week in Review March 13 2026.html
1859,Daily,2026-03-16,REGIS REPORT (16 MAR),5,Paolo Garcia,2026-03-16 08:51:02,Paolo Garcia,2026-03-16 08:51:02,Daily/2026/2026-03-16 - REGIS REPORT (16 MAR).html
1860,Daily,2026-03-17,REGIS REPORT (17 MAR),7,Paolo Garcia,2026-03-17 08:55:10,Paolo Garcia,2026-03-17 08:55:10,Daily/2026/2026-03-17 - REGIS REPORT (17 MAR).html
1861,Daily,2026-03-18,REGIS REPORT (18 MAR),9,Paolo Garcia,2026-03-18 08:39:20,Paolo Garcia,2026-03-18 10:04:01,Daily/2026/2026-03-18 - REGIS REPORT (18 MAR).html
1862,Daily,2026-03-19,REGIS REPORT (19 MAR),7,Paolo Garcia,2026-03-19 08:52:05,Paolo Garcia,2026-03-19 08:52:05,Daily/2026/2026-03-19 - REGIS REPORT (19 MAR).html
1863,Weekly,2026-03-19,REGIS Week in Review March 19 2026,14,Mio Casano,2025-02-28 09:39:48,Patricia Tamase,2026-03-27 10:32:33,Weekly/2026/2026-03-19 - REGIS Week in Review March 19 2026.html
1864,Daily,2026-03-23,REGIS REPORT (23 MAR),7,Paolo Garcia,2026-03-23 08:33:49,Paolo Garcia,2026-03-23 08:33:49,Daily/2026/2026-03-23 - REGIS REPORT (23 MAR).html
1865,Daily,2026-03-24,REGIS REPORT (24 MAR),6,Paolo Garcia,2026-03-24 08:50:09,Paolo Garcia,2026-03-24 08:50:09,Daily/2026/2026-03-24 - REGIS REPORT (24 MAR).html
1866,Daily,2026-03-25,REGIS REPORT (25 MAR),6,Paolo Garcia,2026-03-25 08:44:28,Paolo Garcia,2026-03-25 08:44:28,Daily/2026/2026-03-25 - REGIS REPORT (25 MAR).html
1868,Daily,2026-03-27,REGIS REPORT (27 MAR),8,Paolo Garcia,2026-03-27 09:11:15,Paolo Garcia,2026-03-27 09:11:15,Daily/2026/2026-03-27 - REGIS REPORT (27 MAR).html
1869,Weekly,2026-03-27,REGIS Week in Review March 27 2026,13,Mio Casano,2025-02-28 09:39:48,Patricia Tamase,2026-03-27 10:35:20,Weekly/2026/2026-03-27 - REGIS Week in Review March 27 2026.html
1870,Daily,2026-03-30,REGIS REPORT (30 MAR),5,Paolo Garcia,2026-03-30 09:27:05,Paolo Garcia,2026-03-30 09:27:05,Daily/2026/2026-03-30 - REGIS REPORT (30 MAR).html
1871,Monthly,2026-03-31,REGIS: Month in Review - MARCH 2026,5,Regis CMS,2023-06-06 07:46:56,Patricia Tamase,2026-03-30 11:59:25,Monthly/2026/2026-03-31 - REGIS- Month in Review - MARCH 2026.html
1872,Daily,2026-03-31,REGIS REPORT (31 MAR),4,Paolo Garcia,2026-03-31 08:48:00,Paolo Garcia,2026-03-31 08:48:00,Daily/2026/2026-03-31 - REGIS REPORT (31 MAR).html
1873,Daily,2026-04-01,REGIS REPORT (1 APR),8,Regis CMS,2026-04-01 08:48:01,Regis CMS,2026-04-01 08:48:01,Daily/2026/2026-04-01 - REGIS REPORT (1 APR).html
1874,Weekly,2026-04-01,REGIS Week in Review April 1 2026,10,Mio Casano,2025-02-28 09:39:48,Patricia Tamase,2026-04-01 10:19:14,Weekly/2026/2026-04-01 - REGIS Week in Review April 1 2026.html
1875,Daily,2026-04-06,REGIS REPORT (6 APR),7,Paolo Garcia,2026-04-06 08:43:46,Paolo Garcia,2026-04-06 08:43:46,Daily/2026/2026-04-06 - REGIS REPORT (6 APR).html
1876,Daily,2026-04-07,REGIS REPORT (7 APR),6,Paolo Garcia,2026-04-07 08:28:35,Paolo Garcia,2026-04-07 09:18:55,Daily/2026/2026-04-07 - REGIS REPORT (7 APR).html
1877,Daily,2026-04-08,REGIS REPORT (8 APR),5,Paolo Garcia,2026-04-08 08:52:33,Paolo Garcia,2026-04-08 08:52:33,Daily/2026/2026-04-08 - REGIS REPORT (8 APR).html
1878,Daily,2026-04-10,REGIS REPORT (10 APR),10,Paolo Garcia,2026-04-10 08:38:35,Paolo Garcia,2026-04-10 09:31:12,Daily/2026/2026-04-10 - REGIS REPORT (10 APR).html
1879,Weekly,2026-04-10,REGIS Week in Review April 10 2026,10,Mio Casano,2025-02-28 09:39:48,Patricia Tamase,2026-04-10 15:05:55,Weekly/2026/2026-04-10 - REGIS Week in Review April 10 2026.html
1881,Daily,2026-04-13,REGIS REPORT (13 APR),4,Paolo Garcia,2026-04-13 08:25:14,Paolo Garcia,2026-04-13 08:25:14,Daily/2026/2026-04-13 - REGIS REPORT (13 APR).html
1882,Daily,2026-04-14,REGIS REPORT (14 APR),2,Paolo Garcia,2026-04-14 09:03:21,Paolo Garcia,2026-04-14 09:03:21,Daily/2026/2026-04-14 - REGIS REPORT (14 APR).html
1883,Daily,2026-04-15,REGIS REPORT (15 APR),6,Paolo Garcia,2026-04-15 08:23:09,Paolo Garcia,2026-04-15 08:23:09,Daily/2026/2026-04-15 - REGIS REPORT (15 APR).html
1884,Daily,2026-04-16,REGIS REPORT (16 APR),8,Paolo Garcia,2026-04-16 08:53:06,Paolo Garcia,2026-04-16 08:53:06,Daily/2026/2026-04-16 - REGIS REPORT (16 APR).html
1885,Daily,2026-04-17,REGIS REPORT (17 APR),9,Paolo Garcia,2026-04-17 09:09:59,Paolo Garcia,2026-04-17 09:09:59,Daily/2026/2026-04-17 - REGIS REPORT (17 APR).html
1886,Weekly,2026-04-17,REGIS Week in Review April 17 2026,10,Mio Casano,2025-02-28 09:39:48,Patricia Tamase,2026-04-17 09:50:20,Weekly/2026/2026-04-17 - REGIS Week in Review April 17 2026.html
1887,Daily,2026-04-20,REGIS REPORT (20 APR),6,Paolo Garcia,2026-04-20 08:45:11,Paolo Garcia,2026-04-20 09:21:35,Daily/2026/2026-04-20 - REGIS REPORT (20 APR).html
1888,Daily,2026-04-21,REGIS REPORT (21 APR),8,Paolo Garcia,2026-04-21 09:07:38,Paolo Garcia,2026-04-21 09:45:23,Daily/2026/2026-04-21 - REGIS REPORT (21 APR).html
1889,Daily,2026-04-22,REGIS REPORT (22 APR),3,Paolo Garcia,2026-04-22 08:51:58,Paolo Garcia,2026-04-22 08:51:58,Daily/2026/2026-04-22 - REGIS REPORT (22 APR).html
1890,Daily,2026-04-23,REGIS REPORT (23 APR),4,Klyne Resullar,2026-04-23 09:10:48,Klyne Resullar,2026-04-23 09:10:48,Daily/2026/2026-04-23 - REGIS REPORT (23 APR).html
1891,Daily,2026-04-24,REGIS REPORT (24 APR),7,Klyne Resullar,2026-04-24 08:53:17,Klyne Resullar,2026-04-24 08:53:17,Daily/2026/2026-04-24 - REGIS REPORT (24 APR).html
1892,Weekly,2026-04-24,REGIS Week in Review April 24 2026,11,Mio Casano,2025-02-28 09:39:48,Patricia Tamase,2026-04-24 10:44:18,Weekly/2026/2026-04-24 - REGIS Week in Review April 24 2026.html
1893,Daily,2026-04-27,REGIS REPORT (27 APR),7,Klyne Resullar,2026-04-27 09:06:43,Klyne Resullar,2026-04-27 09:06:43,Daily/2026/2026-04-27 - REGIS REPORT (27 APR).html
1894,Daily,2026-04-28,REGIS REPORT (28 APR),3,Paolo Garcia,2026-04-28 08:38:45,Paolo Garcia,2026-04-28 08:38:45,Daily/2026/2026-04-28 - REGIS REPORT (28 APR).html
1895,Daily,2026-04-29,REGIS REPORT (29 APR),4,Paolo Garcia,2026-04-29 08:45:07,Paolo Garcia,2026-04-29 09:29:29,Daily/2026/2026-04-29 - REGIS REPORT (29 APR).html
1896,Weekly,2026-04-30,REGIS Week in Review April 30 2026,13,Mio Casano,2025-02-28 09:39:48,Patricia Tamase,2026-04-29 14:51:16,Weekly/2026/2026-04-30 - REGIS Week in Review April 30 2026.html
1897,Daily,2026-04-30,REGIS REPORT (30 APR),6,Paolo Garcia,2026-04-30 08:50:19,Paolo Garcia,2026-04-30 08:50:19,Daily/2026/2026-04-30 - REGIS REPORT (30 APR).html
1898,Monthly,2026-04-30,REGIS: Month in Review - APRIL 2026,5,Regis CMS,2023-06-06 07:46:56,Patricia Tamase,2026-04-30 09:47:36,Monthly/2026/2026-04-30 - REGIS- Month in Review - APRIL 2026.html
1899,Daily,2026-05-04,REGIS REPORT (4 MAY),7,Paolo Garcia,2026-05-04 09:50:08,Paolo Garcia,2026-05-04 09:50:08,Daily/2026/2026-05-04 - REGIS REPORT (4 MAY).html
1900,Daily,2026-05-05,REGIS REPORT (5 MAY),5,Klyne Resullar,2026-05-05 09:28:49,Klyne Resullar,2026-05-05 09:28:49,Daily/2026/2026-05-05 - REGIS REPORT (5 MAY).html
1901,Daily,2026-05-06,REGIS REPORT (6 MAY),7,Paolo Garcia,2026-05-06 09:02:21,Paolo Garcia,2026-05-06 09:02:21,Daily/2026/2026-05-06 - REGIS REPORT (6 MAY).html
1902,Daily,2026-05-07,REGIS REPORT (7 MAY),4,Paolo Garcia,2026-05-07 09:04:49,Paolo Garcia,2026-05-07 09:04:49,Daily/2026/2026-05-07 - REGIS REPORT (7 MAY).html
1903,Weekly,2026-05-08,REGIS Week in Review May 8 2026,20,Mio Casano,2025-02-28 09:39:48,Patricia Tamase,2026-05-07 13:55:04,Weekly/2026/2026-05-08 - REGIS Week in Review May 8 2026.html
1904,Daily,2026-05-08,REGIS REPORT (8 MAY),5,Paolo Garcia,2026-05-08 09:02:44,Paolo Garcia,2026-05-08 09:02:44,Daily/2026/2026-05-08 - REGIS REPORT (8 MAY).html
1905,Daily,2026-05-11,REGIS REPORT (11 MAY),4,Paolo Garcia,2026-05-11 08:44:04,Paolo Garcia,2026-05-11 08:44:04,Daily/2026/2026-05-11 - REGIS REPORT (11 MAY).html
1906,Daily,2026-05-12,REGIS REPORT (12 MAY),8,Paolo Garcia,2026-05-12 09:41:26,Paolo Garcia,2026-05-12 09:41:26,Daily/2026/2026-05-12 - REGIS REPORT (12 MAY).html
1907,Daily,2026-05-13,REGIS REPORT (13 MAY),6,Paolo Garcia,2026-05-13 09:06:55,Paolo Garcia,2026-05-13 09:06:55,Daily/2026/2026-05-13 - REGIS REPORT (13 MAY).html
1908,Daily,2026-05-14,REGIS REPORT (14 MAY),8,Paolo Garcia,2026-05-14 09:06:35,Paolo Garcia,2026-05-14 09:53:28,Daily/2026/2026-05-14 - REGIS REPORT (14 MAY).html
1909,Weekly,2026-05-15,REGIS Week in Review May 15 2026,16,Mio Casano,2025-02-28 09:39:48,Patricia Tamase,2026-05-14 10:02:53,Weekly/2026/2026-05-15 - REGIS Week in Review May 15 2026.html
1910,Daily,2026-05-15,REGIS REPORT (15 MAY),3,Paolo Garcia,2026-05-15 09:15:29,Paolo Garcia,2026-05-15 09:15:29,Daily/2026/2026-05-15 - REGIS REPORT (15 MAY).html
1911,Daily,2026-05-18,REGIS REPORT (18 MAY),2,Paolo Garcia,2026-05-18 09:44:49,Paolo Garcia,2026-05-18 09:44:49,Daily/2026/2026-05-18 - REGIS REPORT (18 MAY).html
1912,Daily,2026-05-19,REGIS REPORT (19 MAY),7,Klyne Resullar,2026-05-19 08:43:36,Klyne Resullar,2026-05-19 08:43:36,Daily/2026/2026-05-19 - REGIS REPORT (19 MAY).html
1913,Daily,2026-05-20,REGIS REPORT (20 MAY),4,Paolo Garcia,2026-05-20 08:58:41,Paolo Garcia,2026-05-20 08:58:41,Daily/2026/2026-05-20 - REGIS REPORT (20 MAY).html
1914,Daily,2026-05-21,REGIS REPORT (21 MAY),4,Paolo Garcia,2026-05-21 08:47:14,Paolo Garcia,2026-05-21 08:47:14,Daily/2026/2026-05-21 - REGIS REPORT (21 MAY).html
1915,Daily,2026-05-22,REGIS REPORT (22 MAY),5,Paolo Garcia,2026-05-22 08:58:52,Paolo Garcia,2026-05-22 08:58:52,Daily/2026/2026-05-22 - REGIS REPORT (22 MAY).html
1916,Weekly,2026-05-22,REGIS Week in Review May 22 2026,16,Mio Casano,2025-02-28 09:39:48,Patricia Tamase,2026-05-29 11:07:35,Weekly/2026/2026-05-22 - REGIS Week in Review May 22 2026.html
1917,Daily,2026-05-25,REGIS REPORT (25 MAY),6,Paolo Garcia,2026-05-25 08:33:12,Paolo Garcia,2026-05-25 08:33:12,Daily/2026/2026-05-25 - REGIS REPORT (25 MAY).html
1918,Daily,2026-05-26,REGIS REPORT (26 MAY),4,Klyne Resullar,2026-05-26 09:00:47,Klyne Resullar,2026-05-26 09:00:47,Daily/2026/2026-05-26 - REGIS REPORT (26 MAY).html
1919,Daily,2026-05-28,REGIS REPORT (28 MAY),7,Paolo Garcia,2026-05-28 09:06:11,Paolo Garcia,2026-05-28 09:06:11,Daily/2026/2026-05-28 - REGIS REPORT (28 MAY).html
1920,Daily,2026-05-29,REGIS REPORT (29 MAY),3,Paolo Garcia,2026-05-29 08:40:00,Paolo Garcia,2026-05-29 08:40:00,Daily/2026/2026-05-29 - REGIS REPORT (29 MAY).html
1921,Weekly,2026-05-29,REGIS Week in Review May 29 2026,12,Mio Casano,2025-02-28 09:39:48,Patricia Tamase,2026-05-29 09:50:54,Weekly/2026/2026-05-29 - REGIS Week in Review May 29 2026.html
1922,Monthly,2026-05-29,REGIS: Month in Review - MAY 2026,5,Regis CMS,2023-06-06 07:46:56,Patricia Tamase,2026-05-29 11:06:30,Monthly/2026/2026-05-29 - REGIS- Month in Review - MAY 2026.html
1923,Daily,2026-06-01,REGIS REPORT (1 JUN),7,Paolo Garcia,2026-06-01 08:34:52,Paolo Garcia,2026-06-01 08:34:52,Daily/2026/2026-06-01 - REGIS REPORT (1 JUN).html
1924,Daily,2026-06-02,REGIS REPORT (2 JUN),3,Paolo Garcia,2026-06-02 08:28:39,Paolo Garcia,2026-06-02 09:16:21,Daily/2026/2026-06-02 - REGIS REPORT (2 JUN).html
1925,Daily,2026-06-03,REGIS REPORT (3 JUN),5,Paolo Garcia,2026-06-03 08:28:10,Paolo Garcia,2026-06-03 08:28:10,Daily/2026/2026-06-03 - REGIS REPORT (3 JUN).html
1926,Daily,2026-06-04,REGIS REPORT (4 JUN),10,Paolo Garcia,2026-06-04 08:50:44,Paolo Garcia,2026-06-04 08:50:44,Daily/2026/2026-06-04 - REGIS REPORT (4 JUN).html
1927,Daily,2026-06-05,REGIS REPORT (5 JUN),5,Paolo Garcia,2026-06-05 08:31:53,Paolo Garcia,2026-06-05 09:19:24,Daily/2026/2026-06-05 - REGIS REPORT (5 JUN).html
1928,Weekly,2026-06-05,REGIS Week in Review June 5 2026,13,Mio Casano,2025-02-28 09:39:48,Mio Casano,2026-06-11 15:58:24,Weekly/2026/2026-06-05 - REGIS Week in Review June 5 2026.html
1929,Daily,2026-06-08,REGIS REPORT (8 JUN),6,Paolo Garcia,2026-06-08 08:41:01,Paolo Garcia,2026-06-08 08:41:01,Daily/2026/2026-06-08 - REGIS REPORT (8 JUN).html
1930,Daily,2026-06-09,REGIS REPORT (9 JUN),4,Paolo Garcia,2026-06-09 08:31:54,Paolo Garcia,2026-06-09 09:33:37,Daily/2026/2026-06-09 - REGIS REPORT (9 JUN).html
1931,Daily,2026-06-10,REGIS REPORT (10 JUN),5,Paolo Garcia,2026-06-10 08:39:36,Paolo Garcia,2026-06-10 09:26:01,Daily/2026/2026-06-10 - REGIS REPORT (10 JUN).html
1932,Daily,2026-06-11,REGIS REPORT (11 JUN),6,Klyne Resullar,2026-06-11 09:40:48,Klyne Resullar,2026-06-11 09:40:48,Daily/2026/2026-06-11 - REGIS REPORT (11 JUN).html
1933,Weekly,2026-06-11,REGIS Week in Review June 11 2026,9,Mio Casano,2025-02-28 09:39:48,Mio Casano,2026-06-11 17:56:08,Weekly/2026/2026-06-11 - REGIS Week in Review June 11 2026.html
1934,Daily,2026-06-15,REGIS REPORT (15 JUN),6,Paolo Garcia,2026-06-15 08:22:13,Paolo Garcia,2026-06-15 08:22:13,Daily/2026/2026-06-15 - REGIS REPORT (15 JUN).html
1935,Daily,2026-06-16,REGIS REPORT (16 JUN),9,Paolo Garcia,2026-06-16 08:49:10,Paolo Garcia,2026-06-16 08:49:10,Daily/2026/2026-06-16 - REGIS REPORT (16 JUN).html
1936,Daily,2026-06-17,REGIS REPORT (17 JUN),6,Paolo Garcia,2026-06-17 08:36:39,Paolo Garcia,2026-06-17 08:36:39,Daily/2026/2026-06-17 - REGIS REPORT (17 JUN).html
1937,Daily,2026-06-18,REGIS REPORT (18 JUN),6,Paolo Garcia,2026-06-18 08:51:46,Paolo Garcia,2026-06-18 08:51:46,Daily/2026/2026-06-18 - REGIS REPORT (18 JUN).html
1938,Daily,2026-06-19,REGIS REPORT (19 JUN),4,Paolo Garcia,2026-06-19 08:20:37,Paolo Garcia,2026-06-19 09:24:06,Daily/2026/2026-06-19 - REGIS REPORT (19 JUN).html
1939,Weekly,2026-06-19,REGIS Week in Review June 19 2026,8,Mio Casano,2025-02-28 09:39:48,Patricia Tamase,2026-06-19 09:46:22,Weekly/2026/2026-06-19 - REGIS Week in Review June 19 2026.html
1940,Daily,2026-06-22,REGIS REPORT (22 JUN),6,Paolo Garcia,2026-06-22 08:34:46,Paolo Garcia,2026-06-22 08:34:46,Daily/2026/2026-06-22 - REGIS REPORT (22 JUN).html
1941,Daily,2026-06-23,REGIS REPORT (23 JUN),6,Paolo Garcia,2026-06-23 08:50:37,Paolo Garcia,2026-06-23 08:50:37,Daily/2026/2026-06-23 - REGIS REPORT (23 JUN).html
1942,Daily,2026-06-24,REGIS REPORT (24 JUN),3,Paolo Garcia,2026-06-24 09:37:51,Paolo Garcia,2026-06-24 09:37:51,Daily/2026/2026-06-24 - REGIS REPORT (24 JUN).html
1943,Daily,2026-06-25,REGIS REPORT (25 JUN),6,Paolo Garcia,2026-06-25 08:46:46,Paolo Garcia,2026-06-25 08:46:46,Daily/2026/2026-06-25 - REGIS REPORT (25 JUN).html
1944,Daily,2026-06-26,REGIS REPORT (26 JUN),4,Paolo Garcia,2026-06-26 08:43:20,Paolo Garcia,2026-06-26 09:33:33,Daily/2026/2026-06-26 - REGIS REPORT (26 JUN).html
1946,Weekly,2026-06-26,REGIS Week in Review June 26 2026,10,Mio Casano,2025-02-28 09:39:48,Mio Casano,2026-06-26 11:29:25,Weekly/2026/2026-06-26 - REGIS Week in Review June 26 2026.html
1947,Daily,2026-06-29,REGIS REPORT (29 JUN),7,Paolo Garcia,2026-06-29 09:12:16,Paolo Garcia,2026-06-29 09:12:16,Daily/2026/2026-06-29 - REGIS REPORT (29 JUN).html
1948,Daily,2026-06-30,REGIS REPORT (30 JUN),5,Paolo Garcia,2026-06-30 08:53:56,Paolo Garcia,2026-06-30 09:40:28,Daily/2026/2026-06-30 - REGIS REPORT (30 JUN).html
1949,Monthly,2026-06-30,REGIS: Month in Review - JUNE 2026,5,Regis CMS,2023-06-06 07:46:56,Patricia Tamase,2026-07-01 14:57:34,Monthly/2026/2026-06-30 - REGIS- Month in Review - JUNE 2026.html
1950,Daily,2026-07-01,REGIS REPORT (1 JUL),7,Paolo Garcia,2026-07-01 08:42:03,Paolo Garcia,2026-07-01 09:50:01,Daily/2026/2026-07-01 - REGIS REPORT (1 JUL).html
1951,Daily,2026-07-02,REGIS REPORT (2 JUL),5,Paolo Garcia,2026-07-02 09:03:41,Paolo Garcia,2026-07-02 09:03:41,Daily/2026/2026-07-02 - REGIS REPORT (2 JUL).html
1952,Daily,2026-07-03,REGIS REPORT (3 JUL),4,Paolo Garcia,2026-07-03 08:55:43,Paolo Garcia,2026-07-03 09:29:37,Daily/2026/2026-07-03 - REGIS REPORT (3 JUL).html
1953,Weekly,2026-07-03,REGIS Week in Review July 3 2026,10,Mio Casano,2025-02-28 09:39:48,Patricia Tamase,2026-07-03 09:19:24,Weekly/2026/2026-07-03 - REGIS Week in Review July 3 2026.html
1954,Daily,2026-07-06,REGIS REPORT (6 JUL),7,Paolo Garcia,2026-07-06 08:59:11,Paolo Garcia,2026-07-06 08:59:11,Daily/2026/2026-07-06 - REGIS REPORT (6 JUL).html
1955,Daily,2026-07-07,REGIS REPORT (7 JUL),4,Paolo Garcia,2026-07-07 08:19:21,Paolo Garcia,2026-07-07 09:23:14,Daily/2026/2026-07-07 - REGIS REPORT (7 JUL).html
1956,Daily,2026-07-08,REGIS REPORT (8 JUL),5,Paolo Garcia,2026-07-08 08:29:54,Paolo Garcia,2026-07-08 09:16:13,Daily/2026/2026-07-08 - REGIS REPORT (8 JUL).html
1957,Daily,2026-07-09,REGIS REPORT (9 JUL),8,Paolo Garcia,2026-07-09 08:48:21,Paolo Garcia,2026-07-09 10:02:08,Daily/2026/2026-07-09 - REGIS REPORT (9 JUL).html
1958,Daily,2026-07-10,REGIS REPORT (10 JUL),8,Paolo Garcia,2026-07-10 08:19:47,Paolo Garcia,2026-07-10 08:19:47,Daily/2026/2026-07-10 - REGIS REPORT (10 JUL).html
1959,Weekly,2026-07-10,REGIS Week in Review July 10 2026,10,Mio Casano,2025-02-28 09:39:48,Patricia Tamase,2026-07-10 11:58:30,Weekly/2026/2026-07-10 - REGIS Week in Review July 10 2026.html
1960,Daily,2026-07-13,REGIS REPORT (13 JUL),6,Paolo Garcia,2026-07-13 08:45:17,Paolo Garcia,2026-07-13 08:45:17,Daily/2026/2026-07-13 - REGIS REPORT (13 JUL).html
1961,Daily,2026-07-14,REGIS REPORT (14 JUL),4,Paolo Garcia,2026-07-14 08:19:48,Paolo Garcia,2026-07-14 09:21:27,Daily/2026/2026-07-14 - REGIS REPORT (14 JUL).html
1962,Daily,2026-07-15,REGIS REPORT (15 JUL),8,Paolo Garcia,2026-07-15 08:51:34,Paolo Garcia,2026-07-15 08:51:34,Daily/2026/2026-07-15 - REGIS REPORT (15 JUL).html
1963,Daily,2026-07-16,REGIS REPORT (16 JUL),6,Paolo Garcia,2026-07-16 08:46:19,Paolo Garcia,2026-07-16 08:46:19,Daily/2026/2026-07-16 - REGIS REPORT (16 JUL).html
1964,Daily,2026-07-17,REGIS REPORT (17 JUL),6,Paolo Garcia,2026-07-17 09:16:04,Paolo Garcia,2026-07-17 09:16:04,Daily/2026/2026-07-17 - REGIS REPORT (17 JUL).html
1965,Weekly,2026-07-17,REGIS Week in Review July 17 2026,8,Mio Casano,2025-02-28 09:39:48,Patricia Tamase,2026-07-17 14:24:15,Weekly/2026/2026-07-17 - REGIS Week in Review July 17 2026.html
1966,Daily,2026-07-20,REGIS REPORT (20 JUL),4,Klyne Resullar,2026-07-20 09:02:39,Klyne Resullar,2026-07-20 09:02:39,Daily/2026/2026-07-20 - REGIS REPORT (20 JUL).html
1967,Daily,2026-07-21,REGIS REPORT (21 JUL),5,Paolo Garcia,2026-07-21 09:15:57,Paolo Garcia,2026-07-21 09:15:57,Daily/2026/2026-07-21 - REGIS REPORT (21 JUL).html
1968,Daily,2026-07-22,REGIS REPORT (22 JUL),3,Paolo Garcia,2026-07-22 09:00:55,Paolo Garcia,2026-07-22 09:00:55,Daily/2026/2026-07-22 - REGIS REPORT (22 JUL).html
1969,Daily,2026-07-23,REGIS REPORT (23 JUL),3,Paolo Garcia,2026-07-23 09:02:19,Paolo Garcia,2026-07-23 09:02:19,Daily/2026/2026-07-23 - REGIS REPORT (23 JUL).html
1970,Daily,2026-07-24,REGIS REPORT (24 JUL),4,Paolo Garcia,2026-07-24 09:13:32,Paolo Garcia,2026-07-24 09:13:32,Daily/2026/2026-07-24 - REGIS REPORT (24 JUL).html
1971,Weekly,2026-07-24,REGIS Week in Review July 24 2026,8,Mio Casano,2025-02-28 09:39:48,Patricia Tamase,2026-07-24 11:09:39,Weekly/2026/2026-07-24 - REGIS Week in Review July 24 2026.html
1972,Daily,2026-07-27,REGIS REPORT (27 JUL),6,Paolo Garcia,2026-07-27 09:10:03,Paolo Garcia,2026-07-27 09:10:03,Daily/2026/2026-07-27 - REGIS REPORT (27 JUL).html
1973,Daily,2026-07-28,REGIS REPORT (28 JUL),7,Paolo Garcia,2026-07-28 08:55:51,Paolo Garcia,2026-07-28 08:55:51,Daily/2026/2026-07-28 - REGIS REPORT (28 JUL).html
1974,Daily,2026-07-29,REGIS REPORT (29 JUL),5,Paolo Garcia,2026-07-29 08:38:23,Paolo Garcia,2026-07-29 08:38:23,Daily/2026/2026-07-29 - REGIS REPORT (29 JUL).html
1975,Daily,2026-07-30,REGIS REPORT (30 JUL),5,Paolo Garcia,2026-07-30 09:17:21,Paolo Garcia,2026-07-30 09:17:21,Daily/2026/2026-07-30 - REGIS REPORT (30 JUL).html
1976,Weekly,2026-07-31,REGIS Week in Review July 31 2026,13,Mio Casano,2025-02-28 09:39:48,Patricia Tamase,2026-07-31 08:54:29,Weekly/2026/2026-07-31 - REGIS Week in Review July 31 2026.html
1977,Daily,2026-07-31,REGIS REPORT (31 JUL),9,Paolo Garcia,2026-07-31 08:58:25,Paolo Garcia,2026-07-31 08:58:25,Daily/2026/2026-07-31 - REGIS REPORT (31 JUL).html
1979,Monthly,2026-07-31,REGIS: Month in Review - JULY 2026,5,Regis CMS,2023-06-06 07:46:56,Patricia Tamase,2026-08-03 11:57:31,Monthly/2026/2026-07-31 - REGIS- Month in Review - JULY 2026.html
1978,Daily,2026-08-03,REGIS REPORT (3 AUG),9,Paolo Garcia,2026-08-03 09:20:10,Paolo Garcia,2026-08-03 09:20:10,Daily/2026/2026-08-03 - REGIS REPORT (3 AUG).html
1980,Daily,2026-08-04,REGIS REPORT (4 AUG),3,Paolo Garcia,2026-08-04 09:22:57,Paolo Garcia,2026-08-04 09:44:21,Daily/2026/2026-08-04 - REGIS REPORT (4 AUG).html
1981,Daily,2026-08-05,REGIS REPORT (5 AUG),4,Paolo Garcia,2026-08-05 09:42:59,Paolo Garcia,2026-08-05 09:42:59,Daily/2026/2026-08-05 - REGIS REPORT (5 AUG).html
1982,Daily,2026-08-06,REGIS REPORT (6 AUG),3,Paolo Garcia,2026-08-06 08:55:21,Paolo Garcia,2026-08-06 08:55:21,Daily/2026/2026-08-06 - REGIS REPORT (6 AUG).html
1983,Daily,2026-08-07,REGIS REPORT (7 AUG),5,Paolo Garcia,2026-08-07 08:52:04,Paolo Garcia,2026-08-07 08:52:04,Daily/2026/2026-08-07 - REGIS REPORT (7 AUG).html
1984,Weekly,2026-08-07,REGIS Week in Review August 7 2026,16,Mio Casano,2025-02-28 09:39:48,Patricia Tamase,2026-08-07 09:40:48,Weekly/2026/2026-08-07 - REGIS Week in Review August 7 2026.html
1985,Daily,2026-08-10,REGIS REPORT (10 AUG),9,Paolo Garcia,2026-08-10 09:05:10,Paolo Garcia,2026-08-10 10:26:42,Daily/2026/2026-08-10 - REGIS REPORT (10 AUG).html
1986,Daily,2026-08-11,REGIS REPORT (11 AUG),11,Paolo Garcia,2026-08-11 09:12:20,Paolo Garcia,2026-08-11 09:12:20,Daily/2026/2026-08-11 - REGIS REPORT (11 AUG).html
1987,Daily,2026-08-12,REGIS REPORT (12 AUG),6,Paolo Garcia,2026-08-12 09:41:05,Paolo Garcia,2026-08-12 09:41:05,Daily/2026/2026-08-12 - REGIS REPORT (12 AUG).html
1988,Daily,2026-08-13,REGIS REPORT (13 AUG),8,Paolo Garcia,2026-08-13 09:23:42,Paolo Garcia,2026-08-13 09:23:42,Daily/2026/2026-08-13 - REGIS REPORT (13 AUG).html
1989,Daily,2026-08-14,REGIS REPORT (14 AUG),7,Paolo Garcia,2026-08-14 08:52:33,Paolo Garcia,2026-08-14 08:52:33,Daily/2026/2026-08-14 - REGIS REPORT (14 AUG).html
1990,Weekly,2026-08-14,REGIS Week in Review August 14 2026,19,Mio Casano,2025-02-28 09:39:48,Patricia Tamase,2026-08-14 11:15:02,Weekly/2026/2026-08-14 - REGIS Week in Review August 14 2026.html
1991,Daily,2026-08-17,REGIS REPORT (17 AUG),6,Paolo Garcia,2026-08-17 09:31:36,Paolo Garcia,2026-08-17 09:31:36,Daily/2026/2026-08-17 - REGIS REPORT (17 AUG).html
1992,Daily,2026-08-18,REGIS REPORT (18 AUG),5,Paolo Garcia,2026-08-18 08:55:06,Paolo Garcia,2026-08-18 08:55:06,Daily/2026/2026-08-18 - REGIS REPORT (18 AUG).html
1993,Daily,2026-08-19,REGIS REPORT (19 AUG),4,Paolo Garcia,2026-08-19 08:47:04,Paolo Garcia,2026-08-19 08:47:04,Daily/2026/2026-08-19 - REGIS REPORT (19 AUG).html
1994,Daily,2026-08-20,REGIS REPORT (20 AUG),5,Paolo Garcia,2026-08-20 08:39:04,Paolo Garcia,2026-08-20 09:45:07,Daily/2026/2026-08-20 - REGIS REPORT (20 AUG).html
1995,Weekly,2026-08-20,REGIS Week in Review August 20 2026,14,Mio Casano,2025-02-28 09:39:48,Patricia Tamase,2026-08-20 09:58:27,Weekly/2026/2026-08-20 - REGIS Week in Review August 20 2026.html
1996,Daily,2026-08-24,REGIS REPORT (24 AUG),6,Paolo Garcia,2026-08-24 08:34:26,Paolo Garcia,2026-08-24 08:34:26,Daily/2026/2026-08-24 - REGIS REPORT (24 AUG).html
1997,Daily,2026-08-25,REGIS REPORT (25 AUG),6,Paolo Garcia,2026-08-25 08:46:15,Paolo Garcia,2026-08-25 08:46:15,Daily/2026/2026-08-25 - REGIS REPORT (25 AUG).html
1999,Daily,2026-08-26,REGIS REPORT (26 AUG),5,Paolo Garcia,2026-08-26 08:34:41,Paolo Garcia,2026-08-26 08:34:41,Daily/2026/2026-08-26 - REGIS REPORT (26 AUG).html
2000,Daily,2026-08-27,REGIS REPORT (27 AUG),5,Paolo Garcia,2026-08-27 08:43:11,Paolo Garcia,2026-08-27 08:43:11,Daily/2026/2026-08-27 - REGIS REPORT (27 AUG).html
2001,Daily,2026-08-28,REGIS REPORT (28 AUG),6,Paolo Garcia,2026-08-28 08:55:59,Paolo Garcia,2026-08-28 08:55:59,Daily/2026/2026-08-28 - REGIS REPORT (28 AUG).html
2002,Weekly,2026-08-28,REGIS Week in Review August 28 2026,8,Mio Casano,2025-02-28 09:39:48,Patricia Tamase,2026-08-28 09:50:43,Weekly/2026/2026-08-28 - REGIS Week in Review August 28 2026.html
2003,Monthly,2026-08-28,REGIS: Month in Review - AUGUST 2026,5,Regis CMS,2023-06-06 07:46:56,Patricia Tamase,2026-09-01 16:09:18,Monthly/2026/2026-08-28 - REGIS- Month in Review - AUGUST 2026.html
2004,Daily,2026-09-02,REGIS REPORT (2 SEP),5,Paolo Garcia,2026-09-02 08:53:55,Paolo Garcia,2026-09-02 08:53:55,Daily/2026/2026-09-02 - REGIS REPORT (2 SEP).html
2005,Daily,2026-09-03,REGIS REPORT (3 SEP),6,Paolo Garcia,2026-09-03 09:17:44,Paolo Garcia,2026-09-03 09:17:44,Daily/2026/2026-09-03 - REGIS REPORT (3 SEP).html
2006,Daily,2026-09-04,REGIS REPORT (4 SEP),5,Paolo Garcia,2026-09-04 09:51:02,Paolo Garcia,2026-09-04 09:51:02,Daily/2026/2026-09-04 - REGIS REPORT (4 SEP).html
2007,Weekly,2026-09-04,REGIS Week in Review September 4 2026,12,Mio Casano,2025-02-28 09:39:48,Patricia Tamase,2026-09-04 11:06:41,Weekly/2026/2026-09-04 - REGIS Week in Review September 4 2026.html
2008,Daily,2026-09-07,REGIS REPORT (7 SEP),5,Paolo Garcia,2026-09-07 08:36:38,Paolo Garcia,2026-09-07 08:36:38,Daily/2026/2026-09-07 - REGIS REPORT (7 SEP).html
2009,Daily,2026-09-08,REGIS REPORT (8 SEP),6,Paolo Garcia,2026-09-08 08:46:17,Paolo Garcia,2026-09-08 08:46:17,Daily/2026/2026-09-08 - REGIS REPORT (8 SEP).html
2010,Daily,2026-09-09,REGIS REPORT (9 SEP),5,Paolo Garcia,2026-09-09 09:34:09,Paolo Garcia,2026-09-09 09:34:09,Daily/2026/2026-09-09 - REGIS REPORT (9 SEP).html
2011,Daily,2026-09-10,REGIS REPORT (10 SEP),4,Paolo Garcia,2026-09-10 09:24:46,Paolo Garcia,2026-09-10 09:24:46,Daily/2026/2026-09-10 - REGIS REPORT (10 SEP).html
2012,Daily,2026-09-11,REGIS REPORT (11 SEP),7,Paolo Garcia,2026-09-11 08:39:34,Paolo Garcia,2026-09-11 08:39:34,Daily/2026/2026-09-11 - REGIS REPORT (11 SEP).html
2013,Weekly,2026-09-11,REGIS Week in Review September 11 2026,9,Mio Casano,2025-02-28 09:39:48,Patricia Tamase,2026-09-11 11:37:48,Weekly/2026/2026-09-11 - REGIS Week in Review September 11 2026.html
2015,Daily,2026-09-14,REGIS REPORT (14 SEP),5,Paolo Garcia,2026-09-14 09:06:56,Paolo Garcia,2026-09-14 09:06:56,Daily/2026/2026-09-14 - REGIS REPORT (14 SEP).html
